timestamp, index, temperature.gpu, clocks.current.sm [MHz], power.draw [W], utilization.gpu [%], memory.used [MiB]
2026/10/02 20:37:21.284, 0, 42, 405 MHz, 26.13 W, 0 %, 0 MiB
2026/10/02 20:37:21.288, 1, 50, 405 MHz, 27.55 W, 0 %, 0 MiB
2026/10/02 20:37:21.291, 2, 38, 405 MHz, 27.05 W, 0 %, 0 MiB
2026/10/02 20:37:22.294, 0, 42, 405 MHz, 26.13 W, 0 %, 0 MiB
2026/10/02 20:37:22.301, 1, 50, 405 MHz, 27.56 W, 0 %, 0 MiB
2026/10/02 20:37:22.304, 2, 38, 405 MHz, 27.07 W, 0 %, 0 MiB
2026/10/02 20:37:23.307, 0, 42, 405 MHz, 26.13 W, 0 %, 0 MiB
2026/10/02 20:37:23.310, 1, 50, 405 MHz, 27.57 W, 0 %, 0 MiB
2026/10/02 20:37:23.313, 2, 38, 405 MHz, 27.07 W, 0 %, 0 MiB
2026/10/02 20:37:24.316, 0, 42, 1189 MHz, 32.05 W, 2 %, 259 MiB
2026/10/02 20:37:24.321, 1, 50, 405 MHz, 27.32 W, 0 %, 11 MiB
2026/10/02 20:37:24.324, 2, 38, 405 MHz, 27.05 W, 0 %, 3 MiB
2026/10/02 20:37:25.327, 0, 42, 1189 MHz, 32.29 W, 0 %, 259 MiB
2026/10/02 20:37:25.331, 1, 50, 1189 MHz, 33.94 W, 0 %, 259 MiB
2026/10/02 20:37:25.333, 2, 38, 1189 MHz, 32.03 W, 0 %, 259 MiB
2026/10/02 20:37:26.337, 0, 42, 1189 MHz, 32.29 W, 0 %, 259 MiB
2026/10/02 20:37:26.340, 1, 50, 1189 MHz, 34.18 W, 0 %, 259 MiB
2026/10/02 20:37:26.347, 2, 38, 1189 MHz, 32.01 W, 0 %, 259 MiB
2026/10/02 20:37:27.350, 0, 42, 1189 MHz, 32.29 W, 0 %, 259 MiB
2026/10/02 20:37:27.353, 1, 50, 1189 MHz, 33.71 W, 0 %, 259 MiB
2026/10/02 20:37:27.356, 2, 38, 1189 MHz, 32.01 W, 0 %, 259 MiB
2026/10/02 20:37:28.359, 0, 42, 1189 MHz, 32.29 W, 0 %, 259 MiB
2026/10/02 20:37:28.363, 1, 50, 1189 MHz, 33.71 W, 0 %, 259 MiB
2026/10/02 20:37:28.366, 2, 38, 1189 MHz, 32.03 W, 0 %, 259 MiB
2026/10/02 20:37:29.369, 0, 42, 1189 MHz, 32.29 W, 0 %, 259 MiB
2026/10/02 20:37:29.372, 1, 50, 1189 MHz, 33.71 W, 0 %, 259 MiB
2026/10/02 20:37:29.375, 2, 38, 1189 MHz, 32.01 W, 0 %, 259 MiB
2026/10/02 20:37:30.378, 0, 42, 1189 MHz, 32.29 W, 0 %, 259 MiB
2026/10/02 20:37:30.381, 1, 50, 1189 MHz, 33.71 W, 0 %, 259 MiB
2026/10/02 20:37:30.387, 2, 38, 1189 MHz, 32.01 W, 0 %, 259 MiB
2026/10/02 20:37:31.390, 0, 42, 1189 MHz, 32.05 W, 0 %, 259 MiB
2026/10/02 20:37:31.396, 1, 50, 1189 MHz, 33.47 W, 0 %, 259 MiB
2026/10/02 20:37:31.399, 2, 38, 1189 MHz, 32.01 W, 0 %, 259 MiB
2026/10/02 20:37:32.402, 0, 42, 1189 MHz, 32.05 W, 0 %, 259 MiB
2026/10/02 20:37:32.405, 1, 50, 1189 MHz, 33.47 W, 0 %, 259 MiB
2026/10/02 20:37:32.408, 2, 38, 1189 MHz, 32.01 W, 0 %, 259 MiB
2026/10/02 20:37:33.411, 0, 42, 1189 MHz, 32.05 W, 0 %, 259 MiB
2026/10/02 20:37:33.415, 1, 50, 1189 MHz, 33.47 W, 0 %, 259 MiB
2026/10/02 20:37:33.418, 2, 38, 1189 MHz, 32.01 W, 0 %, 259 MiB
2026/10/02 20:37:34.421, 0, 42, 1189 MHz, 32.05 W, 0 %, 259 MiB
2026/10/02 20:37:34.424, 1, 50, 1189 MHz, 33.47 W, 0 %, 259 MiB
2026/10/02 20:37:34.427, 2, 38, 1189 MHz, 32.01 W, 0 %, 259 MiB
2026/10/02 20:37:35.430, 0, 42, 1189 MHz, 31.81 W, 0 %, 259 MiB
2026/10/02 20:37:35.433, 1, 50, 1189 MHz, 33.47 W, 0 %, 259 MiB
2026/10/02 20:37:35.436, 2, 38, 1189 MHz, 32.01 W, 0 %, 259 MiB
2026/10/02 20:37:36.439, 0, 41, 1189 MHz, 32.05 W, 0 %, 259 MiB
2026/10/02 20:37:36.442, 1, 50, 1189 MHz, 33.47 W, 0 %, 259 MiB
2026/10/02 20:37:36.445, 2, 38, 1189 MHz, 32.01 W, 0 %, 259 MiB
2026/10/02 20:37:37.448, 0, 41, 1189 MHz, 32.05 W, 0 %, 259 MiB
2026/10/02 20:37:37.452, 1, 49, 1189 MHz, 33.47 W, 0 %, 259 MiB
2026/10/02 20:37:37.455, 2, 38, 1189 MHz, 32.01 W, 0 %, 259 MiB
2026/10/02 20:37:38.458, 0, 41, 1189 MHz, 32.05 W, 0 %, 259 MiB
2026/10/02 20:37:38.461, 1, 49, 1189 MHz, 33.47 W, 0 %, 259 MiB
2026/10/02 20:37:38.464, 2, 38, 1189 MHz, 32.25 W, 0 %, 259 MiB
2026/10/02 20:37:39.467, 0, 41, 1189 MHz, 32.05 W, 0 %, 259 MiB
2026/10/02 20:37:39.470, 1, 49, 1189 MHz, 33.47 W, 0 %, 259 MiB
2026/10/02 20:37:39.473, 2, 38, 1189 MHz, 32.03 W, 0 %, 259 MiB
2026/10/02 20:37:40.476, 0, 41, 1189 MHz, 32.05 W, 0 %, 259 MiB
2026/10/02 20:37:40.479, 1, 49, 1189 MHz, 33.47 W, 0 %, 259 MiB
2026/10/02 20:37:40.482, 2, 38, 1189 MHz, 32.01 W, 0 %, 259 MiB
2026/10/02 20:37:41.485, 0, 41, 1189 MHz, 32.05 W, 0 %, 259 MiB
2026/10/02 20:37:41.489, 1, 49, 1189 MHz, 33.47 W, 0 %, 259 MiB
2026/10/02 20:37:41.492, 2, 38, 1189 MHz, 32.01 W, 0 %, 259 MiB
2026/10/02 20:37:42.495, 0, 41, 1189 MHz, 32.05 W, 0 %, 259 MiB
2026/10/02 20:37:42.498, 1, 49, 1189 MHz, 33.71 W, 0 %, 259 MiB
2026/10/02 20:37:42.501, 2, 38, 1189 MHz, 32.01 W, 0 %, 259 MiB
2026/10/02 20:37:43.504, 0, 41, 1189 MHz, 32.05 W, 0 %, 259 MiB
2026/10/02 20:37:43.507, 1, 49, 1189 MHz, 33.47 W, 0 %, 259 MiB
2026/10/02 20:37:43.510, 2, 38, 1189 MHz, 32.01 W, 0 %, 259 MiB
2026/10/02 20:37:44.513, 0, 41, 1189 MHz, 32.05 W, 0 %, 259 MiB
2026/10/02 20:37:44.516, 1, 49, 1189 MHz, 33.47 W, 0 %, 259 MiB
2026/10/02 20:37:44.519, 2, 38, 1189 MHz, 32.01 W, 0 %, 259 MiB
2026/10/02 20:37:45.524, 0, 41, 1189 MHz, 32.05 W, 0 %, 259 MiB
2026/10/02 20:37:45.527, 1, 49, 1189 MHz, 33.71 W, 0 %, 259 MiB
2026/10/02 20:37:45.530, 2, 38, 1189 MHz, 32.26 W, 0 %, 259 MiB
2026/10/02 20:37:46.533, 0, 41, 1189 MHz, 32.05 W, 0 %, 259 MiB
2026/10/02 20:37:46.536, 1, 49, 1189 MHz, 33.71 W, 0 %, 259 MiB
2026/10/02 20:37:46.539, 2, 38, 1189 MHz, 32.01 W, 0 %, 259 MiB
2026/10/02 20:37:47.543, 0, 41, 1189 MHz, 32.05 W, 0 %, 259 MiB
2026/10/02 20:37:47.547, 1, 49, 1189 MHz, 33.71 W, 0 %, 259 MiB
2026/10/02 20:37:47.550, 2, 38, 1189 MHz, 32.24 W, 0 %, 259 MiB
2026/10/02 20:37:48.553, 0, 41, 1189 MHz, 32.05 W, 0 %, 259 MiB
2026/10/02 20:37:48.556, 1, 49, 1189 MHz, 33.23 W, 0 %, 259 MiB
2026/10/02 20:37:48.559, 2, 38, 1189 MHz, 32.24 W, 0 %, 259 MiB
2026/10/02 20:37:49.563, 0, 41, 1189 MHz, 32.05 W, 0 %, 259 MiB
2026/10/02 20:37:49.568, 1, 49, 1189 MHz, 33.47 W, 0 %, 259 MiB
2026/10/02 20:37:49.571, 2, 38, 1189 MHz, 32.01 W, 0 %, 259 MiB
2026/10/02 20:37:50.574, 0, 41, 1189 MHz, 32.05 W, 0 %, 259 MiB
2026/10/02 20:37:50.577, 1, 49, 1189 MHz, 33.47 W, 0 %, 259 MiB
2026/10/02 20:37:50.580, 2, 38, 1189 MHz, 32.03 W, 0 %, 259 MiB
2026/10/02 20:37:51.583, 0, 41, 1189 MHz, 32.05 W, 0 %, 259 MiB
2026/10/02 20:37:51.587, 1, 49, 1189 MHz, 33.70 W, 0 %, 259 MiB
2026/10/02 20:37:51.589, 2, 38, 1189 MHz, 32.01 W, 0 %, 259 MiB
2026/10/02 20:37:52.593, 0, 41, 1189 MHz, 31.81 W, 0 %, 259 MiB
2026/10/02 20:37:52.596, 1, 49, 1189 MHz, 33.23 W, 0 %, 259 MiB
2026/10/02 20:37:52.602, 2, 38, 1189 MHz, 32.01 W, 0 %, 259 MiB
2026/10/02 20:37:53.608, 0, 40, 1189 MHz, 32.05 W, 0 %, 259 MiB
2026/10/02 20:37:53.611, 1, 49, 1189 MHz, 33.47 W, 0 %, 259 MiB
2026/10/02 20:37:53.614, 2, 38, 1189 MHz, 32.01 W, 0 %, 259 MiB
2026/10/02 20:37:54.617, 0, 40, 1189 MHz, 32.05 W, 0 %, 259 MiB
2026/10/02 20:37:54.620, 1, 49, 1189 MHz, 33.47 W, 0 %, 259 MiB
2026/10/02 20:37:54.623, 2, 38, 1189 MHz, 32.01 W, 0 %, 259 MiB
2026/10/02 20:37:55.626, 0, 40, 1189 MHz, 32.05 W, 0 %, 259 MiB
2026/10/02 20:37:55.629, 1, 48, 1189 MHz, 33.47 W, 0 %, 259 MiB
2026/10/02 20:37:55.632, 2, 38, 1189 MHz, 32.01 W, 0 %, 259 MiB
2026/10/02 20:37:56.635, 0, 40, 1189 MHz, 32.05 W, 0 %, 259 MiB
2026/10/02 20:37:56.639, 1, 48, 1189 MHz, 33.47 W, 0 %, 259 MiB
2026/10/02 20:37:56.642, 2, 38, 1189 MHz, 32.25 W, 0 %, 259 MiB
2026/10/02 20:37:57.645, 0, 40, 1189 MHz, 31.81 W, 0 %, 259 MiB
2026/10/02 20:37:57.648, 1, 48, 1189 MHz, 33.47 W, 0 %, 259 MiB
2026/10/02 20:37:57.651, 2, 38, 1189 MHz, 32.01 W, 0 %, 259 MiB
2026/10/02 20:37:58.654, 0, 40, 1189 MHz, 31.81 W, 0 %, 259 MiB
2026/10/02 20:37:58.657, 1, 48, 1189 MHz, 33.47 W, 0 %, 259 MiB
2026/10/02 20:37:58.660, 2, 38, 1189 MHz, 32.24 W, 0 %, 259 MiB
2026/10/02 20:37:59.663, 0, 40, 1189 MHz, 31.81 W, 0 %, 259 MiB
2026/10/02 20:37:59.666, 1, 48, 1189 MHz, 33.47 W, 0 %, 259 MiB
2026/10/02 20:37:59.669, 2, 38, 1189 MHz, 32.01 W, 0 %, 259 MiB
2026/10/02 20:38:00.672, 0, 40, 1189 MHz, 32.05 W, 0 %, 259 MiB
2026/10/02 20:38:00.676, 1, 48, 1189 MHz, 33.47 W, 0 %, 259 MiB
2026/10/02 20:38:00.679, 2, 38, 1189 MHz, 32.25 W, 0 %, 259 MiB
2026/10/02 20:38:01.682, 0, 40, 1189 MHz, 31.81 W, 0 %, 259 MiB
2026/10/02 20:38:01.685, 1, 48, 1189 MHz, 33.47 W, 0 %, 259 MiB
2026/10/02 20:38:01.688, 2, 38, 1189 MHz, 32.25 W, 0 %, 259 MiB
2026/10/02 20:38:02.691, 0, 40, 1189 MHz, 31.81 W, 0 %, 259 MiB
2026/10/02 20:38:02.694, 1, 48, 1189 MHz, 33.47 W, 0 %, 259 MiB
2026/10/02 20:38:02.697, 2, 39, 1189 MHz, 32.01 W, 0 %, 259 MiB
2026/10/02 20:38:03.700, 0, 40, 1189 MHz, 31.81 W, 0 %, 259 MiB
2026/10/02 20:38:03.703, 1, 48, 1189 MHz, 33.47 W, 0 %, 259 MiB
2026/10/02 20:38:03.706, 2, 38, 1189 MHz, 32.25 W, 0 %, 259 MiB
2026/10/02 20:38:04.710, 0, 40, 1189 MHz, 31.58 W, 0 %, 259 MiB
2026/10/02 20:38:04.713, 1, 48, 1189 MHz, 33.23 W, 0 %, 259 MiB
2026/10/02 20:38:04.716, 2, 39, 1189 MHz, 32.25 W, 0 %, 259 MiB
2026/10/02 20:38:05.719, 0, 40, 1189 MHz, 31.58 W, 0 %, 259 MiB
2026/10/02 20:38:05.722, 1, 48, 1189 MHz, 33.25 W, 0 %, 259 MiB
2026/10/02 20:38:05.725, 2, 38, 1189 MHz, 32.25 W, 0 %, 259 MiB
2026/10/02 20:38:06.728, 0, 40, 1189 MHz, 31.83 W, 0 %, 259 MiB
2026/10/02 20:38:06.731, 1, 48, 1189 MHz, 33.25 W, 0 %, 259 MiB
2026/10/02 20:38:06.734, 2, 39, 1189 MHz, 32.27 W, 0 %, 259 MiB
2026/10/02 20:38:07.737, 0, 40, 1189 MHz, 31.81 W, 0 %, 259 MiB
2026/10/02 20:38:07.741, 1, 48, 1189 MHz, 33.01 W, 0 %, 259 MiB
2026/10/02 20:38:07.744, 2, 39, 1189 MHz, 32.24 W, 0 %, 259 MiB
2026/10/02 20:38:08.747, 0, 40, 1189 MHz, 31.58 W, 0 %, 259 MiB
2026/10/02 20:38:08.750, 1, 48, 1189 MHz, 32.99 W, 0 %, 259 MiB
2026/10/02 20:38:08.753, 2, 38, 1189 MHz, 32.01 W, 0 %, 259 MiB
2026/10/02 20:38:09.756, 0, 40, 1189 MHz, 31.58 W, 0 %, 259 MiB
2026/10/02 20:38:09.759, 1, 48, 1189 MHz, 33.23 W, 0 %, 259 MiB
2026/10/02 20:38:09.762, 2, 39, 1189 MHz, 32.48 W, 0 %, 259 MiB
2026/10/02 20:38:10.766, 0, 40, 1189 MHz, 31.58 W, 0 %, 259 MiB
2026/10/02 20:38:10.770, 1, 48, 1189 MHz, 33.23 W, 0 %, 259 MiB
2026/10/02 20:38:10.775, 2, 39, 1189 MHz, 32.25 W, 0 %, 259 MiB
2026/10/02 20:38:11.778, 0, 40, 1189 MHz, 31.58 W, 0 %, 259 MiB
2026/10/02 20:38:11.781, 1, 48, 1189 MHz, 33.23 W, 0 %, 259 MiB
2026/10/02 20:38:11.784, 2, 39, 1189 MHz, 32.25 W, 0 %, 259 MiB
2026/10/02 20:38:12.787, 0, 40, 1189 MHz, 31.81 W, 0 %, 259 MiB
2026/10/02 20:38:12.790, 1, 48, 1189 MHz, 33.23 W, 0 %, 259 MiB
2026/10/02 20:38:12.793, 2, 39, 1189 MHz, 32.22 W, 0 %, 259 MiB
2026/10/02 20:38:13.794, 0, 40, 1189 MHz, 31.81 W, 0 %, 259 MiB
2026/10/02 20:38:13.797, 1, 48, 1189 MHz, 33.23 W, 0 %, 259 MiB
2026/10/02 20:38:13.800, 2, 39, 1189 MHz, 32.48 W, 0 %, 259 MiB
2026/10/02 20:38:14.803, 0, 40, 1189 MHz, 31.58 W, 0 %, 259 MiB
2026/10/02 20:38:14.808, 1, 48, 1189 MHz, 32.99 W, 0 %, 259 MiB
2026/10/02 20:38:14.811, 2, 39, 1189 MHz, 32.48 W, 0 %, 259 MiB
2026/10/02 20:38:15.814, 0, 40, 1189 MHz, 31.81 W, 0 %, 259 MiB
2026/10/02 20:38:15.817, 1, 48, 1189 MHz, 32.99 W, 0 %, 259 MiB
2026/10/02 20:38:15.820, 2, 39, 1189 MHz, 32.25 W, 0 %, 259 MiB
2026/10/02 20:38:16.823, 0, 39, 1189 MHz, 31.81 W, 0 %, 259 MiB
2026/10/02 20:38:16.827, 1, 48, 1189 MHz, 32.99 W, 0 %, 259 MiB
2026/10/02 20:38:16.830, 2, 39, 1189 MHz, 32.24 W, 0 %, 259 MiB
2026/10/02 20:38:17.836, 0, 39, 1189 MHz, 31.81 W, 0 %, 259 MiB
2026/10/02 20:38:17.839, 1, 48, 1189 MHz, 32.99 W, 0 %, 259 MiB
2026/10/02 20:38:17.842, 2, 39, 1189 MHz, 32.24 W, 0 %, 259 MiB
2026/10/02 20:38:18.845, 0, 39, 1189 MHz, 31.81 W, 0 %, 259 MiB
2026/10/02 20:38:18.848, 1, 47, 1189 MHz, 33.23 W, 0 %, 259 MiB
2026/10/02 20:38:18.853, 2, 39, 1189 MHz, 32.24 W, 0 %, 259 MiB
2026/10/02 20:38:19.856, 0, 39, 1189 MHz, 31.58 W, 0 %, 259 MiB
2026/10/02 20:38:19.859, 1, 47, 1189 MHz, 33.23 W, 0 %, 259 MiB
2026/10/02 20:38:19.862, 2, 39, 1189 MHz, 32.48 W, 0 %, 259 MiB
2026/10/02 20:38:20.865, 0, 39, 1189 MHz, 31.81 W, 0 %, 259 MiB
2026/10/02 20:38:20.868, 1, 47, 1189 MHz, 33.23 W, 0 %, 259 MiB
2026/10/02 20:38:20.872, 2, 39, 1189 MHz, 32.48 W, 0 %, 259 MiB
2026/10/02 20:38:21.875, 0, 39, 1189 MHz, 31.59 W, 0 %, 259 MiB
2026/10/02 20:38:21.878, 1, 47, 1189 MHz, 33.23 W, 0 %, 259 MiB
2026/10/02 20:38:21.881, 2, 39, 1189 MHz, 32.25 W, 0 %, 259 MiB
2026/10/02 20:38:22.884, 0, 39, 1189 MHz, 31.34 W, 0 %, 259 MiB
2026/10/02 20:38:22.887, 1, 47, 1189 MHz, 33.23 W, 0 %, 259 MiB
2026/10/02 20:38:22.890, 2, 39, 1189 MHz, 32.48 W, 0 %, 259 MiB
2026/10/02 20:38:23.894, 0, 39, 1189 MHz, 31.81 W, 0 %, 259 MiB
2026/10/02 20:38:23.897, 1, 47, 1189 MHz, 33.23 W, 0 %, 259 MiB
2026/10/02 20:38:23.900, 2, 39, 1189 MHz, 32.48 W, 0 %, 259 MiB
2026/10/02 20:38:24.903, 0, 39, 1189 MHz, 31.58 W, 0 %, 259 MiB
2026/10/02 20:38:24.906, 1, 47, 1189 MHz, 33.23 W, 0 %, 259 MiB
2026/10/02 20:38:24.909, 2, 39, 1189 MHz, 32.24 W, 0 %, 259 MiB
2026/10/02 20:38:25.912, 0, 39, 1189 MHz, 31.57 W, 0 %, 259 MiB
2026/10/02 20:38:25.916, 1, 47, 1189 MHz, 33.23 W, 0 %, 259 MiB
2026/10/02 20:38:25.919, 2, 39, 1189 MHz, 32.48 W, 0 %, 259 MiB
2026/10/02 20:38:26.922, 0, 39, 1189 MHz, 31.34 W, 0 %, 259 MiB
2026/10/02 20:38:26.925, 1, 47, 1189 MHz, 33.23 W, 0 %, 259 MiB
2026/10/02 20:38:26.928, 2, 39, 1189 MHz, 32.25 W, 0 %, 259 MiB
2026/10/02 20:38:27.931, 0, 39, 1189 MHz, 31.34 W, 0 %, 259 MiB
2026/10/02 20:38:27.935, 1, 47, 1189 MHz, 33.23 W, 0 %, 259 MiB
2026/10/02 20:38:27.939, 2, 39, 1189 MHz, 32.25 W, 0 %, 259 MiB
2026/10/02 20:38:28.942, 0, 39, 1189 MHz, 31.58 W, 0 %, 259 MiB
2026/10/02 20:38:28.945, 1, 47, 1189 MHz, 32.99 W, 0 %, 259 MiB
2026/10/02 20:38:28.948, 2, 39, 1189 MHz, 32.48 W, 0 %, 259 MiB
2026/10/02 20:38:29.951, 0, 39, 1189 MHz, 31.34 W, 0 %, 259 MiB
2026/10/02 20:38:29.954, 1, 47, 1189 MHz, 33.01 W, 0 %, 259 MiB
2026/10/02 20:38:29.957, 2, 39, 1189 MHz, 32.50 W, 0 %, 259 MiB
2026/10/02 20:38:30.960, 0, 39, 1189 MHz, 31.58 W, 0 %, 259 MiB
2026/10/02 20:38:30.965, 1, 47, 1189 MHz, 32.99 W, 0 %, 259 MiB
2026/10/02 20:38:30.968, 2, 39, 1189 MHz, 32.48 W, 0 %, 259 MiB
2026/10/02 20:38:31.971, 0, 39, 1189 MHz, 31.34 W, 0 %, 259 MiB
2026/10/02 20:38:31.975, 1, 47, 1189 MHz, 33.01 W, 0 %, 259 MiB
2026/10/02 20:38:31.978, 2, 39, 1189 MHz, 32.25 W, 0 %, 259 MiB
2026/10/02 20:38:32.981, 0, 39, 1189 MHz, 31.34 W, 0 %, 259 MiB
2026/10/02 20:38:32.984, 1, 47, 1189 MHz, 32.99 W, 0 %, 259 MiB
2026/10/02 20:38:32.987, 2, 39, 1189 MHz, 32.48 W, 0 %, 259 MiB
2026/10/02 20:38:33.990, 0, 39, 1189 MHz, 31.57 W, 0 %, 259 MiB
2026/10/02 20:38:33.993, 1, 47, 1189 MHz, 33.23 W, 0 %, 259 MiB
2026/10/02 20:38:33.997, 2, 39, 1189 MHz, 32.48 W, 0 %, 259 MiB
2026/10/02 20:38:35.000, 0, 39, 1189 MHz, 31.34 W, 0 %, 259 MiB
2026/10/02 20:38:35.003, 1, 47, 1189 MHz, 33.25 W, 0 %, 259 MiB
2026/10/02 20:38:35.006, 2, 39, 1189 MHz, 32.48 W, 0 %, 259 MiB
2026/10/02 20:38:36.009, 0, 39, 1189 MHz, 31.57 W, 0 %, 259 MiB
2026/10/02 20:38:36.012, 1, 47, 1189 MHz, 32.99 W, 0 %, 259 MiB
2026/10/02 20:38:36.015, 2, 39, 1189 MHz, 32.25 W, 0 %, 259 MiB
2026/10/02 20:38:37.018, 0, 39, 1189 MHz, 31.34 W, 0 %, 259 MiB
2026/10/02 20:38:37.021, 1, 47, 1189 MHz, 32.75 W, 0 %, 259 MiB
2026/10/02 20:38:37.024, 2, 39, 1189 MHz, 32.48 W, 0 %, 259 MiB
2026/10/02 20:38:38.027, 0, 39, 1189 MHz, 31.34 W, 0 %, 259 MiB
2026/10/02 20:38:38.030, 1, 47, 1189 MHz, 33.01 W, 0 %, 259 MiB
2026/10/02 20:38:38.033, 2, 39, 1189 MHz, 32.48 W, 0 %, 259 MiB
2026/10/02 20:38:39.039, 0, 39, 1189 MHz, 31.34 W, 0 %, 259 MiB
2026/10/02 20:38:39.042, 1, 47, 1189 MHz, 32.76 W, 0 %, 259 MiB
2026/10/02 20:38:39.045, 2, 39, 1189 MHz, 32.25 W, 0 %, 259 MiB
2026/10/02 20:38:40.048, 0, 39, 1189 MHz, 31.57 W, 0 %, 259 MiB
2026/10/02 20:38:40.051, 1, 47, 1189 MHz, 32.75 W, 0 %, 259 MiB
2026/10/02 20:38:40.054, 2, 39, 1189 MHz, 32.48 W, 0 %, 259 MiB
2026/10/02 20:38:41.060, 0, 39, 1189 MHz, 31.34 W, 0 %, 259 MiB
2026/10/02 20:38:41.063, 1, 47, 1189 MHz, 32.76 W, 0 %, 259 MiB
2026/10/02 20:38:41.066, 2, 39, 1189 MHz, 32.48 W, 0 %, 259 MiB
2026/10/02 20:38:42.069, 0, 39, 1189 MHz, 31.34 W, 0 %, 259 MiB
2026/10/02 20:38:42.072, 1, 47, 1189 MHz, 32.99 W, 0 %, 259 MiB
2026/10/02 20:38:42.075, 2, 39, 1189 MHz, 32.25 W, 0 %, 259 MiB
2026/10/02 20:38:43.078, 0, 39, 1189 MHz, 31.34 W, 0 %, 259 MiB
2026/10/02 20:38:43.081, 1, 47, 1189 MHz, 32.99 W, 0 %, 259 MiB
2026/10/02 20:38:43.084, 2, 39, 1189 MHz, 32.25 W, 0 %, 259 MiB
2026/10/02 20:38:44.087, 0, 38, 1189 MHz, 31.34 W, 0 %, 259 MiB
2026/10/02 20:38:44.091, 1, 47, 1189 MHz, 33.00 W, 0 %, 259 MiB
2026/10/02 20:38:44.094, 2, 39, 1189 MHz, 32.25 W, 0 %, 259 MiB
2026/10/02 20:38:45.097, 0, 39, 1189 MHz, 31.34 W, 0 %, 259 MiB
2026/10/02 20:38:45.100, 1, 46, 1189 MHz, 32.99 W, 0 %, 259 MiB
2026/10/02 20:38:45.103, 2, 39, 1189 MHz, 32.48 W, 0 %, 259 MiB
2026/10/02 20:38:46.106, 0, 38, 1189 MHz, 31.34 W, 0 %, 259 MiB
2026/10/02 20:38:46.110, 1, 46, 1189 MHz, 32.99 W, 0 %, 259 MiB
2026/10/02 20:38:46.113, 2, 39, 1189 MHz, 32.25 W, 0 %, 259 MiB
2026/10/02 20:38:47.116, 0, 39, 1189 MHz, 31.34 W, 0 %, 259 MiB
2026/10/02 20:38:47.119, 1, 46, 1189 MHz, 32.99 W, 0 %, 259 MiB
2026/10/02 20:38:47.122, 2, 39, 1189 MHz, 32.48 W, 0 %, 259 MiB
2026/10/02 20:38:48.125, 0, 39, 1189 MHz, 31.57 W, 0 %, 259 MiB
2026/10/02 20:38:48.128, 1, 46, 1189 MHz, 32.99 W, 0 %, 259 MiB
2026/10/02 20:38:48.131, 2, 39, 1189 MHz, 32.24 W, 0 %, 259 MiB
2026/10/02 20:38:49.134, 0, 38, 1189 MHz, 31.34 W, 0 %, 259 MiB
2026/10/02 20:38:49.138, 1, 46, 1189 MHz, 33.00 W, 0 %, 259 MiB
2026/10/02 20:38:49.141, 2, 39, 1189 MHz, 32.50 W, 0 %, 259 MiB
2026/10/02 20:38:50.144, 0, 38, 1189 MHz, 31.34 W, 0 %, 259 MiB
2026/10/02 20:38:50.147, 1, 47, 1189 MHz, 32.99 W, 0 %, 259 MiB
2026/10/02 20:38:50.150, 2, 39, 1189 MHz, 32.48 W, 0 %, 259 MiB
2026/10/02 20:38:51.154, 0, 38, 1189 MHz, 31.34 W, 0 %, 259 MiB
2026/10/02 20:38:51.157, 1, 46, 1189 MHz, 32.99 W, 0 %, 259 MiB
2026/10/02 20:38:51.160, 2, 39, 1189 MHz, 32.24 W, 0 %, 259 MiB
2026/10/02 20:38:52.163, 0, 38, 1189 MHz, 31.34 W, 0 %, 259 MiB
2026/10/02 20:38:52.167, 1, 46, 1189 MHz, 32.99 W, 0 %, 259 MiB
2026/10/02 20:38:52.170, 2, 39, 1189 MHz, 32.48 W, 0 %, 259 MiB
2026/10/02 20:38:53.174, 0, 38, 1189 MHz, 31.34 W, 0 %, 259 MiB
2026/10/02 20:38:53.177, 1, 46, 1189 MHz, 32.99 W, 0 %, 259 MiB
2026/10/02 20:38:53.180, 2, 39, 1189 MHz, 32.48 W, 0 %, 259 MiB
2026/10/02 20:38:54.183, 0, 38, 1189 MHz, 31.57 W, 0 %, 259 MiB
2026/10/02 20:38:54.186, 1, 46, 1189 MHz, 32.99 W, 0 %, 259 MiB
2026/10/02 20:38:54.189, 2, 39, 1189 MHz, 32.48 W, 0 %, 259 MiB
2026/10/02 20:38:55.193, 0, 38, 1189 MHz, 31.34 W, 0 %, 259 MiB
2026/10/02 20:38:55.196, 1, 46, 1189 MHz, 32.99 W, 0 %, 259 MiB
2026/10/02 20:38:55.200, 2, 39, 1189 MHz, 32.48 W, 0 %, 259 MiB
2026/10/02 20:38:56.203, 0, 38, 1189 MHz, 31.34 W, 0 %, 259 MiB
2026/10/02 20:38:56.207, 1, 46, 1189 MHz, 32.52 W, 0 %, 259 MiB
2026/10/02 20:38:56.212, 2, 39, 1189 MHz, 32.48 W, 0 %, 259 MiB
2026/10/02 20:38:57.215, 0, 38, 1189 MHz, 31.34 W, 0 %, 259 MiB
2026/10/02 20:38:57.218, 1, 46, 1189 MHz, 33.00 W, 0 %, 259 MiB
2026/10/02 20:38:57.221, 2, 39, 1189 MHz, 32.24 W, 0 %, 259 MiB
2026/10/02 20:38:58.224, 0, 38, 1189 MHz, 31.34 W, 0 %, 259 MiB
2026/10/02 20:38:58.227, 1, 46, 1189 MHz, 32.76 W, 0 %, 259 MiB
2026/10/02 20:38:58.230, 2, 39, 1189 MHz, 32.25 W, 0 %, 259 MiB
2026/10/02 20:38:59.235, 0, 38, 1189 MHz, 31.34 W, 0 %, 259 MiB
2026/10/02 20:38:59.238, 1, 46, 1189 MHz, 32.52 W, 0 %, 259 MiB
2026/10/02 20:38:59.241, 2, 39, 1189 MHz, 32.48 W, 0 %, 259 MiB
2026/10/02 20:39:00.244, 0, 38, 1189 MHz, 31.34 W, 0 %, 259 MiB
2026/10/02 20:39:00.247, 1, 46, 1189 MHz, 32.75 W, 0 %, 259 MiB
2026/10/02 20:39:00.250, 2, 39, 1189 MHz, 32.48 W, 0 %, 259 MiB
2026/10/02 20:39:01.253, 0, 38, 1189 MHz, 31.34 W, 0 %, 259 MiB
2026/10/02 20:39:01.256, 1, 46, 1189 MHz, 32.53 W, 0 %, 259 MiB
2026/10/02 20:39:01.259, 2, 39, 1189 MHz, 32.48 W, 0 %, 259 MiB
2026/10/02 20:39:02.263, 0, 38, 1189 MHz, 31.34 W, 0 %, 259 MiB
2026/10/02 20:39:02.266, 1, 46, 1189 MHz, 32.52 W, 0 %, 259 MiB
2026/10/02 20:39:02.269, 2, 39, 1189 MHz, 32.25 W, 0 %, 259 MiB
2026/10/02 20:39:03.272, 0, 38, 1189 MHz, 31.34 W, 0 %, 259 MiB
2026/10/02 20:39:03.276, 1, 46, 1189 MHz, 32.52 W, 0 %, 259 MiB
2026/10/02 20:39:03.279, 2, 39, 1189 MHz, 32.48 W, 0 %, 259 MiB
2026/10/02 20:39:04.282, 0, 38, 1189 MHz, 31.34 W, 0 %, 259 MiB
2026/10/02 20:39:04.285, 1, 46, 1189 MHz, 32.52 W, 0 %, 259 MiB
2026/10/02 20:39:04.288, 2, 39, 1189 MHz, 32.25 W, 0 %, 259 MiB
2026/10/02 20:39:05.291, 0, 38, 1189 MHz, 31.34 W, 0 %, 259 MiB
2026/10/02 20:39:05.294, 1, 46, 1189 MHz, 32.53 W, 0 %, 259 MiB
2026/10/02 20:39:05.297, 2, 39, 1189 MHz, 32.48 W, 0 %, 259 MiB
2026/10/02 20:39:06.301, 0, 38, 1189 MHz, 31.34 W, 0 %, 259 MiB
2026/10/02 20:39:06.304, 1, 46, 1189 MHz, 32.76 W, 0 %, 259 MiB
2026/10/02 20:39:06.307, 2, 39, 1189 MHz, 32.48 W, 0 %, 259 MiB
2026/10/02 20:39:07.310, 0, 38, 1189 MHz, 31.34 W, 0 %, 259 MiB
2026/10/02 20:39:07.313, 1, 46, 1189 MHz, 32.53 W, 0 %, 259 MiB
2026/10/02 20:39:07.316, 2, 39, 1189 MHz, 32.48 W, 0 %, 259 MiB
2026/10/02 20:39:08.319, 0, 38, 1189 MHz, 31.34 W, 6 %, 7853 MiB
2026/10/02 20:39:08.323, 1, 46, 1189 MHz, 32.52 W, 0 %, 7851 MiB
2026/10/02 20:39:08.326, 2, 39, 1189 MHz, 32.48 W, 0 %, 7869 MiB
2026/10/02 20:39:09.329, 0, 38, 1189 MHz, 31.34 W, 2 %, 7853 MiB
2026/10/02 20:39:09.332, 1, 46, 1189 MHz, 32.52 W, 0 %, 7851 MiB
2026/10/02 20:39:09.335, 2, 39, 1189 MHz, 32.48 W, 0 %, 7869 MiB
2026/10/02 20:39:10.338, 0, 38, 1189 MHz, 31.34 W, 0 %, 7853 MiB
2026/10/02 20:39:10.341, 1, 46, 1189 MHz, 32.99 W, 1 %, 7851 MiB
2026/10/02 20:39:10.344, 2, 39, 1189 MHz, 32.48 W, 0 %, 7869 MiB
2026/10/02 20:39:11.347, 0, 38, 1189 MHz, 31.34 W, 0 %, 7853 MiB
2026/10/02 20:39:11.350, 1, 46, 1189 MHz, 32.99 W, 6 %, 7851 MiB
2026/10/02 20:39:11.353, 2, 39, 1189 MHz, 32.48 W, 0 %, 7869 MiB
2026/10/02 20:39:12.357, 0, 38, 1189 MHz, 31.34 W, 0 %, 7853 MiB
2026/10/02 20:39:12.360, 1, 46, 1189 MHz, 32.99 W, 4 %, 7851 MiB
2026/10/02 20:39:12.363, 2, 39, 1189 MHz, 32.48 W, 2 %, 7869 MiB
2026/10/02 20:39:13.366, 0, 38, 1189 MHz, 31.34 W, 0 %, 7853 MiB
2026/10/02 20:39:13.369, 1, 46, 1189 MHz, 32.99 W, 0 %, 7851 MiB
2026/10/02 20:39:13.372, 2, 39, 1189 MHz, 32.48 W, 5 %, 7869 MiB
2026/10/02 20:39:14.376, 0, 38, 1189 MHz, 31.34 W, 0 %, 7853 MiB
2026/10/02 20:39:14.379, 1, 46, 1189 MHz, 32.99 W, 0 %, 7851 MiB
2026/10/02 20:39:14.382, 2, 39, 1189 MHz, 32.48 W, 0 %, 7869 MiB
2026/10/02 20:39:15.385, 0, 38, 1189 MHz, 31.34 W, 0 %, 7853 MiB
2026/10/02 20:39:15.390, 1, 46, 1189 MHz, 32.99 W, 0 %, 7851 MiB
2026/10/02 20:39:15.393, 2, 39, 1189 MHz, 32.48 W, 0 %, 7869 MiB
2026/10/02 20:39:16.396, 0, 38, 1189 MHz, 31.34 W, 3 %, 7853 MiB
2026/10/02 20:39:16.399, 1, 46, 1189 MHz, 32.99 W, 1 %, 7851 MiB
2026/10/02 20:39:16.402, 2, 39, 1189 MHz, 32.48 W, 1 %, 7869 MiB
2026/10/02 20:39:17.405, 0, 38, 1189 MHz, 31.34 W, 1 %, 7853 MiB
2026/10/02 20:39:17.408, 1, 46, 1189 MHz, 32.99 W, 2 %, 7851 MiB
2026/10/02 20:39:17.411, 2, 39, 1189 MHz, 32.48 W, 2 %, 7869 MiB
2026/10/02 20:39:18.415, 0, 38, 1189 MHz, 31.34 W, 1 %, 7853 MiB
2026/10/02 20:39:18.418, 1, 46, 1189 MHz, 32.52 W, 0 %, 7851 MiB
2026/10/02 20:39:18.421, 2, 39, 1189 MHz, 32.24 W, 3 %, 7869 MiB
2026/10/02 20:39:19.424, 0, 38, 1189 MHz, 31.34 W, 0 %, 7853 MiB
2026/10/02 20:39:19.427, 1, 46, 1189 MHz, 32.99 W, 0 %, 7851 MiB
2026/10/02 20:39:19.431, 2, 39, 1189 MHz, 32.48 W, 0 %, 7869 MiB
2026/10/02 20:39:20.434, 0, 38, 1189 MHz, 31.34 W, 1 %, 7853 MiB
2026/10/02 20:39:20.437, 1, 46, 1189 MHz, 32.52 W, 1 %, 7851 MiB
2026/10/02 20:39:20.440, 2, 39, 1189 MHz, 32.48 W, 1 %, 7869 MiB
2026/10/02 20:39:21.443, 0, 38, 1189 MHz, 31.34 W, 0 %, 7853 MiB
2026/10/02 20:39:21.446, 1, 46, 1189 MHz, 32.52 W, 1 %, 7851 MiB
2026/10/02 20:39:21.449, 2, 39, 1189 MHz, 32.48 W, 3 %, 7869 MiB
2026/10/02 20:39:22.452, 0, 38, 1189 MHz, 31.34 W, 1 %, 7853 MiB
2026/10/02 20:39:22.456, 1, 46, 1189 MHz, 32.75 W, 0 %, 7851 MiB
2026/10/02 20:39:22.459, 2, 39, 1189 MHz, 32.48 W, 2 %, 7869 MiB
2026/10/02 20:39:23.465, 0, 38, 1189 MHz, 31.10 W, 0 %, 7853 MiB
2026/10/02 20:39:23.468, 1, 46, 1189 MHz, 32.75 W, 2 %, 7851 MiB
2026/10/02 20:39:23.471, 2, 39, 1189 MHz, 32.48 W, 0 %, 7869 MiB
2026/10/02 20:39:24.474, 0, 38, 1189 MHz, 31.34 W, 0 %, 7853 MiB
2026/10/02 20:39:24.477, 1, 45, 1189 MHz, 32.52 W, 0 %, 7851 MiB
2026/10/02 20:39:24.483, 2, 39, 1189 MHz, 32.48 W, 0 %, 7869 MiB
2026/10/02 20:39:25.486, 0, 38, 1189 MHz, 31.34 W, 2 %, 7853 MiB
2026/10/02 20:39:25.492, 1, 46, 1189 MHz, 32.75 W, 0 %, 7851 MiB
2026/10/02 20:39:25.495, 2, 39, 1189 MHz, 32.72 W, 0 %, 7869 MiB
2026/10/02 20:39:26.498, 0, 38, 1189 MHz, 31.34 W, 0 %, 7853 MiB
2026/10/02 20:39:26.501, 1, 45, 1189 MHz, 32.28 W, 3 %, 7851 MiB
2026/10/02 20:39:26.504, 2, 39, 1189 MHz, 32.48 W, 2 %, 7869 MiB
2026/10/02 20:39:27.507, 0, 37, 1189 MHz, 31.57 W, 1 %, 7853 MiB
2026/10/02 20:39:27.511, 1, 45, 1189 MHz, 32.30 W, 2 %, 7851 MiB
2026/10/02 20:39:27.514, 2, 39, 1189 MHz, 32.48 W, 0 %, 7869 MiB
2026/10/02 20:39:28.517, 0, 38, 1189 MHz, 31.10 W, 2 %, 7853 MiB
2026/10/02 20:39:28.520, 1, 45, 1189 MHz, 32.52 W, 1 %, 7851 MiB
2026/10/02 20:39:28.523, 2, 39, 1189 MHz, 32.72 W, 1 %, 7869 MiB
2026/10/02 20:39:29.526, 0, 37, 1189 MHz, 31.34 W, 3 %, 7853 MiB
2026/10/02 20:39:29.530, 1, 45, 1189 MHz, 32.28 W, 3 %, 7851 MiB
2026/10/02 20:39:29.534, 2, 39, 1189 MHz, 32.48 W, 0 %, 7869 MiB
2026/10/02 20:39:30.537, 0, 37, 1189 MHz, 31.10 W, 1 %, 7853 MiB
2026/10/02 20:39:30.540, 1, 45, 1189 MHz, 32.28 W, 1 %, 7851 MiB
2026/10/02 20:39:30.543, 2, 39, 1189 MHz, 32.48 W, 1 %, 7869 MiB
2026/10/02 20:39:31.546, 0, 37, 1189 MHz, 31.10 W, 1 %, 7853 MiB
2026/10/02 20:39:31.550, 1, 45, 1189 MHz, 32.28 W, 1 %, 7851 MiB
2026/10/02 20:39:31.553, 2, 39, 1189 MHz, 32.48 W, 2 %, 7869 MiB
2026/10/02 20:39:32.556, 0, 37, 1189 MHz, 31.34 W, 0 %, 7853 MiB
2026/10/02 20:39:32.559, 1, 45, 1189 MHz, 32.28 W, 1 %, 7851 MiB
2026/10/02 20:39:32.562, 2, 39, 1189 MHz, 32.72 W, 1 %, 7869 MiB
2026/10/02 20:39:33.565, 0, 38, 1189 MHz, 31.10 W, 0 %, 7853 MiB
2026/10/02 20:39:33.568, 1, 45, 1189 MHz, 32.52 W, 1 %, 7851 MiB
2026/10/02 20:39:33.571, 2, 39, 1189 MHz, 32.48 W, 2 %, 7869 MiB
2026/10/02 20:39:34.574, 0, 37, 1189 MHz, 31.34 W, 3 %, 7853 MiB
2026/10/02 20:39:34.578, 1, 45, 1189 MHz, 32.75 W, 2 %, 7851 MiB
2026/10/02 20:39:34.581, 2, 39, 1189 MHz, 32.48 W, 2 %, 7869 MiB
2026/10/02 20:39:35.584, 0, 37, 1189 MHz, 31.10 W, 3 %, 7853 MiB
2026/10/02 20:39:35.587, 1, 45, 1189 MHz, 32.75 W, 3 %, 7851 MiB
2026/10/02 20:39:35.590, 2, 39, 1189 MHz, 32.48 W, 3 %, 7869 MiB
2026/10/02 20:39:36.593, 0, 37, 1189 MHz, 31.34 W, 0 %, 7853 MiB
2026/10/02 20:39:36.596, 1, 45, 1189 MHz, 32.75 W, 1 %, 7851 MiB
2026/10/02 20:39:36.599, 2, 39, 1189 MHz, 32.48 W, 2 %, 7869 MiB
2026/10/02 20:39:37.602, 0, 37, 1189 MHz, 31.10 W, 2 %, 7853 MiB
2026/10/02 20:39:37.606, 1, 45, 1189 MHz, 32.75 W, 2 %, 7851 MiB
2026/10/02 20:39:37.609, 2, 39, 1189 MHz, 32.49 W, 0 %, 7869 MiB
2026/10/02 20:39:38.612, 0, 37, 1189 MHz, 31.34 W, 2 %, 7853 MiB
2026/10/02 20:39:38.617, 1, 45, 1189 MHz, 32.75 W, 1 %, 7851 MiB
2026/10/02 20:39:38.620, 2, 39, 1189 MHz, 32.48 W, 2 %, 7869 MiB
2026/10/02 20:39:39.623, 0, 37, 1189 MHz, 31.10 W, 0 %, 7853 MiB
2026/10/02 20:39:39.626, 1, 45, 1189 MHz, 32.28 W, 0 %, 7851 MiB
2026/10/02 20:39:39.629, 2, 39, 1189 MHz, 32.48 W, 0 %, 7869 MiB
2026/10/02 20:39:40.632, 0, 37, 1189 MHz, 31.10 W, 0 %, 7853 MiB
2026/10/02 20:39:40.635, 1, 45, 1189 MHz, 32.28 W, 1 %, 7851 MiB
2026/10/02 20:39:40.640, 2, 39, 1189 MHz, 32.72 W, 2 %, 7869 MiB
2026/10/02 20:39:41.643, 0, 37, 1189 MHz, 31.10 W, 0 %, 7853 MiB
2026/10/02 20:39:41.646, 1, 45, 1189 MHz, 32.76 W, 0 %, 7851 MiB
2026/10/02 20:39:41.649, 2, 39, 1189 MHz, 32.48 W, 0 %, 7869 MiB
2026/10/02 20:39:42.652, 0, 37, 1189 MHz, 31.10 W, 0 %, 7853 MiB
2026/10/02 20:39:42.658, 1, 45, 1189 MHz, 32.30 W, 2 %, 7851 MiB
2026/10/02 20:39:42.661, 2, 39, 1189 MHz, 32.72 W, 0 %, 7869 MiB
2026/10/02 20:39:43.664, 0, 37, 1189 MHz, 31.10 W, 0 %, 7853 MiB
2026/10/02 20:39:43.667, 1, 45, 1189 MHz, 32.30 W, 0 %, 7851 MiB
2026/10/02 20:39:43.670, 2, 39, 1189 MHz, 32.25 W, 0 %, 7869 MiB
2026/10/02 20:39:44.673, 0, 37, 1189 MHz, 31.10 W, 0 %, 7853 MiB
2026/10/02 20:39:44.677, 1, 45, 1189 MHz, 32.28 W, 2 %, 7851 MiB
2026/10/02 20:39:44.680, 2, 39, 1189 MHz, 32.72 W, 0 %, 7869 MiB
2026/10/02 20:39:45.683, 0, 37, 1189 MHz, 31.34 W, 0 %, 7853 MiB
2026/10/02 20:39:45.686, 1, 45, 1189 MHz, 32.30 W, 2 %, 7851 MiB
2026/10/02 20:39:45.689, 2, 39, 1189 MHz, 32.72 W, 0 %, 7869 MiB
2026/10/02 20:39:46.692, 0, 37, 1189 MHz, 31.34 W, 0 %, 7853 MiB
2026/10/02 20:39:46.695, 1, 45, 1189 MHz, 32.28 W, 0 %, 7851 MiB
2026/10/02 20:39:46.699, 2, 39, 1189 MHz, 32.48 W, 0 %, 7869 MiB
2026/10/02 20:39:47.702, 0, 37, 1189 MHz, 31.34 W, 2 %, 7853 MiB
2026/10/02 20:39:47.714, 1, 45, 1189 MHz, 32.75 W, 0 %, 7851 MiB
2026/10/02 20:39:47.718, 2, 39, 1189 MHz, 32.72 W, 1 %, 7869 MiB
2026/10/02 20:39:48.721, 0, 37, 1189 MHz, 31.34 W, 2 %, 7853 MiB
2026/10/02 20:39:48.724, 1, 45, 1189 MHz, 32.75 W, 1 %, 7851 MiB
2026/10/02 20:39:48.727, 2, 39, 1189 MHz, 32.72 W, 1 %, 7869 MiB
2026/10/02 20:39:49.730, 0, 37, 1189 MHz, 31.34 W, 1 %, 7853 MiB
2026/10/02 20:39:49.733, 1, 45, 1189 MHz, 32.75 W, 2 %, 7851 MiB
2026/10/02 20:39:49.736, 2, 39, 1189 MHz, 32.72 W, 2 %, 7869 MiB
2026/10/02 20:39:50.739, 0, 37, 1189 MHz, 31.10 W, 3 %, 7853 MiB
2026/10/02 20:39:50.743, 1, 45, 1189 MHz, 32.75 W, 3 %, 7851 MiB
2026/10/02 20:39:50.746, 2, 39, 1189 MHz, 32.72 W, 3 %, 7869 MiB
2026/10/02 20:39:51.749, 0, 37, 1189 MHz, 31.10 W, 3 %, 7853 MiB
2026/10/02 20:39:51.753, 1, 45, 1189 MHz, 32.75 W, 1 %, 7851 MiB
2026/10/02 20:39:51.756, 2, 39, 1189 MHz, 32.72 W, 1 %, 7869 MiB
2026/10/02 20:39:52.759, 0, 37, 1189 MHz, 31.10 W, 0 %, 7853 MiB
2026/10/02 20:39:52.763, 1, 45, 1189 MHz, 32.75 W, 0 %, 7851 MiB
2026/10/02 20:39:52.766, 2, 39, 1189 MHz, 32.72 W, 0 %, 7869 MiB
2026/10/02 20:39:53.769, 0, 37, 1189 MHz, 31.10 W, 1 %, 7853 MiB
2026/10/02 20:39:53.772, 1, 45, 1189 MHz, 32.75 W, 2 %, 7851 MiB
2026/10/02 20:39:53.775, 2, 39, 1189 MHz, 32.72 W, 1 %, 7869 MiB
2026/10/02 20:39:54.779, 0, 37, 1189 MHz, 31.10 W, 0 %, 7853 MiB
2026/10/02 20:39:54.782, 1, 45, 1189 MHz, 32.75 W, 1 %, 7851 MiB
2026/10/02 20:39:54.785, 2, 39, 1189 MHz, 32.72 W, 3 %, 7869 MiB
2026/10/02 20:39:55.788, 0, 37, 1189 MHz, 31.10 W, 3 %, 7853 MiB
2026/10/02 20:39:55.791, 1, 45, 1189 MHz, 32.76 W, 3 %, 7851 MiB
2026/10/02 20:39:55.794, 2, 39, 1189 MHz, 32.72 W, 1 %, 7869 MiB
2026/10/02 20:39:56.797, 0, 37, 1189 MHz, 31.10 W, 0 %, 7853 MiB
2026/10/02 20:39:56.800, 1, 45, 1189 MHz, 32.75 W, 0 %, 7851 MiB
2026/10/02 20:39:56.804, 2, 39, 1189 MHz, 32.72 W, 0 %, 7869 MiB
2026/10/02 20:39:57.807, 0, 37, 1189 MHz, 31.10 W, 0 %, 7853 MiB
2026/10/02 20:39:57.810, 1, 45, 1189 MHz, 32.52 W, 0 %, 7851 MiB
2026/10/02 20:39:57.813, 2, 39, 1189 MHz, 32.48 W, 0 %, 7869 MiB
2026/10/02 20:39:58.816, 0, 37, 1189 MHz, 31.10 W, 0 %, 7853 MiB
2026/10/02 20:39:58.819, 1, 45, 1189 MHz, 32.30 W, 1 %, 7851 MiB
2026/10/02 20:39:58.822, 2, 39, 1189 MHz, 32.48 W, 0 %, 7869 MiB
2026/10/02 20:39:59.825, 0, 37, 1189 MHz, 31.10 W, 0 %, 7853 MiB
2026/10/02 20:39:59.828, 1, 45, 1189 MHz, 32.30 W, 0 %, 7851 MiB
2026/10/02 20:39:59.831, 2, 39, 1189 MHz, 32.48 W, 0 %, 7869 MiB
2026/10/02 20:40:00.834, 0, 37, 1189 MHz, 31.10 W, 0 %, 7853 MiB
2026/10/02 20:40:00.839, 1, 45, 1189 MHz, 32.75 W, 2 %, 7851 MiB
2026/10/02 20:40:00.842, 2, 39, 1189 MHz, 32.72 W, 0 %, 7869 MiB
2026/10/02 20:40:01.845, 0, 37, 1189 MHz, 31.10 W, 0 %, 7853 MiB
2026/10/02 20:40:01.849, 1, 45, 1189 MHz, 32.28 W, 0 %, 7851 MiB
2026/10/02 20:40:01.852, 2, 39, 1189 MHz, 32.48 W, 0 %, 7869 MiB
2026/10/02 20:40:02.855, 0, 37, 1189 MHz, 31.10 W, 0 %, 7853 MiB
2026/10/02 20:40:02.858, 1, 45, 1189 MHz, 32.28 W, 0 %, 7851 MiB
2026/10/02 20:40:02.861, 2, 39, 1189 MHz, 32.72 W, 2 %, 7869 MiB
2026/10/02 20:40:03.867, 0, 37, 1189 MHz, 31.10 W, 1 %, 7853 MiB
2026/10/02 20:40:03.870, 1, 45, 1189 MHz, 32.75 W, 0 %, 7851 MiB
2026/10/02 20:40:03.873, 2, 39, 1189 MHz, 32.72 W, 0 %, 7869 MiB
2026/10/02 20:40:04.876, 0, 37, 1189 MHz, 31.10 W, 0 %, 7853 MiB
2026/10/02 20:40:04.881, 1, 45, 1189 MHz, 32.75 W, 1 %, 7851 MiB
2026/10/02 20:40:04.884, 2, 39, 1189 MHz, 32.72 W, 0 %, 7869 MiB
2026/10/02 20:40:05.893, 0, 37, 1189 MHz, 31.10 W, 2 %, 7853 MiB
2026/10/02 20:40:05.896, 1, 45, 1189 MHz, 32.75 W, 0 %, 7851 MiB
2026/10/02 20:40:05.899, 2, 39, 1189 MHz, 32.72 W, 2 %, 7869 MiB
2026/10/02 20:40:06.902, 0, 37, 1189 MHz, 31.34 W, 0 %, 7853 MiB
2026/10/02 20:40:06.905, 1, 45, 1189 MHz, 32.75 W, 0 %, 7851 MiB
2026/10/02 20:40:06.913, 2, 39, 1189 MHz, 32.72 W, 0 %, 7869 MiB
2026/10/02 20:40:07.916, 0, 37, 1189 MHz, 31.10 W, 3 %, 7853 MiB
2026/10/02 20:40:07.919, 1, 45, 1189 MHz, 32.75 W, 1 %, 7851 MiB
2026/10/02 20:40:07.922, 2, 39, 1189 MHz, 32.48 W, 1 %, 7869 MiB
2026/10/02 20:40:08.925, 0, 37, 1189 MHz, 31.34 W, 2 %, 7853 MiB
2026/10/02 20:40:08.928, 1, 45, 1189 MHz, 32.74 W, 1 %, 7851 MiB
2026/10/02 20:40:08.932, 2, 39, 1189 MHz, 32.69 W, 2 %, 7869 MiB
2026/10/02 20:40:09.936, 0, 37, 1189 MHz, 31.10 W, 4 %, 7853 MiB
2026/10/02 20:40:09.939, 1, 45, 1189 MHz, 32.28 W, 2 %, 7851 MiB
2026/10/02 20:40:09.942, 2, 39, 1189 MHz, 32.72 W, 2 %, 7869 MiB
2026/10/02 20:40:10.945, 0, 37, 1189 MHz, 31.34 W, 1 %, 7853 MiB
2026/10/02 20:40:10.948, 1, 45, 1189 MHz, 32.28 W, 0 %, 7851 MiB
2026/10/02 20:40:10.951, 2, 39, 1189 MHz, 32.48 W, 3 %, 7869 MiB
2026/10/02 20:40:11.954, 0, 37, 1189 MHz, 31.34 W, 0 %, 7853 MiB
2026/10/02 20:40:11.957, 1, 45, 1189 MHz, 32.30 W, 3 %, 7851 MiB
2026/10/02 20:40:11.960, 2, 39, 1189 MHz, 32.48 W, 0 %, 7869 MiB
2026/10/02 20:40:12.963, 0, 37, 1189 MHz, 31.10 W, 4 %, 7853 MiB
2026/10/02 20:40:12.966, 1, 45, 1189 MHz, 32.75 W, 1 %, 7851 MiB
2026/10/02 20:40:12.969, 2, 39, 1189 MHz, 32.48 W, 1 %, 7869 MiB
2026/10/02 20:40:13.973, 0, 37, 1189 MHz, 31.10 W, 1 %, 7853 MiB
2026/10/02 20:40:13.976, 1, 45, 1189 MHz, 32.76 W, 1 %, 7851 MiB
2026/10/02 20:40:13.979, 2, 40, 1189 MHz, 32.48 W, 1 %, 7869 MiB
2026/10/02 20:40:14.982, 0, 37, 1189 MHz, 31.10 W, 2 %, 7853 MiB
2026/10/02 20:40:14.985, 1, 45, 1189 MHz, 32.30 W, 0 %, 7851 MiB
2026/10/02 20:40:14.988, 2, 40, 1189 MHz, 32.72 W, 2 %, 7869 MiB
2026/10/02 20:40:15.991, 0, 37, 1189 MHz, 31.10 W, 2 %, 7853 MiB
2026/10/02 20:40:15.995, 1, 45, 1189 MHz, 32.30 W, 4 %, 7851 MiB
2026/10/02 20:40:15.998, 2, 39, 1189 MHz, 32.48 W, 3 %, 7869 MiB
2026/10/02 20:40:17.001, 0, 37, 1189 MHz, 31.34 W, 1 %, 7853 MiB
2026/10/02 20:40:17.004, 1, 45, 1189 MHz, 32.28 W, 0 %, 7851 MiB
2026/10/02 20:40:17.007, 2, 39, 1189 MHz, 32.48 W, 1 %, 7869 MiB
2026/10/02 20:40:18.010, 0, 37, 1189 MHz, 31.10 W, 1 %, 7853 MiB
2026/10/02 20:40:18.014, 1, 45, 1189 MHz, 32.28 W, 1 %, 7851 MiB
2026/10/02 20:40:18.017, 2, 39, 1189 MHz, 32.72 W, 3 %, 7869 MiB
2026/10/02 20:40:19.020, 0, 37, 1189 MHz, 31.10 W, 2 %, 7853 MiB
2026/10/02 20:40:19.023, 1, 45, 1189 MHz, 32.28 W, 2 %, 7851 MiB
2026/10/02 20:40:19.026, 2, 40, 1189 MHz, 32.72 W, 1 %, 7869 MiB
2026/10/02 20:40:20.029, 0, 37, 1189 MHz, 31.10 W, 1 %, 7853 MiB
2026/10/02 20:40:20.032, 1, 45, 1189 MHz, 32.28 W, 1 %, 7851 MiB
2026/10/02 20:40:20.036, 2, 40, 1189 MHz, 32.72 W, 2 %, 7869 MiB
2026/10/02 20:40:21.039, 0, 37, 1189 MHz, 31.10 W, 4 %, 7853 MiB
2026/10/02 20:40:21.043, 1, 45, 1189 MHz, 32.30 W, 5 %, 7851 MiB
2026/10/02 20:40:21.046, 2, 39, 1189 MHz, 32.72 W, 6 %, 7869 MiB
2026/10/02 20:40:22.049, 0, 37, 1189 MHz, 31.10 W, 1 %, 7853 MiB
2026/10/02 20:40:22.052, 1, 44, 1189 MHz, 32.28 W, 2 %, 7851 MiB
2026/10/02 20:40:22.055, 2, 40, 1189 MHz, 32.72 W, 2 %, 7869 MiB
2026/10/02 20:40:23.058, 0, 37, 1189 MHz, 31.10 W, 3 %, 7853 MiB
2026/10/02 20:40:23.063, 1, 45, 1189 MHz, 32.28 W, 3 %, 7851 MiB
2026/10/02 20:40:23.066, 2, 40, 1189 MHz, 32.72 W, 1 %, 7869 MiB
2026/10/02 20:40:24.069, 0, 37, 1189 MHz, 31.10 W, 0 %, 7853 MiB
2026/10/02 20:40:24.072, 1, 44, 1189 MHz, 32.05 W, 0 %, 7851 MiB
2026/10/02 20:40:24.075, 2, 40, 1189 MHz, 32.72 W, 3 %, 7869 MiB
2026/10/02 20:40:25.078, 0, 37, 1189 MHz, 31.10 W, 3 %, 7853 MiB
2026/10/02 20:40:25.081, 1, 44, 1189 MHz, 32.28 W, 1 %, 7851 MiB
2026/10/02 20:40:25.084, 2, 39, 1189 MHz, 32.48 W, 1 %, 7869 MiB
2026/10/02 20:40:26.087, 0, 37, 1189 MHz, 31.10 W, 1 %, 7853 MiB
2026/10/02 20:40:26.091, 1, 44, 1189 MHz, 32.53 W, 1 %, 7851 MiB
2026/10/02 20:40:26.095, 2, 39, 1189 MHz, 32.72 W, 1 %, 7869 MiB
2026/10/02 20:40:27.098, 0, 37, 1189 MHz, 31.10 W, 3 %, 7853 MiB
2026/10/02 20:40:27.104, 1, 44, 1189 MHz, 32.52 W, 2 %, 7851 MiB
2026/10/02 20:40:27.107, 2, 40, 1189 MHz, 32.72 W, 3 %, 7869 MiB
2026/10/02 20:40:28.110, 0, 37, 1189 MHz, 31.10 W, 4 %, 7853 MiB
2026/10/02 20:40:28.113, 1, 44, 1189 MHz, 32.76 W, 2 %, 7851 MiB
2026/10/02 20:40:28.116, 2, 39, 1189 MHz, 32.72 W, 2 %, 7869 MiB
2026/10/02 20:40:29.119, 0, 37, 1189 MHz, 31.10 W, 0 %, 7853 MiB
2026/10/02 20:40:29.123, 1, 44, 1189 MHz, 32.30 W, 3 %, 7851 MiB
2026/10/02 20:40:29.127, 2, 39, 1189 MHz, 32.72 W, 2 %, 7869 MiB
2026/10/02 20:40:30.130, 0, 37, 1189 MHz, 31.10 W, 2 %, 7853 MiB
2026/10/02 20:40:30.133, 1, 44, 1189 MHz, 32.30 W, 1 %, 7851 MiB
2026/10/02 20:40:30.136, 2, 39, 1189 MHz, 32.72 W, 1 %, 7869 MiB
2026/10/02 20:40:31.139, 0, 37, 1189 MHz, 31.10 W, 2 %, 7853 MiB
2026/10/02 20:40:31.142, 1, 44, 1189 MHz, 32.05 W, 1 %, 7851 MiB
2026/10/02 20:40:31.146, 2, 40, 1189 MHz, 32.72 W, 1 %, 7869 MiB
2026/10/02 20:40:32.149, 0, 36, 1189 MHz, 31.10 W, 2 %, 7853 MiB
2026/10/02 20:40:32.152, 1, 44, 1189 MHz, 32.30 W, 1 %, 7851 MiB
2026/10/02 20:40:32.155, 2, 40, 1189 MHz, 32.48 W, 1 %, 7869 MiB
2026/10/02 20:40:33.158, 0, 36, 1189 MHz, 31.10 W, 3 %, 7853 MiB
2026/10/02 20:40:33.161, 1, 44, 1189 MHz, 32.28 W, 4 %, 7851 MiB
2026/10/02 20:40:33.165, 2, 39, 1189 MHz, 32.72 W, 3 %, 7869 MiB
2026/10/02 20:40:34.168, 0, 37, 1189 MHz, 31.10 W, 1 %, 7853 MiB
2026/10/02 20:40:34.171, 1, 44, 1189 MHz, 32.52 W, 0 %, 7851 MiB
2026/10/02 20:40:34.174, 2, 40, 1189 MHz, 32.72 W, 2 %, 7869 MiB
2026/10/02 20:40:35.177, 0, 37, 1189 MHz, 31.10 W, 2 %, 7853 MiB
2026/10/02 20:40:35.181, 1, 44, 1189 MHz, 32.52 W, 1 %, 7851 MiB
2026/10/02 20:40:35.184, 2, 40, 1189 MHz, 32.72 W, 4 %, 7869 MiB
2026/10/02 20:40:36.187, 0, 36, 1189 MHz, 31.10 W, 0 %, 7853 MiB
2026/10/02 20:40:36.190, 1, 44, 1189 MHz, 32.28 W, 3 %, 7851 MiB
2026/10/02 20:40:36.193, 2, 40, 1189 MHz, 32.72 W, 1 %, 7869 MiB
2026/10/02 20:40:37.196, 0, 36, 1189 MHz, 31.12 W, 1 %, 7853 MiB
2026/10/02 20:40:37.199, 1, 44, 1189 MHz, 32.28 W, 0 %, 7851 MiB
2026/10/02 20:40:37.202, 2, 40, 1189 MHz, 32.72 W, 2 %, 7869 MiB
2026/10/02 20:40:38.205, 0, 36, 1189 MHz, 31.10 W, 1 %, 7853 MiB
2026/10/02 20:40:38.208, 1, 44, 1189 MHz, 32.75 W, 1 %, 7851 MiB
2026/10/02 20:40:38.211, 2, 40, 1189 MHz, 32.72 W, 1 %, 7869 MiB
2026/10/02 20:40:39.214, 0, 37, 1189 MHz, 31.10 W, 0 %, 7853 MiB
2026/10/02 20:40:39.218, 1, 44, 1189 MHz, 32.75 W, 2 %, 7851 MiB
2026/10/02 20:40:39.221, 2, 40, 1189 MHz, 32.48 W, 2 %, 7869 MiB
2026/10/02 20:40:40.224, 0, 36, 1189 MHz, 31.10 W, 2 %, 7853 MiB
2026/10/02 20:40:40.227, 1, 44, 1189 MHz, 32.53 W, 0 %, 7851 MiB
2026/10/02 20:40:40.230, 2, 40, 1189 MHz, 32.72 W, 0 %, 7869 MiB
2026/10/02 20:40:41.233, 0, 36, 1189 MHz, 30.86 W, 2 %, 7853 MiB
2026/10/02 20:40:41.236, 1, 44, 1189 MHz, 32.52 W, 2 %, 7851 MiB
2026/10/02 20:40:41.240, 2, 40, 1189 MHz, 32.72 W, 0 %, 7869 MiB
2026/10/02 20:40:42.243, 0, 36, 1189 MHz, 30.86 W, 2 %, 7853 MiB
2026/10/02 20:40:42.247, 1, 44, 1189 MHz, 32.75 W, 1 %, 7851 MiB
2026/10/02 20:40:42.249, 2, 39, 1189 MHz, 32.72 W, 1 %, 7869 MiB
2026/10/02 20:40:43.253, 0, 36, 1189 MHz, 30.86 W, 3 %, 7853 MiB
2026/10/02 20:40:43.256, 1, 44, 1189 MHz, 32.75 W, 0 %, 7851 MiB
2026/10/02 20:40:43.259, 2, 40, 1189 MHz, 32.72 W, 3 %, 7869 MiB
2026/10/02 20:40:44.262, 0, 36, 1189 MHz, 31.10 W, 0 %, 7853 MiB
2026/10/02 20:40:44.266, 1, 44, 1189 MHz, 32.52 W, 3 %, 7851 MiB
2026/10/02 20:40:44.269, 2, 40, 1189 MHz, 32.72 W, 3 %, 7869 MiB
2026/10/02 20:40:45.273, 0, 36, 1189 MHz, 30.86 W, 1 %, 7853 MiB
2026/10/02 20:40:45.277, 1, 44, 1189 MHz, 32.52 W, 2 %, 7851 MiB
2026/10/02 20:40:45.280, 2, 40, 1189 MHz, 32.72 W, 1 %, 7869 MiB
2026/10/02 20:40:46.283, 0, 36, 1189 MHz, 30.86 W, 1 %, 7853 MiB
2026/10/02 20:40:46.286, 1, 44, 1189 MHz, 32.28 W, 1 %, 7851 MiB
2026/10/02 20:40:46.289, 2, 40, 1189 MHz, 32.72 W, 3 %, 7869 MiB
2026/10/02 20:40:47.292, 0, 36, 1189 MHz, 31.10 W, 2 %, 7853 MiB
2026/10/02 20:40:47.295, 1, 44, 1189 MHz, 32.04 W, 0 %, 7851 MiB
2026/10/02 20:40:47.302, 2, 40, 1189 MHz, 32.72 W, 0 %, 7869 MiB
2026/10/02 20:40:48.305, 0, 36, 1189 MHz, 31.10 W, 0 %, 7853 MiB
2026/10/02 20:40:48.308, 1, 44, 1189 MHz, 32.75 W, 1 %, 7851 MiB
2026/10/02 20:40:48.311, 2, 40, 1189 MHz, 32.72 W, 1 %, 7869 MiB
2026/10/02 20:40:49.314, 0, 36, 1189 MHz, 30.86 W, 3 %, 7853 MiB
2026/10/02 20:40:49.317, 1, 44, 1189 MHz, 32.28 W, 4 %, 7851 MiB
2026/10/02 20:40:49.320, 2, 40, 1189 MHz, 32.48 W, 3 %, 7869 MiB
2026/10/02 20:40:50.323, 0, 36, 1189 MHz, 31.10 W, 2 %, 7853 MiB
2026/10/02 20:40:50.327, 1, 44, 1189 MHz, 32.06 W, 2 %, 7851 MiB
2026/10/02 20:40:50.330, 2, 40, 1189 MHz, 32.72 W, 2 %, 7869 MiB
2026/10/02 20:40:51.333, 0, 36, 1189 MHz, 31.10 W, 2 %, 7853 MiB
2026/10/02 20:40:51.336, 1, 44, 1189 MHz, 32.52 W, 2 %, 7851 MiB
2026/10/02 20:40:51.341, 2, 40, 1189 MHz, 32.72 W, 2 %, 7869 MiB
2026/10/02 20:40:52.344, 0, 36, 1189 MHz, 30.86 W, 4 %, 7853 MiB
2026/10/02 20:40:52.347, 1, 44, 1189 MHz, 32.52 W, 3 %, 7851 MiB
2026/10/02 20:40:52.350, 2, 40, 1189 MHz, 32.72 W, 0 %, 7869 MiB
2026/10/02 20:40:53.353, 0, 36, 1189 MHz, 31.10 W, 0 %, 7853 MiB
2026/10/02 20:40:53.357, 1, 44, 1189 MHz, 32.52 W, 0 %, 7851 MiB
2026/10/02 20:40:53.360, 2, 40, 1189 MHz, 32.48 W, 2 %, 7869 MiB
2026/10/02 20:40:54.363, 0, 36, 1189 MHz, 31.10 W, 0 %, 7929 MiB
2026/10/02 20:40:54.366, 1, 44, 1189 MHz, 32.53 W, 0 %, 7927 MiB
2026/10/02 20:40:54.369, 2, 40, 1189 MHz, 32.72 W, 0 %, 7945 MiB
2026/10/02 20:40:55.372, 0, 36, 1189 MHz, 31.10 W, 0 %, 7929 MiB
2026/10/02 20:40:55.375, 1, 44, 1189 MHz, 32.28 W, 0 %, 7927 MiB
2026/10/02 20:40:55.379, 2, 40, 1189 MHz, 32.72 W, 0 %, 7945 MiB
2026/10/02 20:40:56.382, 0, 36, 1189 MHz, 31.12 W, 0 %, 10393 MiB
2026/10/02 20:40:56.385, 1, 44, 1189 MHz, 32.30 W, 0 %, 10391 MiB
2026/10/02 20:40:56.388, 2, 40, 1189 MHz, 32.72 W, 0 %, 10427 MiB
2026/10/02 20:40:57.391, 0, 36, 1189 MHz, 31.10 W, 0 %, 10393 MiB
2026/10/02 20:40:57.395, 1, 44, 1189 MHz, 32.28 W, 0 %, 10391 MiB
2026/10/02 20:40:57.398, 2, 40, 1189 MHz, 32.72 W, 0 %, 10427 MiB
2026/10/02 20:40:58.401, 0, 36, 1189 MHz, 30.86 W, 0 %, 10393 MiB
2026/10/02 20:40:58.404, 1, 44, 1189 MHz, 32.28 W, 0 %, 10391 MiB
2026/10/02 20:40:58.407, 2, 40, 1189 MHz, 32.72 W, 0 %, 10427 MiB
2026/10/02 20:40:59.410, 0, 36, 1189 MHz, 31.10 W, 0 %, 10393 MiB
2026/10/02 20:40:59.413, 1, 44, 1189 MHz, 32.28 W, 0 %, 10391 MiB
2026/10/02 20:40:59.416, 2, 40, 1189 MHz, 32.72 W, 0 %, 10427 MiB
2026/10/02 20:41:00.419, 0, 36, 1189 MHz, 31.10 W, 0 %, 10475 MiB
2026/10/02 20:41:00.422, 1, 44, 1189 MHz, 32.28 W, 0 %, 10471 MiB
2026/10/02 20:41:00.425, 2, 40, 1189 MHz, 32.70 W, 4 %, 10507 MiB
2026/10/02 20:41:01.428, 0, 37, 1316 MHz, 41.66 W, 52 %, 10665 MiB
2026/10/02 20:41:01.432, 1, 45, 1189 MHz, 125.23 W, 33 %, 10611 MiB
2026/10/02 20:41:01.438, 2, 41, 1215 MHz, 94.48 W, 26 %, 10647 MiB
2026/10/02 20:41:02.443, 0, 38, 1303 MHz, 141.40 W, 88 %, 10667 MiB
2026/10/02 20:41:02.446, 1, 46, 1177 MHz, 76.98 W, 48 %, 10665 MiB
2026/10/02 20:41:02.449, 2, 41, 1202 MHz, 125.30 W, 43 %, 10701 MiB
2026/10/02 20:41:03.452, 0, 38, 1227 MHz, 54.82 W, 93 %, 10667 MiB
2026/10/02 20:41:03.456, 1, 46, 1202 MHz, 79.56 W, 42 %, 10665 MiB
2026/10/02 20:41:03.459, 2, 42, 1202 MHz, 39.24 W, 43 %, 10701 MiB
2026/10/02 20:41:04.466, 0, 38, 1189 MHz, 114.17 W, 92 %, 10667 MiB
2026/10/02 20:41:04.470, 1, 46, 1227 MHz, 44.96 W, 41 %, 10665 MiB
2026/10/02 20:41:04.474, 2, 42, 1252 MHz, 66.60 W, 47 %, 10701 MiB
2026/10/02 20:41:05.477, 0, 39, 1189 MHz, 49.41 W, 89 %, 10667 MiB
2026/10/02 20:41:05.482, 1, 47, 1265 MHz, 92.57 W, 44 %, 10665 MiB
2026/10/02 20:41:05.487, 2, 43, 1265 MHz, 45.83 W, 44 %, 10701 MiB
2026/10/02 20:41:06.490, 0, 39, 1278 MHz, 96.86 W, 88 %, 10667 MiB
2026/10/02 20:41:06.493, 1, 46, 1189 MHz, 132.33 W, 57 %, 10665 MiB
2026/10/02 20:41:06.498, 2, 43, 1278 MHz, 130.70 W, 46 %, 10701 MiB
2026/10/02 20:41:07.501, 0, 39, 1202 MHz, 69.00 W, 93 %, 10667 MiB
2026/10/02 20:41:07.508, 1, 47, 1189 MHz, 47.75 W, 40 %, 10665 MiB
2026/10/02 20:41:07.520, 2, 43, 1252 MHz, 42.79 W, 55 %, 10701 MiB
2026/10/02 20:41:08.523, 0, 38, 1316 MHz, 35.35 W, 41 %, 10667 MiB
2026/10/02 20:41:08.529, 1, 46, 1202 MHz, 33.23 W, 25 %, 10665 MiB
2026/10/02 20:41:08.532, 2, 42, 1265 MHz, 36.49 W, 1 %, 10701 MiB
2026/10/02 20:41:09.535, 0, 39, 1189 MHz, 35.98 W, 94 %, 10667 MiB
2026/10/02 20:41:09.539, 1, 47, 1240 MHz, 141.41 W, 43 %, 10665 MiB
2026/10/02 20:41:09.550, 2, 43, 1303 MHz, 137.35 W, 42 %, 10701 MiB
2026/10/02 20:41:10.556, 0, 39, 1189 MHz, 64.79 W, 83 %, 10667 MiB
2026/10/02 20:41:10.559, 1, 47, 1215 MHz, 43.56 W, 35 %, 10665 MiB
2026/10/02 20:41:10.567, 2, 43, 1240 MHz, 45.81 W, 45 %, 10701 MiB
2026/10/02 20:41:11.570, 0, 40, 1227 MHz, 92.78 W, 91 %, 10667 MiB
2026/10/02 20:41:11.573, 1, 47, 1252 MHz, 53.90 W, 42 %, 10665 MiB
2026/10/02 20:41:11.582, 2, 43, 1316 MHz, 71.13 W, 49 %, 10701 MiB
2026/10/02 20:41:12.585, 0, 40, 1202 MHz, 68.30 W, 92 %, 10667 MiB
2026/10/02 20:41:12.588, 1, 48, 1265 MHz, 53.65 W, 48 %, 10665 MiB
2026/10/02 20:41:12.593, 2, 44, 1252 MHz, 49.10 W, 42 %, 10701 MiB
2026/10/02 20:41:13.600, 0, 40, 1240 MHz, 156.10 W, 94 %, 10667 MiB
2026/10/02 20:41:13.606, 1, 48, 1240 MHz, 70.66 W, 42 %, 10665 MiB
2026/10/02 20:41:13.609, 2, 44, 1316 MHz, 143.22 W, 43 %, 10701 MiB
2026/10/02 20:41:14.613, 0, 40, 1240 MHz, 39.98 W, 93 %, 10667 MiB
2026/10/02 20:41:14.617, 1, 48, 1252 MHz, 138.88 W, 41 %, 10665 MiB
2026/10/02 20:41:14.628, 2, 44, 1265 MHz, 106.21 W, 55 %, 10701 MiB
2026/10/02 20:41:15.631, 0, 40, 1316 MHz, 45.89 W, 93 %, 10667 MiB
2026/10/02 20:41:15.634, 1, 48, 1290 MHz, 142.88 W, 42 %, 10665 MiB
2026/10/02 20:41:15.645, 2, 44, 1290 MHz, 114.85 W, 44 %, 10701 MiB
2026/10/02 20:41:16.650, 0, 40, 1189 MHz, 90.62 W, 94 %, 10847 MiB
2026/10/02 20:41:16.653, 1, 48, 1290 MHz, 66.23 W, 51 %, 10845 MiB
2026/10/02 20:41:16.656, 2, 44, 1189 MHz, 95.02 W, 42 %, 10881 MiB
2026/10/02 20:41:17.659, 0, 41, 1278 MHz, 59.43 W, 94 %, 10847 MiB
2026/10/02 20:41:17.678, 1, 48, 1202 MHz, 75.33 W, 41 %, 10845 MiB
2026/10/02 20:41:17.683, 2, 44, 1252 MHz, 113.68 W, 45 %, 10881 MiB
2026/10/02 20:41:18.690, 0, 41, 1177 MHz, 84.95 W, 95 %, 10847 MiB
2026/10/02 20:41:18.701, 1, 49, 1215 MHz, 43.13 W, 47 %, 10845 MiB
2026/10/02 20:41:18.706, 2, 45, 1164 MHz, 51.95 W, 43 %, 10881 MiB
2026/10/02 20:41:19.715, 0, 41, 1265 MHz, 105.63 W, 95 %, 10847 MiB
2026/10/02 20:41:19.718, 1, 48, 1189 MHz, 132.12 W, 46 %, 10845 MiB
2026/10/02 20:41:19.721, 2, 44, 1252 MHz, 126.36 W, 40 %, 10881 MiB
2026/10/02 20:41:20.724, 0, 41, 1202 MHz, 54.19 W, 92 %, 10847 MiB
2026/10/02 20:41:20.729, 1, 48, 1189 MHz, 71.36 W, 37 %, 10845 MiB
2026/10/02 20:41:20.732, 2, 45, 1202 MHz, 41.37 W, 46 %, 10881 MiB
2026/10/02 20:41:21.739, 0, 41, 1265 MHz, 109.41 W, 91 %, 10847 MiB
2026/10/02 20:41:21.742, 1, 49, 1240 MHz, 55.35 W, 43 %, 10845 MiB
2026/10/02 20:41:21.751, 2, 45, 1290 MHz, 56.92 W, 43 %, 10881 MiB
2026/10/02 20:41:22.761, 0, 41, 1202 MHz, 80.38 W, 95 %, 10847 MiB
2026/10/02 20:41:22.764, 1, 49, 1189 MHz, 122.54 W, 48 %, 10845 MiB
2026/10/02 20:41:22.770, 2, 45, 1265 MHz, 105.22 W, 47 %, 10881 MiB
2026/10/02 20:41:23.773, 0, 41, 1202 MHz, 82.59 W, 95 %, 10847 MiB
2026/10/02 20:41:23.777, 1, 49, 1189 MHz, 45.52 W, 49 %, 10845 MiB
2026/10/02 20:41:23.783, 2, 45, 1227 MHz, 60.65 W, 50 %, 10881 MiB
2026/10/02 20:41:24.786, 0, 41, 1215 MHz, 107.26 W, 94 %, 10847 MiB
2026/10/02 20:41:24.790, 1, 49, 1189 MHz, 110.11 W, 55 %, 10845 MiB
2026/10/02 20:41:24.799, 2, 45, 1316 MHz, 151.88 W, 43 %, 10881 MiB
2026/10/02 20:41:25.807, 0, 41, 1189 MHz, 87.44 W, 96 %, 10847 MiB
2026/10/02 20:41:25.813, 1, 49, 1189 MHz, 38.65 W, 40 %, 10845 MiB
2026/10/02 20:41:25.816, 2, 45, 1265 MHz, 62.78 W, 49 %, 10881 MiB
2026/10/02 20:41:26.819, 0, 42, 1189 MHz, 49.92 W, 88 %, 10847 MiB
2026/10/02 20:41:26.823, 1, 49, 1227 MHz, 105.17 W, 41 %, 10845 MiB
2026/10/02 20:41:26.829, 2, 45, 1290 MHz, 61.85 W, 43 %, 10881 MiB
2026/10/02 20:41:27.833, 0, 41, 1215 MHz, 138.14 W, 91 %, 10847 MiB
2026/10/02 20:41:27.842, 1, 50, 1189 MHz, 49.28 W, 49 %, 10845 MiB
2026/10/02 20:41:27.845, 2, 46, 1240 MHz, 67.92 W, 43 %, 10881 MiB
2026/10/02 20:41:28.850, 0, 42, 1202 MHz, 38.82 W, 92 %, 10847 MiB
2026/10/02 20:41:28.858, 1, 50, 1202 MHz, 128.27 W, 55 %, 10845 MiB
2026/10/02 20:41:28.864, 2, 45, 1189 MHz, 104.41 W, 47 %, 10881 MiB
2026/10/02 20:41:29.871, 0, 42, 1290 MHz, 97.51 W, 97 %, 10847 MiB
2026/10/02 20:41:29.874, 1, 50, 1252 MHz, 50.43 W, 46 %, 10845 MiB
2026/10/02 20:41:29.877, 2, 46, 1303 MHz, 81.12 W, 42 %, 10881 MiB
2026/10/02 20:41:30.883, 0, 42, 1189 MHz, 45.66 W, 77 %, 10847 MiB
2026/10/02 20:41:30.887, 1, 50, 1189 MHz, 93.61 W, 46 %, 10845 MiB
2026/10/02 20:41:30.890, 2, 46, 1227 MHz, 43.94 W, 51 %, 10881 MiB
2026/10/02 20:41:31.895, 0, 42, 1316 MHz, 74.30 W, 90 %, 10847 MiB
2026/10/02 20:41:31.902, 1, 50, 1215 MHz, 138.02 W, 41 %, 10845 MiB
2026/10/02 20:41:31.909, 2, 46, 1189 MHz, 109.88 W, 37 %, 10881 MiB
2026/10/02 20:41:32.915, 0, 42, 1202 MHz, 98.34 W, 91 %, 10847 MiB
2026/10/02 20:41:32.918, 1, 50, 1215 MHz, 60.45 W, 41 %, 10845 MiB
2026/10/02 20:41:32.921, 2, 46, 1252 MHz, 66.74 W, 43 %, 10881 MiB
2026/10/02 20:41:33.927, 0, 43, 1265 MHz, 66.87 W, 94 %, 10847 MiB
2026/10/02 20:41:33.931, 1, 50, 1278 MHz, 44.08 W, 42 %, 10845 MiB
2026/10/02 20:41:33.934, 2, 46, 1202 MHz, 53.57 W, 50 %, 10881 MiB
2026/10/02 20:41:34.937, 0, 42, 1189 MHz, 51.34 W, 93 %, 10847 MiB
2026/10/02 20:41:34.941, 1, 50, 1189 MHz, 84.69 W, 49 %, 10845 MiB
2026/10/02 20:41:34.944, 2, 46, 1189 MHz, 43.23 W, 42 %, 10881 MiB
2026/10/02 20:41:35.950, 0, 43, 1189 MHz, 48.77 W, 96 %, 10847 MiB
2026/10/02 20:41:35.955, 1, 50, 1189 MHz, 88.63 W, 47 %, 10845 MiB
2026/10/02 20:41:35.958, 2, 47, 1202 MHz, 44.89 W, 48 %, 10881 MiB
2026/10/02 20:41:36.961, 0, 42, 1303 MHz, 126.61 W, 84 %, 10847 MiB
2026/10/02 20:41:36.962, 1, 51, 1240 MHz, 105.95 W, 45 %, 10845 MiB
2026/10/02 20:41:36.965, 2, 46, 1202 MHz, 120.29 W, 48 %, 10881 MiB
2026/10/02 20:41:37.968, 0, 43, 1215 MHz, 48.94 W, 92 %, 10847 MiB
2026/10/02 20:41:37.972, 1, 50, 1265 MHz, 113.81 W, 55 %, 10845 MiB
2026/10/02 20:41:37.978, 2, 47, 1189 MHz, 48.57 W, 44 %, 10881 MiB
2026/10/02 20:41:38.983, 0, 43, 1278 MHz, 56.70 W, 93 %, 10847 MiB
2026/10/02 20:41:38.988, 1, 50, 1240 MHz, 61.07 W, 43 %, 10845 MiB
2026/10/02 20:41:38.988, 2, 47, 1202 MHz, 48.19 W, 43 %, 10881 MiB
2026/10/02 20:41:39.993, 0, 43, 1240 MHz, 84.76 W, 91 %, 10847 MiB
2026/10/02 20:41:39.997, 1, 50, 1278 MHz, 157.45 W, 41 %, 10845 MiB
2026/10/02 20:41:40.005, 2, 46, 1202 MHz, 122.10 W, 44 %, 10881 MiB
2026/10/02 20:41:41.008, 0, 43, 1189 MHz, 43.48 W, 93 %, 10847 MiB
2026/10/02 20:41:41.023, 1, 50, 1189 MHz, 129.70 W, 47 %, 10845 MiB
2026/10/02 20:41:41.029, 2, 47, 1252 MHz, 115.66 W, 43 %, 10881 MiB
2026/10/02 20:41:42.032, 0, 43, 1189 MHz, 86.66 W, 94 %, 10847 MiB
2026/10/02 20:41:42.035, 1, 50, 1202 MHz, 102.74 W, 42 %, 10845 MiB
2026/10/02 20:41:42.048, 2, 47, 1189 MHz, 124.55 W, 39 %, 10881 MiB
2026/10/02 20:41:43.051, 0, 43, 1189 MHz, 97.71 W, 94 %, 10847 MiB
2026/10/02 20:41:43.054, 1, 51, 1189 MHz, 48.77 W, 40 %, 10845 MiB
2026/10/02 20:41:43.057, 2, 47, 1189 MHz, 85.06 W, 51 %, 10881 MiB
2026/10/02 20:41:44.062, 0, 43, 1151 MHz, 80.47 W, 93 %, 10847 MiB
2026/10/02 20:41:44.070, 1, 51, 1189 MHz, 44.55 W, 48 %, 10845 MiB
2026/10/02 20:41:44.073, 2, 47, 1303 MHz, 68.16 W, 45 %, 10881 MiB
2026/10/02 20:41:45.076, 0, 43, 1215 MHz, 61.72 W, 98 %, 10847 MiB
2026/10/02 20:41:45.080, 1, 51, 1290 MHz, 64.85 W, 43 %, 10845 MiB
2026/10/02 20:41:45.087, 2, 47, 1265 MHz, 47.45 W, 50 %, 10881 MiB
2026/10/02 20:41:46.090, 0, 43, 1240 MHz, 44.24 W, 81 %, 10847 MiB
2026/10/02 20:41:46.093, 1, 51, 1189 MHz, 107.52 W, 51 %, 10845 MiB
2026/10/02 20:41:46.096, 2, 48, 1290 MHz, 80.92 W, 43 %, 10881 MiB
2026/10/02 20:41:47.099, 0, 43, 1189 MHz, 47.76 W, 88 %, 10847 MiB
2026/10/02 20:41:47.103, 1, 51, 1303 MHz, 135.00 W, 44 %, 10845 MiB
2026/10/02 20:41:47.111, 2, 47, 1227 MHz, 96.47 W, 51 %, 10881 MiB
2026/10/02 20:41:48.120, 0, 43, 1252 MHz, 44.95 W, 94 %, 10847 MiB
2026/10/02 20:41:48.123, 1, 51, 1202 MHz, 115.80 W, 48 %, 10845 MiB
2026/10/02 20:41:48.132, 2, 48, 1189 MHz, 94.28 W, 40 %, 10881 MiB
2026/10/02 20:41:49.136, 0, 43, 1278 MHz, 38.58 W, 84 %, 10847 MiB
2026/10/02 20:41:49.141, 1, 51, 1215 MHz, 96.19 W, 47 %, 10845 MiB
2026/10/02 20:41:49.144, 2, 48, 1189 MHz, 43.70 W, 45 %, 10881 MiB
2026/10/02 20:41:50.148, 0, 44, 1215 MHz, 44.47 W, 93 %, 10847 MiB
2026/10/02 20:41:50.155, 1, 51, 1189 MHz, 87.96 W, 58 %, 10845 MiB
2026/10/02 20:41:50.163, 2, 48, 1202 MHz, 84.50 W, 43 %, 10881 MiB
2026/10/02 20:41:51.166, 0, 44, 1240 MHz, 43.29 W, 99 %, 10847 MiB
2026/10/02 20:41:51.169, 1, 51, 1240 MHz, 112.46 W, 42 %, 10845 MiB
2026/10/02 20:41:51.172, 2, 48, 1265 MHz, 44.65 W, 34 %, 10881 MiB
2026/10/02 20:41:52.175, 0, 44, 1303 MHz, 48.70 W, 90 %, 10847 MiB
2026/10/02 20:41:52.179, 1, 51, 1227 MHz, 107.92 W, 32 %, 10845 MiB
2026/10/02 20:41:52.186, 2, 48, 1227 MHz, 71.36 W, 46 %, 10881 MiB
2026/10/02 20:41:53.189, 0, 44, 1278 MHz, 153.25 W, 90 %, 10847 MiB
2026/10/02 20:41:53.192, 1, 52, 1278 MHz, 66.52 W, 46 %, 10845 MiB
2026/10/02 20:41:53.195, 2, 48, 1202 MHz, 110.75 W, 44 %, 10881 MiB
2026/10/02 20:41:54.198, 0, 44, 1278 MHz, 50.12 W, 91 %, 10847 MiB
2026/10/02 20:41:54.203, 1, 52, 1265 MHz, 114.28 W, 44 %, 10845 MiB
2026/10/02 20:41:54.209, 2, 48, 1202 MHz, 65.76 W, 51 %, 10881 MiB
2026/10/02 20:41:55.212, 0, 44, 1265 MHz, 40.92 W, 91 %, 10847 MiB
2026/10/02 20:41:55.215, 1, 51, 1202 MHz, 131.55 W, 47 %, 10845 MiB
2026/10/02 20:41:55.218, 2, 48, 1189 MHz, 72.52 W, 44 %, 10881 MiB
2026/10/02 20:41:56.221, 0, 44, 1202 MHz, 89.14 W, 93 %, 10847 MiB
2026/10/02 20:41:56.229, 1, 52, 1240 MHz, 44.56 W, 46 %, 10845 MiB
2026/10/02 20:41:56.236, 2, 48, 1202 MHz, 57.58 W, 43 %, 10881 MiB
2026/10/02 20:41:57.239, 0, 44, 1202 MHz, 134.54 W, 91 %, 10847 MiB
2026/10/02 20:41:57.252, 1, 52, 1227 MHz, 44.00 W, 41 %, 10845 MiB
2026/10/02 20:41:57.255, 2, 48, 1202 MHz, 58.47 W, 47 %, 10881 MiB
2026/10/02 20:41:58.261, 0, 44, 1278 MHz, 121.78 W, 96 %, 10847 MiB
2026/10/02 20:41:58.270, 1, 52, 1202 MHz, 91.82 W, 48 %, 10845 MiB
2026/10/02 20:41:58.276, 2, 48, 1278 MHz, 143.93 W, 53 %, 10881 MiB
2026/10/02 20:41:59.279, 0, 44, 1215 MHz, 103.38 W, 95 %, 10847 MiB
2026/10/02 20:41:59.282, 1, 52, 1189 MHz, 52.44 W, 45 %, 10845 MiB
2026/10/02 20:41:59.285, 2, 48, 1240 MHz, 103.99 W, 43 %, 10881 MiB
2026/10/02 20:42:00.289, 0, 44, 1189 MHz, 38.35 W, 94 %, 10847 MiB
2026/10/02 20:42:00.292, 1, 52, 1215 MHz, 131.22 W, 46 %, 10845 MiB
2026/10/02 20:42:00.299, 2, 48, 1316 MHz, 114.00 W, 46 %, 10881 MiB
2026/10/02 20:42:01.302, 0, 44, 1240 MHz, 45.16 W, 75 %, 10847 MiB
2026/10/02 20:42:01.305, 1, 52, 1265 MHz, 89.51 W, 43 %, 10845 MiB
2026/10/02 20:42:01.308, 2, 49, 1252 MHz, 83.09 W, 56 %, 10881 MiB
2026/10/02 20:42:02.311, 0, 45, 1202 MHz, 92.44 W, 98 %, 10847 MiB
2026/10/02 20:42:02.324, 1, 52, 1290 MHz, 39.84 W, 43 %, 10845 MiB
2026/10/02 20:42:02.329, 2, 48, 1189 MHz, 47.23 W, 51 %, 10881 MiB
2026/10/02 20:42:03.332, 0, 45, 1303 MHz, 157.10 W, 73 %, 10847 MiB
2026/10/02 20:42:03.346, 1, 53, 1215 MHz, 56.27 W, 43 %, 10845 MiB
2026/10/02 20:42:03.352, 2, 49, 1227 MHz, 102.44 W, 44 %, 10881 MiB
2026/10/02 20:42:04.355, 0, 44, 1202 MHz, 92.01 W, 92 %, 10847 MiB
2026/10/02 20:42:04.364, 1, 52, 1240 MHz, 53.94 W, 40 %, 10845 MiB
2026/10/02 20:42:04.372, 2, 49, 1290 MHz, 65.37 W, 43 %, 10881 MiB
2026/10/02 20:42:05.375, 0, 45, 1303 MHz, 43.97 W, 94 %, 10847 MiB
2026/10/02 20:42:05.382, 1, 52, 1316 MHz, 148.03 W, 44 %, 10845 MiB
2026/10/02 20:42:05.385, 2, 49, 1215 MHz, 58.35 W, 43 %, 10881 MiB
2026/10/02 20:42:06.388, 0, 45, 1202 MHz, 87.26 W, 93 %, 10847 MiB
2026/10/02 20:42:06.392, 1, 53, 1252 MHz, 46.44 W, 43 %, 10845 MiB
2026/10/02 20:42:06.397, 2, 49, 1240 MHz, 57.81 W, 46 %, 10881 MiB
2026/10/02 20:42:07.404, 0, 45, 1202 MHz, 103.10 W, 93 %, 10847 MiB
2026/10/02 20:42:07.409, 1, 53, 1265 MHz, 45.19 W, 48 %, 10845 MiB
2026/10/02 20:42:07.420, 2, 49, 1164 MHz, 122.26 W, 40 %, 10881 MiB
2026/10/02 20:42:08.435, 0, 45, 1252 MHz, 138.60 W, 95 %, 10847 MiB
2026/10/02 20:42:08.438, 1, 53, 1189 MHz, 79.76 W, 46 %, 10845 MiB
2026/10/02 20:42:08.442, 2, 49, 1227 MHz, 141.23 W, 43 %, 10881 MiB
2026/10/02 20:42:09.446, 0, 45, 1189 MHz, 52.04 W, 79 %, 10847 MiB
2026/10/02 20:42:09.454, 1, 52, 1265 MHz, 100.71 W, 48 %, 10845 MiB
2026/10/02 20:42:09.465, 2, 49, 1189 MHz, 43.00 W, 42 %, 10881 MiB
2026/10/02 20:42:10.468, 0, 45, 1189 MHz, 51.38 W, 91 %, 10847 MiB
2026/10/02 20:42:10.471, 1, 53, 1189 MHz, 41.50 W, 59 %, 10845 MiB
2026/10/02 20:42:10.474, 2, 49, 1202 MHz, 52.43 W, 43 %, 10881 MiB
2026/10/02 20:42:11.480, 0, 45, 1189 MHz, 45.69 W, 96 %, 10847 MiB
2026/10/02 20:42:11.484, 1, 53, 1202 MHz, 92.56 W, 40 %, 10845 MiB
2026/10/02 20:42:11.488, 2, 49, 1189 MHz, 42.52 W, 32 %, 10881 MiB
2026/10/02 20:42:12.494, 0, 45, 1215 MHz, 123.22 W, 78 %, 10847 MiB
2026/10/02 20:42:12.506, 1, 53, 1151 MHz, 44.58 W, 47 %, 10845 MiB
2026/10/02 20:42:12.516, 2, 49, 1177 MHz, 59.04 W, 44 %, 10881 MiB
2026/10/02 20:42:13.527, 0, 45, 1202 MHz, 93.67 W, 91 %, 10847 MiB
2026/10/02 20:42:13.530, 1, 53, 1227 MHz, 56.66 W, 63 %, 10845 MiB
2026/10/02 20:42:13.535, 2, 49, 1189 MHz, 89.20 W, 51 %, 10881 MiB
2026/10/02 20:42:14.538, 0, 45, 1189 MHz, 86.55 W, 98 %, 10847 MiB
2026/10/02 20:42:14.545, 1, 53, 1240 MHz, 43.61 W, 41 %, 10845 MiB
2026/10/02 20:42:14.548, 2, 49, 1189 MHz, 53.88 W, 50 %, 10881 MiB
2026/10/02 20:42:15.551, 0, 46, 1240 MHz, 74.76 W, 74 %, 10847 MiB
2026/10/02 20:42:15.554, 1, 53, 1202 MHz, 113.35 W, 46 %, 10845 MiB
2026/10/02 20:42:15.568, 2, 50, 1215 MHz, 152.88 W, 44 %, 10881 MiB
2026/10/02 20:42:16.575, 0, 45, 1189 MHz, 79.34 W, 93 %, 10847 MiB
2026/10/02 20:42:16.578, 1, 53, 1278 MHz, 82.78 W, 45 %, 10845 MiB
2026/10/02 20:42:16.584, 2, 50, 1252 MHz, 104.16 W, 45 %, 10881 MiB
2026/10/02 20:42:17.587, 0, 46, 1189 MHz, 104.93 W, 91 %, 10847 MiB
2026/10/02 20:42:17.594, 1, 53, 1278 MHz, 56.28 W, 45 %, 10845 MiB
2026/10/02 20:42:17.598, 2, 50, 1252 MHz, 63.45 W, 43 %, 10881 MiB
2026/10/02 20:42:18.605, 0, 46, 1316 MHz, 40.92 W, 92 %, 10847 MiB
2026/10/02 20:42:18.609, 1, 53, 1252 MHz, 135.34 W, 41 %, 10845 MiB
2026/10/02 20:42:18.612, 2, 50, 1202 MHz, 79.01 W, 49 %, 10881 MiB
2026/10/02 20:42:19.617, 0, 46, 1303 MHz, 69.89 W, 95 %, 10847 MiB
2026/10/02 20:42:19.621, 1, 53, 1265 MHz, 142.36 W, 41 %, 10845 MiB
2026/10/02 20:42:19.624, 2, 50, 1189 MHz, 94.67 W, 48 %, 10881 MiB
2026/10/02 20:42:20.628, 0, 46, 1316 MHz, 149.76 W, 92 %, 10847 MiB
2026/10/02 20:42:20.631, 1, 54, 1252 MHz, 73.21 W, 42 %, 10845 MiB
2026/10/02 20:42:20.635, 2, 50, 1189 MHz, 103.14 W, 48 %, 10881 MiB
2026/10/02 20:42:21.646, 0, 46, 1189 MHz, 47.99 W, 97 %, 10847 MiB
2026/10/02 20:42:21.652, 1, 53, 1303 MHz, 132.60 W, 44 %, 10845 MiB
2026/10/02 20:42:21.658, 2, 50, 1202 MHz, 72.47 W, 47 %, 10881 MiB
2026/10/02 20:42:22.661, 0, 46, 1189 MHz, 64.80 W, 94 %, 10847 MiB
2026/10/02 20:42:22.670, 1, 53, 1189 MHz, 130.78 W, 44 %, 10845 MiB
2026/10/02 20:42:22.682, 2, 50, 1252 MHz, 134.04 W, 47 %, 10881 MiB
2026/10/02 20:42:23.685, 0, 46, 1189 MHz, 139.05 W, 92 %, 10847 MiB
2026/10/02 20:42:23.688, 1, 53, 1189 MHz, 46.84 W, 49 %, 10845 MiB
2026/10/02 20:42:23.691, 2, 50, 1189 MHz, 71.30 W, 43 %, 10881 MiB
2026/10/02 20:42:24.694, 0, 46, 1265 MHz, 41.94 W, 94 %, 10847 MiB
2026/10/02 20:42:24.698, 1, 53, 1303 MHz, 115.45 W, 49 %, 10845 MiB
2026/10/02 20:42:24.708, 2, 50, 1189 MHz, 46.21 W, 41 %, 10881 MiB
2026/10/02 20:42:25.711, 0, 47, 1075 MHz, 67.11 W, 94 %, 10847 MiB
2026/10/02 20:42:25.721, 1, 53, 1215 MHz, 78.61 W, 47 %, 10845 MiB
2026/10/02 20:42:25.725, 2, 50, 1189 MHz, 37.82 W, 40 %, 10881 MiB
2026/10/02 20:42:26.730, 0, 46, 1265 MHz, 64.09 W, 94 %, 10847 MiB
2026/10/02 20:42:26.739, 1, 53, 1202 MHz, 120.32 W, 47 %, 10845 MiB
2026/10/02 20:42:26.750, 2, 50, 1252 MHz, 130.56 W, 58 %, 10881 MiB
2026/10/02 20:42:27.753, 0, 46, 1265 MHz, 88.14 W, 97 %, 10847 MiB
2026/10/02 20:42:27.762, 1, 54, 1189 MHz, 44.08 W, 51 %, 10845 MiB
2026/10/02 20:42:27.767, 2, 51, 1202 MHz, 56.60 W, 49 %, 10881 MiB
2026/10/02 20:42:28.770, 0, 47, 1151 MHz, 78.64 W, 96 %, 10847 MiB
2026/10/02 20:42:28.775, 1, 54, 1189 MHz, 42.44 W, 46 %, 10845 MiB
2026/10/02 20:42:28.778, 2, 50, 1303 MHz, 66.51 W, 43 %, 10881 MiB
2026/10/02 20:42:29.786, 0, 46, 1189 MHz, 60.37 W, 92 %, 10847 MiB
2026/10/02 20:42:29.789, 1, 54, 1189 MHz, 73.26 W, 49 %, 10845 MiB
2026/10/02 20:42:29.795, 2, 51, 1202 MHz, 97.09 W, 62 %, 10881 MiB
2026/10/02 20:42:30.798, 0, 46, 1189 MHz, 72.07 W, 97 %, 10847 MiB
2026/10/02 20:42:30.801, 1, 54, 1189 MHz, 43.39 W, 61 %, 10845 MiB
2026/10/02 20:42:30.808, 2, 51, 1202 MHz, 53.38 W, 52 %, 10881 MiB
2026/10/02 20:42:31.816, 0, 46, 1189 MHz, 56.08 W, 95 %, 10847 MiB
2026/10/02 20:42:31.820, 1, 54, 1189 MHz, 39.37 W, 34 %, 10845 MiB
2026/10/02 20:42:31.825, 2, 51, 1189 MHz, 49.83 W, 45 %, 10881 MiB
2026/10/02 20:42:32.828, 0, 46, 1202 MHz, 38.82 W, 74 %, 10847 MiB
2026/10/02 20:42:32.832, 1, 54, 1189 MHz, 124.74 W, 37 %, 10845 MiB
2026/10/02 20:42:32.840, 2, 50, 1189 MHz, 96.38 W, 62 %, 10881 MiB
2026/10/02 20:42:33.843, 0, 47, 1189 MHz, 39.06 W, 92 %, 10847 MiB
2026/10/02 20:42:33.855, 1, 54, 1202 MHz, 132.88 W, 38 %, 10845 MiB
2026/10/02 20:42:33.861, 2, 51, 1189 MHz, 89.40 W, 45 %, 10881 MiB
2026/10/02 20:42:34.864, 0, 46, 1316 MHz, 82.19 W, 72 %, 10847 MiB
2026/10/02 20:42:34.872, 1, 54, 1189 MHz, 120.78 W, 39 %, 10845 MiB
2026/10/02 20:42:34.885, 2, 51, 1189 MHz, 143.08 W, 62 %, 10881 MiB
2026/10/02 20:42:35.892, 0, 47, 1316 MHz, 119.70 W, 82 %, 10847 MiB
2026/10/02 20:42:35.902, 1, 54, 1265 MHz, 50.20 W, 70 %, 10845 MiB
2026/10/02 20:42:35.905, 2, 50, 1177 MHz, 63.68 W, 54 %, 10881 MiB
2026/10/02 20:42:36.914, 0, 47, 1303 MHz, 123.39 W, 95 %, 10847 MiB
2026/10/02 20:42:36.924, 1, 54, 1189 MHz, 47.35 W, 44 %, 10845 MiB
2026/10/02 20:42:36.928, 2, 51, 1177 MHz, 67.88 W, 43 %, 10881 MiB
2026/10/02 20:42:37.937, 0, 47, 1189 MHz, 47.81 W, 70 %, 10847 MiB
2026/10/02 20:42:37.944, 1, 54, 1252 MHz, 103.23 W, 41 %, 10845 MiB
2026/10/02 20:42:37.948, 2, 51, 1189 MHz, 43.97 W, 62 %, 10881 MiB
2026/10/02 20:42:38.951, 0, 47, 1240 MHz, 79.49 W, 84 %, 10847 MiB
2026/10/02 20:42:38.954, 1, 54, 1215 MHz, 70.91 W, 70 %, 10845 MiB
2026/10/02 20:42:38.958, 2, 51, 1202 MHz, 99.38 W, 54 %, 10881 MiB
2026/10/02 20:42:39.965, 0, 47, 1202 MHz, 59.89 W, 95 %, 10847 MiB
2026/10/02 20:42:39.968, 1, 54, 1189 MHz, 74.00 W, 44 %, 10845 MiB
2026/10/02 20:42:39.976, 2, 51, 1290 MHz, 100.72 W, 43 %, 10881 MiB
2026/10/02 20:42:40.980, 0, 47, 1189 MHz, 77.87 W, 67 %, 10847 MiB
2026/10/02 20:42:40.989, 1, 54, 1189 MHz, 40.08 W, 33 %, 10845 MiB
2026/10/02 20:42:40.996, 2, 51, 1290 MHz, 50.74 W, 47 %, 10881 MiB
2026/10/02 20:42:41.999, 0, 47, 1202 MHz, 101.04 W, 96 %, 10847 MiB
2026/10/02 20:42:42.002, 1, 54, 1189 MHz, 54.30 W, 44 %, 10845 MiB
2026/10/02 20:42:42.005, 2, 51, 1240 MHz, 92.18 W, 45 %, 10881 MiB
2026/10/02 20:42:43.010, 0, 47, 1189 MHz, 70.84 W, 71 %, 10847 MiB
2026/10/02 20:42:43.013, 1, 54, 1189 MHz, 66.92 W, 42 %, 10845 MiB
2026/10/02 20:42:43.020, 2, 51, 1189 MHz, 98.22 W, 51 %, 10881 MiB
2026/10/02 20:42:44.023, 0, 47, 1202 MHz, 99.00 W, 86 %, 10847 MiB
2026/10/02 20:42:44.027, 1, 55, 1189 MHz, 49.38 W, 68 %, 10845 MiB
2026/10/02 20:42:44.030, 2, 51, 1189 MHz, 89.69 W, 48 %, 10881 MiB
2026/10/02 20:42:45.045, 0, 47, 1189 MHz, 76.67 W, 98 %, 10847 MiB
2026/10/02 20:42:45.058, 1, 54, 1240 MHz, 62.93 W, 40 %, 10845 MiB
2026/10/02 20:42:45.061, 2, 51, 1189 MHz, 99.21 W, 40 %, 10881 MiB
2026/10/02 20:42:46.064, 0, 47, 1240 MHz, 61.34 W, 74 %, 10847 MiB
2026/10/02 20:42:46.067, 1, 55, 1252 MHz, 76.07 W, 42 %, 10845 MiB
2026/10/02 20:42:46.072, 2, 51, 1303 MHz, 112.56 W, 43 %, 10881 MiB
2026/10/02 20:42:47.082, 0, 47, 1290 MHz, 88.19 W, 90 %, 10847 MiB
2026/10/02 20:42:47.088, 1, 55, 1189 MHz, 57.57 W, 50 %, 10845 MiB
2026/10/02 20:42:47.093, 2, 51, 1189 MHz, 89.38 W, 38 %, 10881 MiB
2026/10/02 20:42:48.100, 0, 47, 1189 MHz, 45.19 W, 92 %, 10847 MiB
2026/10/02 20:42:48.105, 1, 54, 1189 MHz, 99.61 W, 48 %, 10845 MiB
2026/10/02 20:42:48.108, 2, 51, 1202 MHz, 58.13 W, 43 %, 10881 MiB
2026/10/02 20:42:49.111, 0, 47, 1189 MHz, 42.35 W, 79 %, 10847 MiB
2026/10/02 20:42:49.114, 1, 55, 1215 MHz, 87.47 W, 52 %, 10845 MiB
2026/10/02 20:42:49.119, 2, 51, 1189 MHz, 78.40 W, 63 %, 10881 MiB
2026/10/02 20:42:50.124, 0, 48, 1316 MHz, 93.32 W, 92 %, 10847 MiB
2026/10/02 20:42:50.129, 1, 55, 1189 MHz, 46.45 W, 34 %, 10845 MiB
2026/10/02 20:42:50.132, 2, 52, 1189 MHz, 68.16 W, 45 %, 10881 MiB
2026/10/02 20:42:51.135, 0, 47, 1303 MHz, 147.58 W, 69 %, 10847 MiB
2026/10/02 20:42:51.138, 1, 54, 1151 MHz, 77.64 W, 37 %, 10845 MiB
2026/10/02 20:42:51.145, 2, 51, 1189 MHz, 127.12 W, 63 %, 10881 MiB
2026/10/02 20:42:52.152, 0, 47, 1290 MHz, 139.74 W, 79 %, 10847 MiB
2026/10/02 20:42:52.155, 1, 55, 1227 MHz, 101.84 W, 73 %, 10845 MiB
2026/10/02 20:42:52.158, 2, 51, 1202 MHz, 127.99 W, 47 %, 10881 MiB
2026/10/02 20:42:53.161, 0, 48, 1189 MHz, 50.43 W, 99 %, 10847 MiB
2026/10/02 20:42:53.164, 1, 54, 1189 MHz, 45.69 W, 46 %, 10845 MiB
2026/10/02 20:42:53.168, 2, 52, 1202 MHz, 48.17 W, 42 %, 10881 MiB
2026/10/02 20:42:54.172, 0, 47, 1189 MHz, 73.67 W, 72 %, 10847 MiB
2026/10/02 20:42:54.176, 1, 55, 1252 MHz, 46.42 W, 41 %, 10845 MiB
2026/10/02 20:42:54.179, 2, 52, 1189 MHz, 64.86 W, 62 %, 10881 MiB
2026/10/02 20:42:55.183, 0, 47, 1202 MHz, 80.95 W, 83 %, 10847 MiB
2026/10/02 20:42:55.186, 1, 55, 1189 MHz, 57.57 W, 71 %, 10845 MiB
2026/10/02 20:42:55.190, 2, 51, 1189 MHz, 95.09 W, 46 %, 10881 MiB
2026/10/02 20:42:56.197, 0, 48, 1189 MHz, 52.49 W, 96 %, 10847 MiB
2026/10/02 20:42:56.204, 1, 55, 1240 MHz, 85.40 W, 45 %, 10845 MiB
2026/10/02 20:42:56.207, 2, 52, 1189 MHz, 46.54 W, 43 %, 10881 MiB
2026/10/02 20:42:57.210, 0, 48, 1189 MHz, 44.80 W, 70 %, 10847 MiB
2026/10/02 20:42:57.213, 1, 55, 1265 MHz, 39.84 W, 45 %, 10845 MiB
2026/10/02 20:42:57.218, 2, 52, 1189 MHz, 41.20 W, 46 %, 10881 MiB
2026/10/02 20:42:58.225, 0, 48, 1189 MHz, 119.07 W, 94 %, 10847 MiB
2026/10/02 20:42:58.228, 1, 55, 1202 MHz, 94.66 W, 52 %, 10845 MiB
2026/10/02 20:42:58.231, 2, 52, 1189 MHz, 120.82 W, 39 %, 10881 MiB
2026/10/02 20:42:59.234, 0, 47, 1189 MHz, 36.46 W, 95 %, 10847 MiB
2026/10/02 20:42:59.238, 1, 55, 1189 MHz, 106.70 W, 46 %, 10845 MiB
2026/10/02 20:42:59.246, 2, 52, 1202 MHz, 58.99 W, 69 %, 10881 MiB
2026/10/02 20:43:00.252, 0, 48, 1189 MHz, 42.67 W, 97 %, 10847 MiB
2026/10/02 20:43:00.256, 1, 56, 1101 MHz, 79.71 W, 44 %, 10845 MiB
2026/10/02 20:43:00.259, 2, 52, 1189 MHz, 42.14 W, 54 %, 10881 MiB
2026/10/02 20:43:01.262, 0, 48, 1151 MHz, 139.93 W, 92 %, 10847 MiB
2026/10/02 20:43:01.279, 1, 55, 1189 MHz, 40.25 W, 42 %, 10845 MiB
2026/10/02 20:43:01.286, 2, 52, 1189 MHz, 48.87 W, 43 %, 10881 MiB
2026/10/02 20:43:02.291, 0, 48, 1126 MHz, 72.38 W, 97 %, 10847 MiB
2026/10/02 20:43:02.300, 1, 55, 1240 MHz, 38.83 W, 49 %, 10845 MiB
2026/10/02 20:43:02.320, 2, 53, 1088 MHz, 117.61 W, 42 %, 10881 MiB
2026/10/02 20:43:03.324, 0, 48, 1189 MHz, 134.45 W, 93 %, 10847 MiB
2026/10/02 20:43:03.327, 1, 55, 1101 MHz, 133.80 W, 48 %, 10845 MiB
2026/10/02 20:43:03.339, 2, 52, 1164 MHz, 102.76 W, 43 %, 10881 MiB
2026/10/02 20:43:04.346, 0, 48, 1240 MHz, 126.37 W, 92 %, 10847 MiB
2026/10/02 20:43:04.349, 1, 55, 1278 MHz, 153.65 W, 49 %, 10845 MiB
2026/10/02 20:43:04.359, 2, 52, 1202 MHz, 131.66 W, 42 %, 10881 MiB
2026/10/02 20:43:05.366, 0, 48, 1265 MHz, 140.75 W, 93 %, 10847 MiB
2026/10/02 20:43:05.369, 1, 55, 1189 MHz, 130.08 W, 47 %, 10845 MiB
2026/10/02 20:43:05.372, 2, 52, 1189 MHz, 129.38 W, 43 %, 10881 MiB
2026/10/02 20:43:06.381, 0, 48, 1316 MHz, 148.43 W, 93 %, 10847 MiB
2026/10/02 20:43:06.388, 1, 55, 1240 MHz, 55.37 W, 44 %, 10845 MiB
2026/10/02 20:43:06.392, 2, 52, 1227 MHz, 80.49 W, 43 %, 10881 MiB
2026/10/02 20:43:07.397, 0, 48, 1303 MHz, 43.50 W, 91 %, 10847 MiB
2026/10/02 20:43:07.401, 1, 55, 1240 MHz, 137.79 W, 46 %, 10845 MiB
2026/10/02 20:43:07.404, 2, 52, 1189 MHz, 82.73 W, 44 %, 10881 MiB
2026/10/02 20:43:08.409, 0, 48, 1303 MHz, 47.07 W, 89 %, 10847 MiB
2026/10/02 20:43:08.412, 1, 55, 1189 MHz, 107.14 W, 41 %, 10845 MiB
2026/10/02 20:43:08.415, 2, 52, 1189 MHz, 72.33 W, 50 %, 10881 MiB
2026/10/02 20:43:09.421, 0, 48, 1278 MHz, 104.19 W, 91 %, 10847 MiB
2026/10/02 20:43:09.432, 1, 55, 1189 MHz, 46.65 W, 42 %, 10845 MiB
2026/10/02 20:43:09.435, 2, 53, 1164 MHz, 61.12 W, 43 %, 10881 MiB
2026/10/02 20:43:10.444, 0, 48, 1189 MHz, 127.50 W, 90 %, 10847 MiB
2026/10/02 20:43:10.462, 1, 55, 1189 MHz, 49.72 W, 54 %, 10845 MiB
2026/10/02 20:43:10.471, 2, 52, 1202 MHz, 72.59 W, 43 %, 10881 MiB
2026/10/02 20:43:11.476, 0, 48, 1215 MHz, 52.25 W, 94 %, 10847 MiB
2026/10/02 20:43:11.479, 1, 55, 1189 MHz, 86.08 W, 31 %, 10845 MiB
2026/10/02 20:43:11.485, 2, 52, 1278 MHz, 46.27 W, 43 %, 10881 MiB
2026/10/02 20:43:12.488, 0, 48, 1215 MHz, 88.85 W, 69 %, 10847 MiB
2026/10/02 20:43:12.491, 1, 55, 1189 MHz, 63.67 W, 38 %, 10845 MiB
2026/10/02 20:43:12.494, 2, 52, 1189 MHz, 98.46 W, 51 %, 10881 MiB
2026/10/02 20:43:13.497, 0, 48, 1189 MHz, 53.20 W, 81 %, 10847 MiB
2026/10/02 20:43:13.505, 1, 55, 1189 MHz, 80.09 W, 76 %, 10845 MiB
2026/10/02 20:43:13.510, 2, 53, 1189 MHz, 46.07 W, 39 %, 10881 MiB
2026/10/02 20:43:14.514, 0, 48, 1252 MHz, 43.29 W, 67 %, 10847 MiB
2026/10/02 20:43:14.523, 1, 55, 1278 MHz, 144.69 W, 39 %, 10845 MiB
2026/10/02 20:43:14.533, 2, 53, 1290 MHz, 115.32 W, 64 %, 10881 MiB
2026/10/02 20:43:15.536, 0, 48, 1189 MHz, 75.03 W, 97 %, 10847 MiB
2026/10/02 20:43:15.539, 1, 56, 1278 MHz, 53.95 W, 74 %, 10845 MiB
2026/10/02 20:43:15.543, 2, 53, 1265 MHz, 80.03 W, 47 %, 10881 MiB
2026/10/02 20:43:16.548, 0, 48, 1189 MHz, 129.19 W, 93 %, 10847 MiB
2026/10/02 20:43:16.552, 1, 56, 1265 MHz, 69.26 W, 43 %, 10845 MiB
2026/10/02 20:43:16.555, 2, 53, 1189 MHz, 112.93 W, 49 %, 10881 MiB
2026/10/02 20:43:17.562, 0, 48, 1189 MHz, 36.77 W, 93 %, 10847 MiB
2026/10/02 20:43:17.565, 1, 55, 1278 MHz, 39.37 W, 48 %, 10845 MiB
2026/10/02 20:43:17.568, 2, 53, 1088 MHz, 50.06 W, 42 %, 10881 MiB
2026/10/02 20:43:18.580, 0, 49, 1126 MHz, 94.54 W, 92 %, 10847 MiB
2026/10/02 20:43:18.583, 1, 56, 1101 MHz, 124.62 W, 51 %, 10845 MiB
2026/10/02 20:43:18.586, 2, 53, 1139 MHz, 70.17 W, 43 %, 10881 MiB
2026/10/02 20:43:19.589, 0, 48, 1303 MHz, 123.35 W, 93 %, 10847 MiB
2026/10/02 20:43:19.592, 1, 56, 1189 MHz, 131.46 W, 48 %, 10845 MiB
2026/10/02 20:43:19.601, 2, 52, 1202 MHz, 128.83 W, 43 %, 10881 MiB
2026/10/02 20:43:20.608, 0, 48, 1265 MHz, 61.72 W, 94 %, 10847 MiB
2026/10/02 20:43:20.611, 1, 56, 1189 MHz, 62.57 W, 43 %, 10845 MiB
2026/10/02 20:43:20.614, 2, 53, 1189 MHz, 47.22 W, 49 %, 10881 MiB
2026/10/02 20:43:21.624, 0, 48, 1290 MHz, 42.82 W, 93 %, 10847 MiB
2026/10/02 20:43:21.627, 1, 56, 1252 MHz, 137.67 W, 48 %, 10845 MiB
2026/10/02 20:43:21.630, 2, 52, 1189 MHz, 77.86 W, 42 %, 10881 MiB
2026/10/02 20:43:22.633, 0, 49, 1202 MHz, 88.43 W, 91 %, 10847 MiB
2026/10/02 20:43:22.636, 1, 56, 1265 MHz, 70.23 W, 51 %, 10845 MiB
2026/10/02 20:43:22.639, 2, 53, 1202 MHz, 75.26 W, 44 %, 10881 MiB
2026/10/02 20:43:23.647, 0, 48, 1316 MHz, 115.55 W, 88 %, 10847 MiB
2026/10/02 20:43:23.651, 1, 56, 1215 MHz, 135.59 W, 49 %, 10845 MiB
2026/10/02 20:43:23.654, 2, 53, 1189 MHz, 112.67 W, 33 %, 10881 MiB
2026/10/02 20:43:24.657, 0, 48, 1303 MHz, 49.55 W, 90 %, 10847 MiB
2026/10/02 20:43:24.660, 1, 56, 1189 MHz, 84.45 W, 34 %, 10845 MiB
2026/10/02 20:43:24.663, 2, 53, 1189 MHz, 80.98 W, 77 %, 10881 MiB
2026/10/02 20:43:25.669, 0, 49, 1240 MHz, 149.83 W, 77 %, 10847 MiB
2026/10/02 20:43:25.673, 1, 56, 1240 MHz, 72.54 W, 81 %, 10845 MiB
2026/10/02 20:43:25.676, 2, 53, 1227 MHz, 139.73 W, 50 %, 10881 MiB
2026/10/02 20:43:26.680, 0, 49, 1202 MHz, 80.30 W, 100 %, 10847 MiB
2026/10/02 20:43:26.683, 1, 56, 1252 MHz, 71.66 W, 42 %, 10845 MiB
2026/10/02 20:43:26.686, 2, 53, 1189 MHz, 101.66 W, 35 %, 10881 MiB
2026/10/02 20:43:27.691, 0, 48, 1252 MHz, 145.88 W, 74 %, 10847 MiB
2026/10/02 20:43:27.700, 1, 56, 1189 MHz, 60.94 W, 55 %, 10845 MiB
2026/10/02 20:43:27.703, 2, 53, 1265 MHz, 109.12 W, 74 %, 10881 MiB
2026/10/02 20:43:28.706, 0, 49, 1189 MHz, 37.70 W, 93 %, 10847 MiB
2026/10/02 20:43:28.710, 1, 56, 1101 MHz, 70.04 W, 50 %, 10845 MiB
2026/10/02 20:43:28.720, 2, 53, 1252 MHz, 40.42 W, 47 %, 10881 MiB
2026/10/02 20:43:29.725, 0, 49, 1126 MHz, 136.47 W, 93 %, 10847 MiB
2026/10/02 20:43:29.728, 1, 56, 1189 MHz, 53.90 W, 43 %, 10845 MiB
2026/10/02 20:43:29.731, 2, 54, 1202 MHz, 91.72 W, 46 %, 10881 MiB
2026/10/02 20:43:30.737, 0, 49, 1202 MHz, 120.68 W, 96 %, 10847 MiB
2026/10/02 20:43:30.745, 1, 57, 1151 MHz, 153.96 W, 44 %, 10845 MiB
2026/10/02 20:43:30.748, 2, 53, 1202 MHz, 130.92 W, 48 %, 10881 MiB
2026/10/02 20:43:31.751, 0, 48, 1202 MHz, 40.45 W, 90 %, 10847 MiB
2026/10/02 20:43:31.755, 1, 56, 1278 MHz, 148.59 W, 44 %, 10845 MiB
2026/10/02 20:43:31.765, 2, 53, 1290 MHz, 127.52 W, 43 %, 10881 MiB
2026/10/02 20:43:32.770, 0, 49, 1189 MHz, 43.76 W, 89 %, 10847 MiB
2026/10/02 20:43:32.773, 1, 56, 1252 MHz, 76.98 W, 41 %, 10845 MiB
2026/10/02 20:43:32.787, 2, 53, 1189 MHz, 100.45 W, 43 %, 10881 MiB
2026/10/02 20:43:33.793, 0, 49, 1189 MHz, 44.48 W, 94 %, 10847 MiB
2026/10/02 20:43:33.796, 1, 56, 1252 MHz, 121.69 W, 41 %, 10845 MiB
2026/10/02 20:43:33.799, 2, 53, 1252 MHz, 69.04 W, 52 %, 10881 MiB
2026/10/02 20:43:34.807, 0, 49, 1189 MHz, 45.42 W, 66 %, 10847 MiB
2026/10/02 20:43:34.815, 1, 56, 1189 MHz, 84.60 W, 49 %, 10845 MiB
2026/10/02 20:43:34.818, 2, 53, 1189 MHz, 57.93 W, 58 %, 10881 MiB
2026/10/02 20:43:35.821, 0, 49, 1189 MHz, 47.69 W, 84 %, 10847 MiB
2026/10/02 20:43:35.824, 1, 56, 1316 MHz, 157.20 W, 63 %, 10845 MiB
2026/10/02 20:43:35.833, 2, 53, 1189 MHz, 119.31 W, 52 %, 10881 MiB
2026/10/02 20:43:36.840, 0, 49, 1265 MHz, 55.56 W, 98 %, 10847 MiB
2026/10/02 20:43:36.844, 1, 56, 1215 MHz, 82.61 W, 45 %, 10845 MiB
2026/10/02 20:43:36.851, 2, 53, 1227 MHz, 46.53 W, 48 %, 10881 MiB
2026/10/02 20:43:37.856, 0, 49, 1303 MHz, 37.64 W, 64 %, 10847 MiB
2026/10/02 20:43:37.859, 1, 56, 1227 MHz, 114.98 W, 51 %, 10845 MiB
2026/10/02 20:43:37.862, 2, 53, 1189 MHz, 42.76 W, 43 %, 10881 MiB
2026/10/02 20:43:38.866, 0, 49, 1126 MHz, 89.95 W, 95 %, 10847 MiB
2026/10/02 20:43:38.869, 1, 57, 1075 MHz, 118.16 W, 47 %, 10845 MiB
2026/10/02 20:43:38.872, 2, 54, 1139 MHz, 68.04 W, 41 %, 10881 MiB
2026/10/02 20:43:39.879, 0, 49, 1189 MHz, 96.39 W, 94 %, 10847 MiB
2026/10/02 20:43:39.882, 1, 56, 1303 MHz, 154.55 W, 44 %, 10845 MiB
2026/10/02 20:43:39.885, 2, 53, 1189 MHz, 115.23 W, 48 %, 10881 MiB
2026/10/02 20:43:40.888, 0, 49, 1265 MHz, 63.76 W, 92 %, 10847 MiB
2026/10/02 20:43:40.892, 1, 56, 1189 MHz, 80.49 W, 50 %, 10845 MiB
2026/10/02 20:43:40.896, 2, 53, 1189 MHz, 43.70 W, 44 %, 10881 MiB
2026/10/02 20:43:41.902, 0, 49, 1227 MHz, 150.50 W, 92 %, 10847 MiB
2026/10/02 20:43:41.908, 1, 56, 1240 MHz, 58.15 W, 43 %, 10845 MiB
2026/10/02 20:43:41.911, 2, 53, 1202 MHz, 105.43 W, 43 %, 10881 MiB
2026/10/02 20:43:42.914, 0, 49, 1189 MHz, 105.26 W, 93 %, 10847 MiB
2026/10/02 20:43:42.917, 1, 56, 1215 MHz, 47.56 W, 58 %, 10845 MiB
2026/10/02 20:43:42.924, 2, 53, 1189 MHz, 75.84 W, 50 %, 10881 MiB
2026/10/02 20:43:43.929, 0, 49, 1252 MHz, 42.11 W, 99 %, 10847 MiB
2026/10/02 20:43:43.933, 1, 56, 1215 MHz, 129.01 W, 47 %, 10845 MiB
2026/10/02 20:43:43.936, 2, 53, 1189 MHz, 62.77 W, 52 %, 10881 MiB
2026/10/02 20:43:44.939, 0, 49, 1164 MHz, 71.83 W, 63 %, 10847 MiB
2026/10/02 20:43:44.942, 1, 56, 1240 MHz, 45.50 W, 53 %, 10845 MiB
2026/10/02 20:43:44.951, 2, 53, 1189 MHz, 47.46 W, 71 %, 10881 MiB
2026/10/02 20:43:45.959, 0, 49, 1189 MHz, 36.06 W, 97 %, 10847 MiB
2026/10/02 20:43:45.966, 1, 57, 1189 MHz, 86.05 W, 49 %, 10845 MiB
2026/10/02 20:43:45.971, 2, 53, 1265 MHz, 40.63 W, 51 %, 10881 MiB
2026/10/02 20:43:46.976, 0, 49, 1126 MHz, 145.58 W, 93 %, 10847 MiB
2026/10/02 20:43:46.979, 1, 57, 1139 MHz, 76.09 W, 43 %, 10845 MiB
2026/10/02 20:43:46.988, 2, 54, 1189 MHz, 102.55 W, 44 %, 10881 MiB
2026/10/02 20:43:47.997, 0, 49, 1240 MHz, 50.96 W, 92 %, 10847 MiB
2026/10/02 20:43:48.000, 1, 56, 1189 MHz, 117.89 W, 49 %, 10845 MiB
2026/10/02 20:43:48.003, 2, 53, 1265 MHz, 101.34 W, 45 %, 10881 MiB
2026/10/02 20:43:49.007, 0, 49, 1240 MHz, 89.20 W, 90 %, 10847 MiB
2026/10/02 20:43:49.010, 1, 56, 1189 MHz, 67.87 W, 43 %, 10845 MiB
2026/10/02 20:43:49.016, 2, 53, 1252 MHz, 85.09 W, 47 %, 10881 MiB
2026/10/02 20:43:50.021, 0, 49, 1189 MHz, 41.16 W, 75 %, 10847 MiB
2026/10/02 20:43:50.025, 1, 56, 1240 MHz, 141.29 W, 40 %, 10845 MiB
2026/10/02 20:43:50.036, 2, 54, 1240 MHz, 123.43 W, 44 %, 10881 MiB
2026/10/02 20:43:51.041, 0, 49, 1189 MHz, 133.16 W, 100 %, 10847 MiB
2026/10/02 20:43:51.045, 1, 56, 1215 MHz, 72.99 W, 43 %, 10845 MiB
2026/10/02 20:43:51.048, 2, 53, 1189 MHz, 129.37 W, 31 %, 10881 MiB
2026/10/02 20:43:52.051, 0, 49, 1189 MHz, 42.85 W, 92 %, 10847 MiB
2026/10/02 20:43:52.055, 1, 56, 1189 MHz, 113.15 W, 36 %, 10845 MiB
2026/10/02 20:43:52.059, 2, 54, 1189 MHz, 85.33 W, 70 %, 10881 MiB
2026/10/02 20:43:53.066, 0, 49, 1189 MHz, 36.98 W, 94 %, 10847 MiB
2026/10/02 20:43:53.070, 1, 57, 1101 MHz, 79.33 W, 74 %, 10845 MiB
2026/10/02 20:43:53.078, 2, 53, 1189 MHz, 38.77 W, 48 %, 10881 MiB
2026/10/02 20:43:54.084, 0, 49, 1177 MHz, 137.60 W, 96 %, 10847 MiB
2026/10/02 20:43:54.097, 1, 57, 1189 MHz, 57.41 W, 46 %, 10845 MiB
2026/10/02 20:43:54.100, 2, 54, 1139 MHz, 91.01 W, 43 %, 10881 MiB
2026/10/02 20:43:55.109, 0, 49, 1189 MHz, 71.13 W, 94 %, 10847 MiB
2026/10/02 20:43:55.116, 1, 57, 1189 MHz, 73.53 W, 43 %, 10845 MiB
2026/10/02 20:43:55.123, 2, 54, 1189 MHz, 47.93 W, 50 %, 10881 MiB
2026/10/02 20:43:56.126, 0, 49, 1202 MHz, 95.07 W, 93 %, 10847 MiB
2026/10/02 20:43:56.132, 1, 56, 1215 MHz, 59.55 W, 43 %, 10845 MiB
2026/10/02 20:43:56.135, 2, 53, 1189 MHz, 86.22 W, 48 %, 10881 MiB
2026/10/02 20:43:57.139, 0, 49, 1290 MHz, 81.02 W, 81 %, 10847 MiB
2026/10/02 20:43:57.142, 1, 56, 1189 MHz, 130.24 W, 52 %, 10845 MiB
2026/10/02 20:43:57.146, 2, 53, 1189 MHz, 107.15 W, 56 %, 10881 MiB
2026/10/02 20:43:58.157, 0, 49, 1278 MHz, 142.91 W, 94 %, 10847 MiB
2026/10/02 20:43:58.160, 1, 56, 1189 MHz, 92.10 W, 38 %, 10845 MiB
2026/10/02 20:43:58.167, 2, 54, 1189 MHz, 133.63 W, 51 %, 10881 MiB
2026/10/02 20:43:59.177, 0, 49, 1202 MHz, 65.93 W, 58 %, 10847 MiB
2026/10/02 20:43:59.181, 1, 56, 1189 MHz, 73.25 W, 55 %, 10845 MiB
2026/10/02 20:43:59.190, 2, 54, 1202 MHz, 48.87 W, 75 %, 10881 MiB
2026/10/02 20:44:00.195, 0, 50, 1189 MHz, 38.61 W, 96 %, 10847 MiB
2026/10/02 20:44:00.200, 1, 57, 1101 MHz, 118.27 W, 49 %, 10845 MiB
2026/10/02 20:44:00.203, 2, 54, 1202 MHz, 40.69 W, 54 %, 10881 MiB
2026/10/02 20:44:01.206, 0, 49, 1215 MHz, 79.93 W, 94 %, 10847 MiB
2026/10/02 20:44:01.209, 1, 57, 1189 MHz, 125.42 W, 45 %, 10845 MiB
2026/10/02 20:44:01.214, 2, 54, 1202 MHz, 109.42 W, 48 %, 10881 MiB
2026/10/02 20:44:02.218, 0, 49, 1265 MHz, 59.77 W, 91 %, 10847 MiB
2026/10/02 20:44:02.223, 1, 56, 1189 MHz, 97.89 W, 44 %, 10845 MiB
2026/10/02 20:44:02.231, 2, 54, 1240 MHz, 47.16 W, 43 %, 10881 MiB
2026/10/02 20:44:03.239, 0, 49, 1240 MHz, 76.37 W, 94 %, 10847 MiB
2026/10/02 20:44:03.253, 1, 57, 1316 MHz, 88.57 W, 45 %, 10845 MiB
2026/10/02 20:44:03.260, 2, 54, 1227 MHz, 156.64 W, 43 %, 10881 MiB
2026/10/02 20:44:04.266, 0, 49, 1139 MHz, 52.22 W, 59 %, 10847 MiB
2026/10/02 20:44:04.276, 1, 56, 1189 MHz, 93.51 W, 47 %, 10845 MiB
2026/10/02 20:44:04.279, 2, 54, 1202 MHz, 49.99 W, 53 %, 10881 MiB
2026/10/02 20:44:05.283, 0, 49, 1202 MHz, 54.69 W, 82 %, 10847 MiB
2026/10/02 20:44:05.287, 1, 57, 1303 MHz, 43.61 W, 76 %, 10845 MiB
2026/10/02 20:44:05.290, 2, 54, 1202 MHz, 50.73 W, 47 %, 10881 MiB
2026/10/02 20:44:06.295, 0, 49, 1189 MHz, 37.41 W, 95 %, 10847 MiB
2026/10/02 20:44:06.299, 1, 56, 1290 MHz, 103.63 W, 45 %, 10845 MiB
2026/10/02 20:44:06.303, 2, 54, 1189 MHz, 44.62 W, 61 %, 10881 MiB
2026/10/02 20:44:07.308, 0, 50, 1189 MHz, 142.53 W, 99 %, 10847 MiB
2026/10/02 20:44:07.320, 1, 57, 1101 MHz, 125.55 W, 45 %, 10845 MiB
2026/10/02 20:44:07.332, 2, 55, 1088 MHz, 122.47 W, 42 %, 10881 MiB
2026/10/02 20:44:08.335, 0, 49, 1278 MHz, 131.97 W, 95 %, 10847 MiB
2026/10/02 20:44:08.340, 1, 57, 1278 MHz, 99.48 W, 43 %, 10845 MiB
2026/10/02 20:44:08.348, 2, 54, 1252 MHz, 140.56 W, 43 %, 10881 MiB
2026/10/02 20:44:09.357, 0, 50, 1240 MHz, 71.36 W, 90 %, 10847 MiB
2026/10/02 20:44:09.361, 1, 57, 1189 MHz, 42.44 W, 42 %, 10845 MiB
2026/10/02 20:44:09.367, 2, 54, 1189 MHz, 53.56 W, 48 %, 10881 MiB
2026/10/02 20:44:10.370, 0, 50, 1303 MHz, 69.71 W, 94 %, 10847 MiB
2026/10/02 20:44:10.374, 1, 56, 1189 MHz, 64.88 W, 31 %, 10845 MiB
2026/10/02 20:44:10.381, 2, 54, 1189 MHz, 48.91 W, 46 %, 10881 MiB
2026/10/02 20:44:11.387, 0, 49, 1189 MHz, 78.64 W, 60 %, 10847 MiB
2026/10/02 20:44:11.390, 1, 56, 1189 MHz, 71.38 W, 39 %, 10845 MiB
2026/10/02 20:44:11.393, 2, 54, 1189 MHz, 99.15 W, 65 %, 10881 MiB
2026/10/02 20:44:12.400, 0, 49, 1189 MHz, 36.29 W, 96 %, 10847 MiB
2026/10/02 20:44:12.404, 1, 57, 1088 MHz, 67.31 W, 46 %, 10845 MiB
2026/10/02 20:44:12.411, 2, 54, 1290 MHz, 40.19 W, 45 %, 10881 MiB
2026/10/02 20:44:13.425, 0, 50, 1189 MHz, 138.18 W, 95 %, 10847 MiB
2026/10/02 20:44:13.429, 1, 57, 1151 MHz, 110.39 W, 44 %, 10845 MiB
2026/10/02 20:44:13.439, 2, 55, 1177 MHz, 138.33 W, 45 %, 10881 MiB
2026/10/02 20:44:14.451, 0, 50, 1252 MHz, 105.77 W, 91 %, 10847 MiB
2026/10/02 20:44:14.464, 1, 57, 1240 MHz, 65.56 W, 51 %, 10845 MiB
2026/10/02 20:44:14.471, 2, 54, 1189 MHz, 54.23 W, 41 %, 10881 MiB
2026/10/02 20:44:15.475, 0, 49, 1177 MHz, 143.52 W, 90 %, 10847 MiB
2026/10/02 20:44:15.481, 1, 57, 1252 MHz, 58.59 W, 51 %, 10845 MiB
2026/10/02 20:44:15.485, 2, 54, 1265 MHz, 87.68 W, 44 %, 10881 MiB
2026/10/02 20:44:16.491, 0, 50, 1177 MHz, 58.44 W, 68 %, 10847 MiB
2026/10/02 20:44:16.507, 1, 57, 1240 MHz, 102.06 W, 52 %, 10845 MiB
2026/10/02 20:44:16.514, 2, 55, 1189 MHz, 46.52 W, 32 %, 10881 MiB
2026/10/02 20:44:17.518, 0, 50, 1151 MHz, 54.54 W, 96 %, 10847 MiB
2026/10/02 20:44:17.528, 1, 57, 1240 MHz, 110.32 W, 45 %, 10845 MiB
2026/10/02 20:44:17.536, 2, 54, 1290 MHz, 81.76 W, 48 %, 10881 MiB
2026/10/02 20:44:18.540, 0, 50, 1189 MHz, 35.29 W, 94 %, 10847 MiB
2026/10/02 20:44:18.543, 1, 57, 1189 MHz, 35.78 W, 60 %, 10845 MiB
2026/10/02 20:44:18.546, 2, 55, 1088 MHz, 106.68 W, 43 %, 10881 MiB
2026/10/02 20:44:19.557, 0, 50, 1227 MHz, 52.38 W, 92 %, 10847 MiB
2026/10/02 20:44:19.563, 1, 57, 1290 MHz, 149.12 W, 43 %, 10845 MiB
2026/10/02 20:44:19.566, 2, 54, 1240 MHz, 94.90 W, 45 %, 10881 MiB
2026/10/02 20:44:20.570, 0, 50, 1227 MHz, 84.25 W, 93 %, 10847 MiB
2026/10/02 20:44:20.578, 1, 57, 1202 MHz, 63.90 W, 42 %, 10845 MiB
2026/10/02 20:44:20.581, 2, 54, 1227 MHz, 102.61 W, 43 %, 10881 MiB
2026/10/02 20:44:21.584, 0, 50, 1240 MHz, 103.72 W, 90 %, 10847 MiB
2026/10/02 20:44:21.587, 1, 57, 1202 MHz, 46.68 W, 55 %, 10845 MiB
2026/10/02 20:44:21.591, 2, 54, 1189 MHz, 67.21 W, 35 %, 10881 MiB
2026/10/02 20:44:22.594, 0, 50, 1265 MHz, 103.10 W, 99 %, 10847 MiB
2026/10/02 20:44:22.603, 1, 57, 1252 MHz, 48.78 W, 43 %, 10845 MiB
2026/10/02 20:44:22.606, 2, 54, 1189 MHz, 71.41 W, 57 %, 10881 MiB
2026/10/02 20:44:23.609, 0, 50, 1290 MHz, 40.25 W, 63 %, 10847 MiB
2026/10/02 20:44:23.613, 1, 57, 1189 MHz, 106.44 W, 64 %, 10845 MiB
2026/10/02 20:44:23.616, 2, 55, 1189 MHz, 66.46 W, 45 %, 10881 MiB
2026/10/02 20:44:24.620, 0, 50, 1252 MHz, 135.08 W, 92 %, 10847 MiB
2026/10/02 20:44:24.628, 1, 57, 1189 MHz, 132.40 W, 43 %, 10845 MiB
2026/10/02 20:44:24.631, 2, 54, 1189 MHz, 123.86 W, 49 %, 10881 MiB
2026/10/02 20:44:25.634, 0, 50, 1189 MHz, 94.19 W, 92 %, 10847 MiB
2026/10/02 20:44:25.637, 1, 57, 1215 MHz, 58.87 W, 44 %, 10845 MiB
2026/10/02 20:44:25.647, 2, 54, 1278 MHz, 64.63 W, 44 %, 10881 MiB
2026/10/02 20:44:26.654, 0, 50, 1278 MHz, 58.05 W, 95 %, 10847 MiB
2026/10/02 20:44:26.657, 1, 57, 1189 MHz, 61.12 W, 33 %, 10845 MiB
2026/10/02 20:44:26.665, 2, 54, 1290 MHz, 128.17 W, 46 %, 10881 MiB
2026/10/02 20:44:27.671, 0, 50, 1189 MHz, 79.54 W, 56 %, 10847 MiB
2026/10/02 20:44:27.675, 1, 57, 1202 MHz, 73.01 W, 58 %, 10845 MiB
2026/10/02 20:44:27.678, 2, 54, 1227 MHz, 106.16 W, 69 %, 10881 MiB
2026/10/02 20:44:28.681, 0, 50, 1189 MHz, 38.85 W, 97 %, 10847 MiB
2026/10/02 20:44:28.684, 1, 58, 1101 MHz, 119.49 W, 44 %, 10845 MiB
2026/10/02 20:44:28.687, 2, 55, 1189 MHz, 40.42 W, 58 %, 10881 MiB
2026/10/02 20:44:29.693, 0, 50, 1202 MHz, 62.61 W, 92 %, 10847 MiB
2026/10/02 20:44:29.697, 1, 57, 1290 MHz, 98.37 W, 46 %, 10845 MiB
2026/10/02 20:44:29.704, 2, 55, 1202 MHz, 49.34 W, 43 %, 10881 MiB
2026/10/02 20:44:30.707, 0, 50, 1215 MHz, 53.60 W, 90 %, 10847 MiB
2026/10/02 20:44:30.717, 1, 57, 1227 MHz, 108.14 W, 47 %, 10845 MiB
2026/10/02 20:44:30.720, 2, 54, 1265 MHz, 48.57 W, 43 %, 10881 MiB
2026/10/02 20:44:31.723, 0, 50, 1126 MHz, 68.29 W, 98 %, 10847 MiB
2026/10/02 20:44:31.726, 1, 57, 1189 MHz, 42.90 W, 49 %, 10845 MiB
2026/10/02 20:44:31.730, 2, 55, 1164 MHz, 57.34 W, 31 %, 10881 MiB
2026/10/02 20:44:32.733, 0, 50, 1240 MHz, 45.96 W, 73 %, 10847 MiB
2026/10/02 20:44:32.738, 1, 57, 1189 MHz, 38.66 W, 34 %, 10845 MiB
2026/10/02 20:44:32.741, 2, 55, 1202 MHz, 44.49 W, 80 %, 10881 MiB
2026/10/02 20:44:33.744, 0, 50, 1101 MHz, 128.71 W, 94 %, 10847 MiB
2026/10/02 20:44:33.748, 1, 57, 1189 MHz, 48.27 W, 63 %, 10845 MiB
2026/10/02 20:44:33.751, 2, 55, 1088 MHz, 68.72 W, 43 %, 10881 MiB
2026/10/02 20:44:34.754, 0, 50, 1202 MHz, 97.09 W, 87 %, 10847 MiB
2026/10/02 20:44:34.762, 1, 57, 1177 MHz, 116.12 W, 41 %, 10845 MiB
2026/10/02 20:44:34.765, 2, 54, 1252 MHz, 133.20 W, 52 %, 10881 MiB
2026/10/02 20:44:35.768, 0, 50, 1189 MHz, 59.82 W, 99 %, 10847 MiB
2026/10/02 20:44:35.771, 1, 57, 1290 MHz, 42.92 W, 44 %, 10845 MiB
2026/10/02 20:44:35.775, 2, 55, 1189 MHz, 52.63 W, 40 %, 10881 MiB
2026/10/02 20:44:36.778, 0, 50, 1189 MHz, 68.71 W, 69 %, 10847 MiB
2026/10/02 20:44:36.784, 1, 57, 1189 MHz, 49.49 W, 34 %, 10845 MiB
2026/10/02 20:44:36.787, 2, 55, 1189 MHz, 67.18 W, 81 %, 10881 MiB
2026/10/02 20:44:37.792, 0, 50, 1189 MHz, 37.64 W, 94 %, 10847 MiB
2026/10/02 20:44:37.795, 1, 58, 1101 MHz, 118.50 W, 64 %, 10845 MiB
2026/10/02 20:44:37.803, 2, 55, 1189 MHz, 39.53 W, 43 %, 10881 MiB
2026/10/02 20:44:38.810, 0, 50, 1189 MHz, 48.25 W, 91 %, 10847 MiB
2026/10/02 20:44:38.815, 1, 57, 1252 MHz, 122.86 W, 45 %, 10845 MiB
2026/10/02 20:44:38.822, 2, 55, 1252 MHz, 121.19 W, 45 %, 10881 MiB
2026/10/02 20:44:39.835, 0, 50, 1202 MHz, 45.89 W, 92 %, 10847 MiB
2026/10/02 20:44:39.839, 1, 57, 1189 MHz, 108.29 W, 43 %, 10845 MiB
2026/10/02 20:44:39.844, 2, 55, 1189 MHz, 79.24 W, 50 %, 10881 MiB
2026/10/02 20:44:40.847, 0, 50, 1189 MHz, 90.26 W, 95 %, 10847 MiB
2026/10/02 20:44:40.851, 1, 57, 1189 MHz, 46.44 W, 29 %, 10845 MiB
2026/10/02 20:44:40.854, 2, 55, 1189 MHz, 58.01 W, 42 %, 10881 MiB
2026/10/02 20:44:41.863, 0, 50, 1189 MHz, 52.32 W, 56 %, 10847 MiB
2026/10/02 20:44:41.867, 1, 57, 1189 MHz, 40.79 W, 57 %, 10845 MiB
2026/10/02 20:44:41.870, 2, 55, 1189 MHz, 48.24 W, 64 %, 10881 MiB
2026/10/02 20:44:42.873, 0, 51, 1126 MHz, 131.86 W, 94 %, 10847 MiB
2026/10/02 20:44:42.884, 1, 58, 1101 MHz, 55.76 W, 45 %, 10845 MiB
2026/10/02 20:44:42.891, 2, 55, 1088 MHz, 71.54 W, 62 %, 10881 MiB
2026/10/02 20:44:43.901, 0, 50, 1240 MHz, 51.71 W, 91 %, 10847 MiB
2026/10/02 20:44:43.904, 1, 57, 1278 MHz, 156.27 W, 44 %, 10845 MiB
2026/10/02 20:44:43.913, 2, 55, 1303 MHz, 142.13 W, 44 %, 10881 MiB
2026/10/02 20:44:44.924, 0, 50, 1227 MHz, 64.55 W, 94 %, 10847 MiB
2026/10/02 20:44:44.933, 1, 57, 1227 MHz, 47.56 W, 41 %, 10845 MiB
2026/10/02 20:44:44.941, 2, 55, 1278 MHz, 52.85 W, 43 %, 10881 MiB
2026/10/02 20:44:45.944, 0, 50, 1265 MHz, 85.24 W, 54 %, 10847 MiB
2026/10/02 20:44:45.947, 1, 57, 1189 MHz, 52.77 W, 29 %, 10845 MiB
2026/10/02 20:44:45.952, 2, 55, 1265 MHz, 85.33 W, 76 %, 10881 MiB
2026/10/02 20:44:46.955, 0, 51, 1189 MHz, 40.25 W, 92 %, 10847 MiB
2026/10/02 20:44:46.958, 1, 58, 1088 MHz, 114.59 W, 74 %, 10845 MiB
2026/10/02 20:44:46.962, 2, 55, 1189 MHz, 41.60 W, 62 %, 10881 MiB
2026/10/02 20:44:47.968, 0, 50, 1202 MHz, 140.11 W, 93 %, 10847 MiB
2026/10/02 20:44:47.972, 1, 58, 1189 MHz, 53.00 W, 44 %, 10845 MiB
2026/10/02 20:44:47.980, 2, 55, 1177 MHz, 79.32 W, 43 %, 10881 MiB
2026/10/02 20:44:48.985, 0, 50, 1189 MHz, 126.93 W, 86 %, 10847 MiB
2026/10/02 20:44:48.989, 1, 58, 1202 MHz, 76.51 W, 43 %, 10845 MiB
2026/10/02 20:44:48.995, 2, 55, 1227 MHz, 132.22 W, 44 %, 10881 MiB
2026/10/02 20:44:49.999, 0, 50, 1189 MHz, 49.72 W, 100 %, 10847 MiB
2026/10/02 20:44:50.002, 1, 57, 1189 MHz, 69.10 W, 27 %, 10845 MiB
2026/10/02 20:44:50.005, 2, 55, 1189 MHz, 46.28 W, 41 %, 10881 MiB
2026/10/02 20:44:51.011, 0, 50, 1189 MHz, 35.99 W, 93 %, 10847 MiB
2026/10/02 20:44:51.016, 1, 57, 1252 MHz, 93.73 W, 59 %, 10845 MiB
2026/10/02 20:44:51.020, 2, 55, 1189 MHz, 47.45 W, 64 %, 10881 MiB
2026/10/02 20:44:52.023, 0, 50, 1189 MHz, 49.68 W, 94 %, 10847 MiB
2026/10/02 20:44:52.027, 1, 57, 1189 MHz, 105.11 W, 43 %, 10845 MiB
2026/10/02 20:44:52.030, 2, 55, 1189 MHz, 66.97 W, 43 %, 10881 MiB
2026/10/02 20:44:53.036, 0, 51, 1151 MHz, 101.37 W, 77 %, 10847 MiB
2026/10/02 20:44:53.043, 1, 58, 1240 MHz, 49.02 W, 44 %, 10845 MiB
2026/10/02 20:44:53.048, 2, 55, 1177 MHz, 67.68 W, 48 %, 10881 MiB
2026/10/02 20:44:54.056, 0, 50, 1316 MHz, 40.72 W, 95 %, 10847 MiB
2026/10/02 20:44:54.063, 1, 57, 1189 MHz, 125.94 W, 38 %, 10845 MiB
2026/10/02 20:44:54.067, 2, 55, 1189 MHz, 95.83 W, 45 %, 10881 MiB
2026/10/02 20:44:55.074, 0, 50, 1290 MHz, 38.64 W, 60 %, 10847 MiB
2026/10/02 20:44:55.084, 1, 57, 1189 MHz, 36.52 W, 65 %, 10845 MiB
2026/10/02 20:44:55.087, 2, 56, 1101 MHz, 51.21 W, 42 %, 10881 MiB
2026/10/02 20:44:56.097, 0, 50, 1189 MHz, 43.29 W, 93 %, 10847 MiB
2026/10/02 20:44:56.104, 1, 57, 1189 MHz, 125.00 W, 43 %, 10845 MiB
2026/10/02 20:44:56.110, 2, 55, 1202 MHz, 107.10 W, 43 %, 10881 MiB
2026/10/02 20:44:57.119, 0, 51, 1202 MHz, 65.74 W, 91 %, 10847 MiB
2026/10/02 20:44:57.126, 1, 57, 1189 MHz, 66.73 W, 49 %, 10845 MiB
2026/10/02 20:44:57.131, 2, 55, 1265 MHz, 51.71 W, 49 %, 10881 MiB
2026/10/02 20:44:58.138, 0, 50, 1290 MHz, 147.59 W, 64 %, 10847 MiB
2026/10/02 20:44:58.148, 1, 58, 1126 MHz, 52.32 W, 49 %, 10845 MiB
2026/10/02 20:44:58.157, 2, 55, 1202 MHz, 72.55 W, 33 %, 10881 MiB
2026/10/02 20:44:59.160, 0, 51, 1139 MHz, 47.99 W, 98 %, 10847 MiB
2026/10/02 20:44:59.169, 1, 57, 1227 MHz, 137.63 W, 41 %, 10845 MiB
2026/10/02 20:44:59.180, 2, 55, 1290 MHz, 146.84 W, 49 %, 10881 MiB
2026/10/02 20:45:00.190, 0, 51, 1101 MHz, 134.19 W, 94 %, 10847 MiB
2026/10/02 20:45:00.195, 1, 58, 1101 MHz, 68.61 W, 60 %, 10845 MiB
2026/10/02 20:45:00.203, 2, 56, 1088 MHz, 117.90 W, 47 %, 10881 MiB
2026/10/02 20:45:01.206, 0, 50, 1189 MHz, 81.10 W, 88 %, 10847 MiB
2026/10/02 20:45:01.212, 1, 57, 1189 MHz, 101.47 W, 50 %, 10845 MiB
2026/10/02 20:45:01.212, 2, 55, 1265 MHz, 102.54 W, 43 %, 10881 MiB
2026/10/02 20:45:02.215, 0, 50, 1177 MHz, 103.24 W, 64 %, 10847 MiB
2026/10/02 20:45:02.219, 1, 58, 1278 MHz, 54.66 W, 57 %, 10845 MiB
2026/10/02 20:45:02.226, 2, 55, 1189 MHz, 71.42 W, 29 %, 10881 MiB
2026/10/02 20:45:03.229, 0, 51, 1088 MHz, 69.63 W, 98 %, 10847 MiB
2026/10/02 20:45:03.239, 1, 57, 1265 MHz, 60.85 W, 55 %, 10845 MiB
2026/10/02 20:45:03.242, 2, 55, 1189 MHz, 38.77 W, 62 %, 10881 MiB
2026/10/02 20:45:04.246, 0, 51, 1189 MHz, 122.06 W, 90 %, 10847 MiB
2026/10/02 20:45:04.250, 1, 57, 1252 MHz, 151.82 W, 51 %, 10845 MiB
2026/10/02 20:45:04.258, 2, 56, 1290 MHz, 164.48 W, 42 %, 10881 MiB
2026/10/02 20:45:05.269, 0, 51, 1177 MHz, 82.30 W, 95 %, 10847 MiB
2026/10/02 20:45:05.275, 1, 57, 1278 MHz, 46.89 W, 43 %, 10845 MiB
2026/10/02 20:45:05.283, 2, 55, 1139 MHz, 49.34 W, 50 %, 10881 MiB
2026/10/02 20:45:06.290, 0, 50, 1316 MHz, 109.99 W, 78 %, 10847 MiB
2026/10/02 20:45:06.293, 1, 58, 1151 MHz, 117.11 W, 29 %, 10845 MiB
2026/10/02 20:45:06.300, 2, 55, 1202 MHz, 137.37 W, 88 %, 10881 MiB
2026/10/02 20:45:07.314, 0, 50, 1265 MHz, 38.82 W, 72 %, 10847 MiB
2026/10/02 20:45:07.322, 1, 58, 1189 MHz, 105.74 W, 61 %, 10845 MiB
2026/10/02 20:45:07.325, 2, 55, 1303 MHz, 44.80 W, 46 %, 10881 MiB
2026/10/02 20:45:08.332, 0, 50, 1240 MHz, 107.97 W, 96 %, 10847 MiB
2026/10/02 20:45:08.335, 1, 58, 1189 MHz, 129.62 W, 43 %, 10845 MiB
2026/10/02 20:45:08.340, 2, 55, 1278 MHz, 133.85 W, 44 %, 10881 MiB
2026/10/02 20:45:09.345, 0, 51, 1202 MHz, 61.20 W, 91 %, 10847 MiB
2026/10/02 20:45:09.348, 1, 57, 1189 MHz, 85.66 W, 53 %, 10845 MiB
2026/10/02 20:45:09.358, 2, 55, 1189 MHz, 46.07 W, 49 %, 10881 MiB
2026/10/02 20:45:10.361, 0, 50, 1202 MHz, 47.79 W, 46 %, 10847 MiB
2026/10/02 20:45:10.365, 1, 57, 1202 MHz, 75.33 W, 45 %, 10845 MiB
2026/10/02 20:45:10.368, 2, 56, 1278 MHz, 50.73 W, 62 %, 10881 MiB
2026/10/02 20:45:11.374, 0, 51, 1189 MHz, 37.88 W, 98 %, 10847 MiB
2026/10/02 20:45:11.377, 1, 58, 1101 MHz, 120.13 W, 83 %, 10845 MiB
2026/10/02 20:45:11.382, 2, 55, 1189 MHz, 40.19 W, 66 %, 10881 MiB
2026/10/02 20:45:12.385, 0, 51, 1202 MHz, 96.61 W, 90 %, 10847 MiB
2026/10/02 20:45:12.389, 1, 57, 1303 MHz, 146.04 W, 45 %, 10845 MiB
2026/10/02 20:45:12.392, 2, 55, 1290 MHz, 143.83 W, 43 %, 10881 MiB
2026/10/02 20:45:13.397, 0, 50, 1189 MHz, 104.56 W, 75 %, 10847 MiB
2026/10/02 20:45:13.400, 1, 58, 1290 MHz, 49.68 W, 42 %, 10845 MiB
2026/10/02 20:45:13.404, 2, 55, 1189 MHz, 90.91 W, 47 %, 10881 MiB
2026/10/02 20:45:14.407, 0, 51, 1189 MHz, 111.94 W, 97 %, 10847 MiB
2026/10/02 20:45:14.411, 1, 58, 1189 MHz, 112.27 W, 38 %, 10845 MiB
2026/10/02 20:45:14.413, 2, 55, 1278 MHz, 146.02 W, 48 %, 10881 MiB
2026/10/02 20:45:15.422, 0, 51, 1151 MHz, 151.29 W, 96 %, 10847 MiB
2026/10/02 20:45:15.425, 1, 58, 1151 MHz, 132.16 W, 55 %, 10845 MiB
2026/10/02 20:45:15.434, 2, 56, 1126 MHz, 132.41 W, 46 %, 10881 MiB
2026/10/02 20:45:16.446, 0, 51, 1189 MHz, 54.11 W, 89 %, 10847 MiB
2026/10/02 20:45:16.449, 1, 57, 1189 MHz, 91.16 W, 48 %, 10845 MiB
2026/10/02 20:45:16.454, 2, 55, 1189 MHz, 48.81 W, 43 %, 10881 MiB
2026/10/02 20:45:17.463, 0, 50, 1189 MHz, 106.34 W, 50 %, 10847 MiB
2026/10/02 20:45:17.468, 1, 58, 1189 MHz, 96.06 W, 30 %, 10845 MiB
2026/10/02 20:45:17.479, 2, 56, 1189 MHz, 129.57 W, 81 %, 10881 MiB
2026/10/02 20:45:18.485, 0, 50, 1189 MHz, 35.11 W, 93 %, 10847 MiB
2026/10/02 20:45:18.489, 1, 58, 1113 MHz, 73.72 W, 77 %, 10845 MiB
2026/10/02 20:45:18.492, 2, 55, 1189 MHz, 39.01 W, 50 %, 10881 MiB
2026/10/02 20:45:19.496, 0, 51, 1189 MHz, 48.26 W, 92 %, 10847 MiB
2026/10/02 20:45:19.500, 1, 58, 1189 MHz, 100.71 W, 43 %, 10845 MiB
2026/10/02 20:45:19.503, 2, 56, 1189 MHz, 47.63 W, 50 %, 10881 MiB
2026/10/02 20:45:20.507, 0, 50, 1189 MHz, 76.88 W, 98 %, 10847 MiB
2026/10/02 20:45:20.511, 1, 58, 1290 MHz, 47.60 W, 46 %, 10845 MiB
2026/10/02 20:45:20.514, 2, 55, 1189 MHz, 57.62 W, 28 %, 10881 MiB
2026/10/02 20:45:21.517, 0, 50, 1189 MHz, 129.45 W, 49 %, 10847 MiB
2026/10/02 20:45:21.529, 1, 58, 1189 MHz, 45.21 W, 49 %, 10845 MiB
2026/10/02 20:45:21.534, 2, 56, 1189 MHz, 65.05 W, 71 %, 10881 MiB
2026/10/02 20:45:22.537, 0, 51, 1139 MHz, 150.38 W, 98 %, 10847 MiB
2026/10/02 20:45:22.541, 1, 58, 1126 MHz, 127.58 W, 45 %, 10845 MiB
2026/10/02 20:45:22.549, 2, 56, 1139 MHz, 129.16 W, 61 %, 10881 MiB
2026/10/02 20:45:23.558, 0, 51, 1189 MHz, 45.63 W, 94 %, 10847 MiB
2026/10/02 20:45:23.562, 1, 58, 1227 MHz, 99.04 W, 44 %, 10845 MiB
2026/10/02 20:45:23.573, 2, 56, 1227 MHz, 92.07 W, 47 %, 10881 MiB
2026/10/02 20:45:24.577, 0, 50, 1303 MHz, 122.95 W, 63 %, 10847 MiB
2026/10/02 20:45:24.580, 1, 58, 1189 MHz, 101.77 W, 93 %, 10845 MiB
2026/10/02 20:45:24.592, 2, 55, 1189 MHz, 137.81 W, 31 %, 10881 MiB
2026/10/02 20:45:25.598, 0, 51, 1088 MHz, 119.14 W, 98 %, 10847 MiB
2026/10/02 20:45:25.605, 1, 58, 1189 MHz, 35.99 W, 46 %, 10845 MiB
2026/10/02 20:45:25.611, 2, 56, 1189 MHz, 39.01 W, 64 %, 10881 MiB
2026/10/02 20:45:26.617, 0, 51, 1189 MHz, 70.89 W, 94 %, 10847 MiB
2026/10/02 20:45:26.630, 1, 58, 1240 MHz, 105.39 W, 47 %, 10845 MiB
2026/10/02 20:45:26.636, 2, 55, 1252 MHz, 48.63 W, 41 %, 10881 MiB
2026/10/02 20:45:27.639, 0, 51, 1316 MHz, 66.87 W, 95 %, 10847 MiB
2026/10/02 20:45:27.644, 1, 58, 1290 MHz, 45.87 W, 42 %, 10845 MiB
2026/10/02 20:45:27.647, 2, 55, 1189 MHz, 49.58 W, 49 %, 10881 MiB
2026/10/02 20:45:28.650, 0, 51, 1202 MHz, 52.09 W, 60 %, 10847 MiB
2026/10/02 20:45:28.653, 1, 58, 1189 MHz, 40.08 W, 24 %, 10845 MiB
2026/10/02 20:45:28.658, 2, 56, 1202 MHz, 47.09 W, 94 %, 10881 MiB
2026/10/02 20:45:29.663, 0, 51, 1202 MHz, 142.15 W, 94 %, 10847 MiB
2026/10/02 20:45:29.671, 1, 58, 1126 MHz, 127.58 W, 50 %, 10845 MiB
2026/10/02 20:45:29.685, 2, 56, 1088 MHz, 127.85 W, 43 %, 10881 MiB
2026/10/02 20:45:30.692, 0, 51, 1202 MHz, 53.87 W, 89 %, 10847 MiB
2026/10/02 20:45:30.696, 1, 58, 1189 MHz, 90.74 W, 41 %, 10845 MiB
2026/10/02 20:45:30.701, 2, 56, 1202 MHz, 47.45 W, 43 %, 10881 MiB
2026/10/02 20:45:31.707, 0, 51, 1189 MHz, 70.13 W, 100 %, 10847 MiB
2026/10/02 20:45:31.711, 1, 58, 1189 MHz, 41.97 W, 28 %, 10845 MiB
2026/10/02 20:45:31.719, 2, 56, 1189 MHz, 56.00 W, 47 %, 10881 MiB
2026/10/02 20:45:32.722, 0, 51, 1189 MHz, 43.29 W, 95 %, 10847 MiB
2026/10/02 20:45:32.728, 1, 58, 1189 MHz, 38.35 W, 60 %, 10845 MiB
2026/10/02 20:45:32.731, 2, 56, 1088 MHz, 116.97 W, 47 %, 10881 MiB
2026/10/02 20:45:33.736, 0, 51, 1189 MHz, 82.77 W, 91 %, 10847 MiB
2026/10/02 20:45:33.739, 1, 58, 1215 MHz, 49.50 W, 43 %, 10845 MiB
2026/10/02 20:45:33.745, 2, 56, 1227 MHz, 55.50 W, 43 %, 10881 MiB
2026/10/02 20:45:34.753, 0, 50, 1265 MHz, 153.70 W, 88 %, 10847 MiB
2026/10/02 20:45:34.759, 1, 58, 1151 MHz, 58.39 W, 22 %, 10845 MiB
2026/10/02 20:45:34.768, 2, 56, 1164 MHz, 79.55 W, 83 %, 10881 MiB
2026/10/02 20:45:35.777, 0, 51, 1265 MHz, 36.98 W, 72 %, 10847 MiB
2026/10/02 20:45:35.781, 1, 58, 1101 MHz, 73.68 W, 63 %, 10845 MiB
2026/10/02 20:45:35.789, 2, 55, 1303 MHz, 41.11 W, 51 %, 10881 MiB
2026/10/02 20:45:36.797, 0, 51, 1303 MHz, 77.59 W, 94 %, 10847 MiB
2026/10/02 20:45:36.800, 1, 58, 1202 MHz, 46.63 W, 49 %, 10845 MiB
2026/10/02 20:45:36.808, 2, 56, 1240 MHz, 55.18 W, 47 %, 10881 MiB
2026/10/02 20:45:37.812, 0, 51, 1278 MHz, 58.09 W, 90 %, 10847 MiB
2026/10/02 20:45:37.817, 1, 58, 1189 MHz, 92.79 W, 71 %, 10845 MiB
2026/10/02 20:45:37.820, 2, 56, 1290 MHz, 48.60 W, 44 %, 10881 MiB
2026/10/02 20:45:38.824, 0, 49, 1290 MHz, 37.48 W, 0 %, 10847 MiB
2026/10/02 20:45:38.827, 1, 57, 1189 MHz, 36.05 W, 0 %, 10845 MiB
2026/10/02 20:45:38.831, 2, 55, 1290 MHz, 42.38 W, 0 %, 10881 MiB
2026/10/02 20:45:39.836, 0, 49, 1290 MHz, 37.24 W, 10 %, 10847 MiB
2026/10/02 20:45:39.839, 1, 56, 1189 MHz, 35.83 W, 10 %, 10845 MiB
2026/10/02 20:45:39.843, 2, 54, 1290 MHz, 42.14 W, 10 %, 10881 MiB
2026/10/02 20:45:40.846, 0, 50, 1252 MHz, 141.93 W, 88 %, 10847 MiB
2026/10/02 20:45:40.849, 1, 57, 1227 MHz, 68.35 W, 51 %, 10845 MiB
2026/10/02 20:45:40.856, 2, 56, 1164 MHz, 91.85 W, 43 %, 10881 MiB
2026/10/02 20:45:41.867, 0, 50, 1202 MHz, 94.41 W, 58 %, 10847 MiB
2026/10/02 20:45:41.871, 1, 58, 1278 MHz, 67.44 W, 76 %, 10845 MiB
2026/10/02 20:45:41.874, 2, 55, 1227 MHz, 107.42 W, 42 %, 10881 MiB
2026/10/02 20:45:42.879, 0, 51, 1126 MHz, 129.07 W, 98 %, 10847 MiB
2026/10/02 20:45:42.888, 1, 58, 1101 MHz, 83.30 W, 64 %, 10845 MiB
2026/10/02 20:45:42.895, 2, 56, 1088 MHz, 110.83 W, 47 %, 10881 MiB
2026/10/02 20:45:43.900, 0, 50, 1189 MHz, 50.49 W, 87 %, 10847 MiB
2026/10/02 20:45:43.907, 1, 58, 1189 MHz, 88.62 W, 46 %, 10845 MiB
2026/10/02 20:45:43.911, 2, 55, 1189 MHz, 88.96 W, 45 %, 10881 MiB
2026/10/02 20:45:44.914, 0, 51, 1189 MHz, 72.22 W, 100 %, 10847 MiB
2026/10/02 20:45:44.918, 1, 58, 1189 MHz, 44.35 W, 21 %, 10845 MiB
2026/10/02 20:45:44.923, 2, 55, 1189 MHz, 59.27 W, 39 %, 10881 MiB
2026/10/02 20:45:45.928, 0, 51, 1189 MHz, 51.30 W, 98 %, 10847 MiB
2026/10/02 20:45:45.932, 1, 58, 1189 MHz, 39.99 W, 63 %, 10845 MiB
2026/10/02 20:45:45.935, 2, 56, 1075 MHz, 116.04 W, 46 %, 10881 MiB
2026/10/02 20:45:46.938, 0, 51, 1189 MHz, 80.95 W, 90 %, 10847 MiB
2026/10/02 20:45:46.942, 1, 58, 1290 MHz, 84.69 W, 42 %, 10845 MiB
2026/10/02 20:45:46.946, 2, 55, 1202 MHz, 102.77 W, 43 %, 10881 MiB
2026/10/02 20:45:47.953, 0, 50, 1189 MHz, 44.71 W, 51 %, 10847 MiB
2026/10/02 20:45:47.956, 1, 57, 1189 MHz, 106.21 W, 22 %, 10845 MiB
2026/10/02 20:45:47.959, 2, 55, 1215 MHz, 45.77 W, 90 %, 10881 MiB
2026/10/02 20:45:48.967, 0, 51, 1177 MHz, 43.08 W, 77 %, 10847 MiB
2026/10/02 20:45:48.976, 1, 58, 1101 MHz, 119.20 W, 54 %, 10845 MiB
2026/10/02 20:45:48.979, 2, 56, 1189 MHz, 41.84 W, 48 %, 10881 MiB
2026/10/02 20:45:49.987, 0, 50, 1189 MHz, 34.40 W, 20 %, 10847 MiB
2026/10/02 20:45:49.993, 1, 57, 1189 MHz, 36.29 W, 17 %, 10845 MiB
2026/10/02 20:45:49.996, 2, 55, 1227 MHz, 40.25 W, 18 %, 10881 MiB
2026/10/02 20:45:50.999, 0, 50, 1303 MHz, 99.79 W, 87 %, 10847 MiB
2026/10/02 20:45:51.003, 1, 57, 1202 MHz, 44.31 W, 30 %, 10845 MiB
2026/10/02 20:45:51.008, 2, 55, 1303 MHz, 56.21 W, 44 %, 10881 MiB
2026/10/02 20:45:52.016, 0, 51, 1265 MHz, 155.55 W, 57 %, 10847 MiB
2026/10/02 20:45:52.020, 1, 58, 1189 MHz, 73.68 W, 74 %, 10845 MiB
2026/10/02 20:45:52.023, 2, 55, 1316 MHz, 116.14 W, 43 %, 10881 MiB
2026/10/02 20:45:53.032, 0, 50, 1215 MHz, 128.24 W, 95 %, 10847 MiB
2026/10/02 20:45:53.039, 1, 58, 1202 MHz, 134.89 W, 44 %, 10845 MiB
2026/10/02 20:45:53.047, 2, 56, 1265 MHz, 148.52 W, 44 %, 10881 MiB
2026/10/02 20:45:54.056, 0, 50, 1240 MHz, 138.28 W, 89 %, 10847 MiB
2026/10/02 20:45:54.060, 1, 58, 1252 MHz, 81.86 W, 63 %, 10845 MiB
2026/10/02 20:45:54.064, 2, 55, 1290 MHz, 158.62 W, 45 %, 10881 MiB
2026/10/02 20:45:55.068, 0, 51, 1126 MHz, 72.54 W, 100 %, 10847 MiB
2026/10/02 20:45:55.071, 1, 58, 1189 MHz, 53.64 W, 21 %, 10845 MiB
2026/10/02 20:45:55.078, 2, 56, 1189 MHz, 48.64 W, 33 %, 10881 MiB
2026/10/02 20:45:56.087, 0, 51, 1113 MHz, 133.40 W, 97 %, 10847 MiB
2026/10/02 20:45:56.090, 1, 58, 1101 MHz, 119.12 W, 65 %, 10845 MiB
2026/10/02 20:45:56.093, 2, 56, 1088 MHz, 120.56 W, 42 %, 10881 MiB
2026/10/02 20:45:57.097, 0, 51, 1252 MHz, 120.51 W, 90 %, 10847 MiB
2026/10/02 20:45:57.111, 1, 58, 1215 MHz, 46.45 W, 49 %, 10845 MiB
2026/10/02 20:45:57.116, 2, 56, 1202 MHz, 67.92 W, 43 %, 10881 MiB
2026/10/02 20:45:58.119, 0, 51, 1240 MHz, 84.61 W, 46 %, 10847 MiB
2026/10/02 20:45:58.122, 1, 58, 1189 MHz, 66.22 W, 21 %, 10845 MiB
2026/10/02 20:45:58.125, 2, 56, 1189 MHz, 101.06 W, 87 %, 10881 MiB
2026/10/02 20:45:59.128, 0, 51, 1126 MHz, 129.50 W, 94 %, 10847 MiB
2026/10/02 20:45:59.141, 1, 58, 1101 MHz, 120.27 W, 56 %, 10845 MiB
2026/10/02 20:45:59.144, 2, 56, 1088 MHz, 118.00 W, 48 %, 10881 MiB
2026/10/02 20:46:00.147, 0, 50, 1202 MHz, 34.40 W, 31 %, 10847 MiB
2026/10/02 20:46:00.151, 1, 57, 1215 MHz, 37.24 W, 20 %, 10845 MiB
2026/10/02 20:46:00.156, 2, 55, 1189 MHz, 38.60 W, 17 %, 10881 MiB
2026/10/02 20:46:01.159, 0, 51, 1189 MHz, 54.35 W, 42 %, 10847 MiB
2026/10/02 20:46:01.163, 1, 57, 1202 MHz, 80.58 W, 36 %, 10845 MiB
2026/10/02 20:46:01.166, 2, 56, 1189 MHz, 50.06 W, 68 %, 10881 MiB
2026/10/02 20:46:02.169, 0, 50, 1189 MHz, 35.11 W, 99 %, 10847 MiB
2026/10/02 20:46:02.172, 1, 58, 1113 MHz, 61.24 W, 82 %, 10845 MiB
2026/10/02 20:46:02.181, 2, 55, 1189 MHz, 39.01 W, 55 %, 10881 MiB
2026/10/02 20:46:03.186, 0, 51, 1177 MHz, 96.56 W, 91 %, 10847 MiB
2026/10/02 20:46:03.190, 1, 58, 1189 MHz, 49.73 W, 44 %, 10845 MiB
2026/10/02 20:46:03.193, 2, 56, 1139 MHz, 70.70 W, 43 %, 10881 MiB
2026/10/02 20:46:04.196, 0, 51, 1189 MHz, 103.92 W, 56 %, 10847 MiB
2026/10/02 20:46:04.200, 1, 58, 1278 MHz, 53.83 W, 57 %, 10845 MiB
2026/10/02 20:46:04.205, 2, 55, 1189 MHz, 95.97 W, 26 %, 10881 MiB
2026/10/02 20:46:05.208, 0, 51, 1101 MHz, 61.72 W, 95 %, 10847 MiB
2026/10/02 20:46:05.212, 1, 57, 1189 MHz, 47.76 W, 69 %, 10845 MiB
2026/10/02 20:46:05.215, 2, 55, 1189 MHz, 39.01 W, 54 %, 10881 MiB
2026/10/02 20:46:06.218, 0, 51, 1189 MHz, 50.15 W, 96 %, 10847 MiB
2026/10/02 20:46:06.228, 1, 58, 1215 MHz, 120.73 W, 44 %, 10845 MiB
2026/10/02 20:46:06.231, 2, 55, 1202 MHz, 76.46 W, 43 %, 10881 MiB
2026/10/02 20:46:07.234, 0, 51, 1290 MHz, 106.19 W, 91 %, 10847 MiB
2026/10/02 20:46:07.237, 1, 58, 1189 MHz, 56.19 W, 29 %, 10845 MiB
2026/10/02 20:46:07.240, 2, 55, 1278 MHz, 57.85 W, 44 %, 10881 MiB
2026/10/02 20:46:08.257, 0, 50, 1316 MHz, 127.93 W, 46 %, 10847 MiB
2026/10/02 20:46:08.260, 1, 58, 1215 MHz, 120.88 W, 68 %, 10845 MiB
2026/10/02 20:46:08.263, 2, 56, 1215 MHz, 128.46 W, 81 %, 10881 MiB
2026/10/02 20:46:09.266, 0, 51, 1189 MHz, 77.13 W, 92 %, 10847 MiB
2026/10/02 20:46:09.270, 1, 58, 1189 MHz, 128.91 W, 45 %, 10845 MiB
2026/10/02 20:46:09.274, 2, 56, 1290 MHz, 127.35 W, 48 %, 10881 MiB
2026/10/02 20:46:10.279, 0, 50, 1328 MHz, 38.62 W, 56 %, 8343 MiB
2026/10/02 20:46:10.282, 1, 57, 1290 MHz, 39.79 W, 24 %, 8341 MiB
2026/10/02 20:46:10.286, 2, 55, 1328 MHz, 44.66 W, 45 %, 8379 MiB
2026/10/02 20:46:11.289, 0, 49, 1328 MHz, 38.62 W, 0 %, 283 MiB
2026/10/02 20:46:11.293, 1, 57, 1328 MHz, 40.73 W, 0 %, 283 MiB
2026/10/02 20:46:11.296, 2, 54, 1328 MHz, 43.27 W, 0 %, 283 MiB
2026/10/02 20:46:12.299, 0, 49, 1328 MHz, 38.64 W, 0 %, 0 MiB
2026/10/02 20:46:12.302, 1, 56, 1328 MHz, 40.74 W, 6 %, 0 MiB
2026/10/02 20:46:12.308, 2, 54, 1328 MHz, 43.04 W, 0 %, 0 MiB
