timestamp, index, temperature.gpu, clocks.current.sm [MHz], power.draw [W], utilization.gpu [%], memory.used [MiB]
2026/10/02 20:12:59.219, 0, 34, 405 MHz, 24.95 W, 0 %, 0 MiB
2026/10/02 20:12:59.223, 1, 50, 405 MHz, 27.53 W, 0 %, 0 MiB
2026/10/02 20:12:59.227, 2, 48, 405 MHz, 29.64 W, 0 %, 0 MiB
2026/10/02 20:13:00.231, 0, 34, 405 MHz, 24.95 W, 0 %, 0 MiB
2026/10/02 20:13:00.234, 1, 50, 405 MHz, 27.55 W, 0 %, 0 MiB
2026/10/02 20:13:00.237, 2, 48, 405 MHz, 29.64 W, 0 %, 0 MiB
2026/10/02 20:13:01.241, 0, 34, 405 MHz, 24.95 W, 0 %, 0 MiB
2026/10/02 20:13:01.244, 1, 50, 405 MHz, 27.32 W, 0 %, 0 MiB
2026/10/02 20:13:01.250, 2, 48, 405 MHz, 29.64 W, 0 %, 0 MiB
2026/10/02 20:13:02.255, 0, 34, 405 MHz, 24.95 W, 0 %, 0 MiB
2026/10/02 20:13:02.258, 1, 50, 405 MHz, 27.55 W, 0 %, 0 MiB
2026/10/02 20:13:02.261, 2, 48, 405 MHz, 29.66 W, 0 %, 0 MiB
2026/10/02 20:13:03.264, 0, 34, 405 MHz, 24.95 W, 0 %, 0 MiB
2026/10/02 20:13:03.268, 1, 50, 1189 MHz, 33.68 W, 0 %, 259 MiB
2026/10/02 20:13:03.273, 2, 48, 1189 MHz, 35.30 W, 0 %, 259 MiB
2026/10/02 20:13:04.276, 0, 34, 405 MHz, 24.95 W, 0 %, 0 MiB
2026/10/02 20:13:04.279, 1, 50, 1189 MHz, 33.71 W, 0 %, 259 MiB
2026/10/02 20:13:04.283, 2, 48, 1189 MHz, 35.30 W, 0 %, 259 MiB
2026/10/02 20:13:05.286, 0, 34, 405 MHz, 24.95 W, 0 %, 0 MiB
2026/10/02 20:13:05.289, 1, 50, 1189 MHz, 33.71 W, 0 %, 259 MiB
2026/10/02 20:13:05.293, 2, 48, 1189 MHz, 35.30 W, 0 %, 259 MiB
2026/10/02 20:13:06.296, 0, 34, 405 MHz, 24.95 W, 0 %, 0 MiB
2026/10/02 20:13:06.299, 1, 50, 1189 MHz, 33.71 W, 0 %, 259 MiB
2026/10/02 20:13:06.302, 2, 48, 1189 MHz, 35.30 W, 0 %, 259 MiB
2026/10/02 20:13:07.305, 0, 34, 405 MHz, 24.95 W, 0 %, 0 MiB
2026/10/02 20:13:07.309, 1, 50, 1189 MHz, 33.47 W, 0 %, 259 MiB
2026/10/02 20:13:07.312, 2, 48, 1189 MHz, 35.30 W, 0 %, 259 MiB
2026/10/02 20:13:08.315, 0, 34, 405 MHz, 24.95 W, 0 %, 0 MiB
2026/10/02 20:13:08.318, 1, 50, 1189 MHz, 33.71 W, 0 %, 259 MiB
2026/10/02 20:13:08.321, 2, 48, 1189 MHz, 35.30 W, 0 %, 259 MiB
2026/10/02 20:13:09.324, 0, 34, 405 MHz, 24.71 W, 0 %, 0 MiB
2026/10/02 20:13:09.328, 1, 50, 1189 MHz, 33.47 W, 0 %, 259 MiB
2026/10/02 20:13:09.331, 2, 48, 1189 MHz, 35.30 W, 0 %, 259 MiB
2026/10/02 20:13:10.334, 0, 34, 405 MHz, 24.95 W, 0 %, 0 MiB
2026/10/02 20:13:10.337, 1, 50, 1189 MHz, 33.47 W, 0 %, 259 MiB
2026/10/02 20:13:10.340, 2, 48, 1189 MHz, 35.30 W, 0 %, 259 MiB
2026/10/02 20:13:11.344, 0, 34, 405 MHz, 24.95 W, 0 %, 0 MiB
2026/10/02 20:13:11.347, 1, 50, 1189 MHz, 33.94 W, 0 %, 259 MiB
2026/10/02 20:13:11.353, 2, 48, 1189 MHz, 35.30 W, 0 %, 259 MiB
2026/10/02 20:13:12.356, 0, 34, 405 MHz, 24.95 W, 0 %, 0 MiB
2026/10/02 20:13:12.360, 1, 50, 1189 MHz, 33.47 W, 0 %, 259 MiB
2026/10/02 20:13:12.363, 2, 48, 1189 MHz, 35.33 W, 0 %, 259 MiB
2026/10/02 20:13:13.368, 0, 34, 405 MHz, 24.69 W, 0 %, 0 MiB
2026/10/02 20:13:13.371, 1, 50, 1189 MHz, 33.44 W, 0 %, 259 MiB
2026/10/02 20:13:13.374, 2, 48, 1189 MHz, 35.28 W, 0 %, 259 MiB
2026/10/02 20:13:14.377, 0, 34, 405 MHz, 24.95 W, 0 %, 0 MiB
2026/10/02 20:13:14.385, 1, 50, 1189 MHz, 33.47 W, 0 %, 259 MiB
2026/10/02 20:13:14.392, 2, 48, 1189 MHz, 35.30 W, 0 %, 259 MiB
2026/10/02 20:13:15.396, 0, 34, 405 MHz, 24.95 W, 0 %, 0 MiB
2026/10/02 20:13:15.399, 1, 50, 1189 MHz, 33.71 W, 0 %, 259 MiB
2026/10/02 20:13:15.402, 2, 48, 1189 MHz, 35.30 W, 0 %, 259 MiB
2026/10/02 20:13:16.407, 0, 34, 405 MHz, 24.95 W, 0 %, 0 MiB
2026/10/02 20:13:16.410, 1, 50, 1189 MHz, 33.44 W, 0 %, 259 MiB
2026/10/02 20:13:16.413, 2, 48, 1189 MHz, 35.04 W, 0 %, 259 MiB
2026/10/02 20:13:17.422, 0, 34, 405 MHz, 24.95 W, 0 %, 0 MiB
2026/10/02 20:13:17.425, 1, 49, 1189 MHz, 33.71 W, 0 %, 259 MiB
2026/10/02 20:13:17.430, 2, 48, 1189 MHz, 35.07 W, 0 %, 259 MiB
2026/10/02 20:13:18.433, 0, 34, 405 MHz, 24.95 W, 0 %, 0 MiB
2026/10/02 20:13:18.436, 1, 49, 1189 MHz, 33.71 W, 0 %, 259 MiB
2026/10/02 20:13:18.440, 2, 48, 1189 MHz, 35.07 W, 0 %, 259 MiB
2026/10/02 20:13:19.443, 0, 33, 405 MHz, 24.71 W, 0 %, 0 MiB
2026/10/02 20:13:19.446, 1, 49, 1189 MHz, 33.71 W, 0 %, 259 MiB
2026/10/02 20:13:19.449, 2, 48, 1189 MHz, 35.09 W, 0 %, 259 MiB
2026/10/02 20:13:20.452, 0, 34, 405 MHz, 24.95 W, 0 %, 0 MiB
2026/10/02 20:13:20.456, 1, 49, 1189 MHz, 33.47 W, 0 %, 259 MiB
2026/10/02 20:13:20.459, 2, 48, 1189 MHz, 35.09 W, 0 %, 259 MiB
2026/10/02 20:13:21.462, 0, 34, 405 MHz, 24.95 W, 0 %, 0 MiB
2026/10/02 20:13:21.465, 1, 49, 1189 MHz, 33.71 W, 0 %, 259 MiB
2026/10/02 20:13:21.468, 2, 48, 1189 MHz, 35.09 W, 0 %, 259 MiB
2026/10/02 20:13:22.472, 0, 34, 405 MHz, 24.95 W, 0 %, 0 MiB
2026/10/02 20:13:22.480, 1, 49, 1189 MHz, 33.71 W, 0 %, 259 MiB
2026/10/02 20:13:22.483, 2, 47, 1189 MHz, 35.09 W, 0 %, 259 MiB
2026/10/02 20:13:23.487, 0, 33, 405 MHz, 24.95 W, 0 %, 0 MiB
2026/10/02 20:13:23.490, 1, 49, 1189 MHz, 33.47 W, 0 %, 259 MiB
2026/10/02 20:13:23.493, 2, 48, 1189 MHz, 35.07 W, 0 %, 259 MiB
2026/10/02 20:13:24.500, 0, 34, 405 MHz, 24.95 W, 0 %, 0 MiB
2026/10/02 20:13:24.503, 1, 49, 1189 MHz, 33.47 W, 0 %, 259 MiB
2026/10/02 20:13:24.507, 2, 47, 1189 MHz, 35.09 W, 0 %, 259 MiB
2026/10/02 20:13:25.510, 0, 34, 405 MHz, 24.95 W, 0 %, 0 MiB
2026/10/02 20:13:25.513, 1, 49, 1189 MHz, 33.47 W, 0 %, 259 MiB
2026/10/02 20:13:25.516, 2, 47, 1189 MHz, 35.09 W, 0 %, 259 MiB
2026/10/02 20:13:26.520, 0, 34, 405 MHz, 24.95 W, 0 %, 0 MiB
2026/10/02 20:13:26.526, 1, 49, 1189 MHz, 33.47 W, 0 %, 259 MiB
2026/10/02 20:13:26.529, 2, 47, 1189 MHz, 35.09 W, 0 %, 259 MiB
2026/10/02 20:13:27.532, 0, 34, 405 MHz, 24.95 W, 0 %, 0 MiB
2026/10/02 20:13:27.536, 1, 49, 1189 MHz, 33.44 W, 0 %, 259 MiB
2026/10/02 20:13:27.539, 2, 47, 1189 MHz, 35.06 W, 0 %, 259 MiB
2026/10/02 20:13:28.542, 0, 34, 405 MHz, 24.95 W, 0 %, 0 MiB
2026/10/02 20:13:28.545, 1, 49, 1189 MHz, 33.47 W, 0 %, 259 MiB
2026/10/02 20:13:28.548, 2, 47, 1189 MHz, 35.07 W, 0 %, 259 MiB
2026/10/02 20:13:29.552, 0, 34, 405 MHz, 24.95 W, 0 %, 0 MiB
2026/10/02 20:13:29.555, 1, 49, 1189 MHz, 33.47 W, 0 %, 259 MiB
2026/10/02 20:13:29.558, 2, 47, 1189 MHz, 35.07 W, 0 %, 259 MiB
2026/10/02 20:13:30.563, 0, 34, 405 MHz, 24.71 W, 0 %, 0 MiB
2026/10/02 20:13:30.567, 1, 49, 1189 MHz, 33.71 W, 0 %, 259 MiB
2026/10/02 20:13:30.570, 2, 47, 1189 MHz, 35.09 W, 0 %, 259 MiB
2026/10/02 20:13:31.573, 0, 33, 405 MHz, 24.95 W, 0 %, 0 MiB
2026/10/02 20:13:31.576, 1, 49, 1189 MHz, 33.71 W, 0 %, 259 MiB
2026/10/02 20:13:31.579, 2, 47, 1189 MHz, 34.83 W, 0 %, 259 MiB
2026/10/02 20:13:32.582, 0, 33, 405 MHz, 24.95 W, 0 %, 0 MiB
2026/10/02 20:13:32.586, 1, 49, 1189 MHz, 33.23 W, 0 %, 259 MiB
2026/10/02 20:13:32.590, 2, 47, 1189 MHz, 34.83 W, 0 %, 259 MiB
2026/10/02 20:13:33.593, 0, 34, 405 MHz, 24.95 W, 0 %, 0 MiB
2026/10/02 20:13:33.597, 1, 49, 1189 MHz, 33.71 W, 0 %, 259 MiB
2026/10/02 20:13:33.600, 2, 47, 1189 MHz, 35.09 W, 0 %, 259 MiB
2026/10/02 20:13:34.603, 0, 34, 405 MHz, 24.95 W, 0 %, 0 MiB
2026/10/02 20:13:34.606, 1, 49, 1189 MHz, 33.23 W, 0 %, 259 MiB
2026/10/02 20:13:34.609, 2, 47, 1189 MHz, 34.83 W, 0 %, 259 MiB
2026/10/02 20:13:35.612, 0, 34, 405 MHz, 24.95 W, 0 %, 0 MiB
2026/10/02 20:13:35.616, 1, 49, 1189 MHz, 33.47 W, 0 %, 259 MiB
2026/10/02 20:13:35.619, 2, 47, 1189 MHz, 35.09 W, 0 %, 259 MiB
2026/10/02 20:13:36.622, 0, 34, 405 MHz, 24.95 W, 0 %, 0 MiB
2026/10/02 20:13:36.625, 1, 49, 1189 MHz, 33.47 W, 0 %, 259 MiB
2026/10/02 20:13:36.628, 2, 47, 1189 MHz, 34.83 W, 0 %, 259 MiB
2026/10/02 20:13:37.631, 0, 33, 405 MHz, 24.95 W, 0 %, 0 MiB
2026/10/02 20:13:37.635, 1, 49, 1189 MHz, 33.47 W, 0 %, 259 MiB
2026/10/02 20:13:37.638, 2, 47, 1189 MHz, 34.85 W, 0 %, 259 MiB
2026/10/02 20:13:38.643, 0, 34, 405 MHz, 24.95 W, 0 %, 0 MiB
2026/10/02 20:13:38.646, 1, 49, 1189 MHz, 33.23 W, 0 %, 259 MiB
2026/10/02 20:13:38.649, 2, 47, 1189 MHz, 34.85 W, 0 %, 259 MiB
2026/10/02 20:13:39.652, 0, 34, 405 MHz, 24.95 W, 0 %, 0 MiB
2026/10/02 20:13:39.661, 1, 48, 1189 MHz, 33.47 W, 0 %, 259 MiB
2026/10/02 20:13:39.664, 2, 47, 1189 MHz, 34.83 W, 0 %, 259 MiB
2026/10/02 20:13:40.667, 0, 33, 405 MHz, 24.95 W, 0 %, 0 MiB
2026/10/02 20:13:40.671, 1, 48, 1189 MHz, 33.47 W, 0 %, 259 MiB
2026/10/02 20:13:40.674, 2, 47, 1189 MHz, 34.85 W, 0 %, 259 MiB
2026/10/02 20:13:41.677, 0, 33, 405 MHz, 24.95 W, 0 %, 0 MiB
2026/10/02 20:13:41.680, 1, 48, 1189 MHz, 33.23 W, 0 %, 259 MiB
2026/10/02 20:13:41.683, 2, 47, 1189 MHz, 34.83 W, 0 %, 259 MiB
2026/10/02 20:13:42.687, 0, 34, 405 MHz, 24.95 W, 0 %, 0 MiB
2026/10/02 20:13:42.690, 1, 48, 1189 MHz, 33.23 W, 0 %, 259 MiB
2026/10/02 20:13:42.693, 2, 47, 1189 MHz, 34.59 W, 0 %, 259 MiB
2026/10/02 20:13:43.698, 0, 33, 405 MHz, 24.95 W, 0 %, 0 MiB
2026/10/02 20:13:43.702, 1, 48, 1189 MHz, 33.23 W, 0 %, 259 MiB
2026/10/02 20:13:43.705, 2, 47, 1189 MHz, 34.59 W, 0 %, 259 MiB
2026/10/02 20:13:44.708, 0, 34, 405 MHz, 24.95 W, 0 %, 0 MiB
2026/10/02 20:13:44.711, 1, 48, 1189 MHz, 33.23 W, 0 %, 259 MiB
2026/10/02 20:13:44.714, 2, 47, 1189 MHz, 34.59 W, 0 %, 259 MiB
2026/10/02 20:13:45.718, 0, 34, 405 MHz, 24.96 W, 0 %, 0 MiB
2026/10/02 20:13:45.721, 1, 48, 1189 MHz, 33.23 W, 0 %, 259 MiB
2026/10/02 20:13:45.724, 2, 47, 1189 MHz, 34.62 W, 0 %, 259 MiB
2026/10/02 20:13:46.727, 0, 33, 405 MHz, 24.96 W, 0 %, 0 MiB
2026/10/02 20:13:46.730, 1, 48, 1189 MHz, 33.23 W, 0 %, 259 MiB
2026/10/02 20:13:46.733, 2, 47, 1189 MHz, 34.85 W, 0 %, 259 MiB
2026/10/02 20:13:47.738, 0, 34, 405 MHz, 24.95 W, 0 %, 0 MiB
2026/10/02 20:13:47.741, 1, 48, 1189 MHz, 33.47 W, 0 %, 259 MiB
2026/10/02 20:13:47.744, 2, 47, 1189 MHz, 34.61 W, 0 %, 259 MiB
2026/10/02 20:13:48.748, 0, 33, 405 MHz, 24.71 W, 0 %, 0 MiB
2026/10/02 20:13:48.751, 1, 48, 1189 MHz, 33.23 W, 0 %, 259 MiB
2026/10/02 20:13:48.757, 2, 47, 1189 MHz, 34.61 W, 0 %, 259 MiB
2026/10/02 20:13:49.761, 0, 33, 405 MHz, 24.95 W, 0 %, 0 MiB
2026/10/02 20:13:49.764, 1, 48, 1189 MHz, 33.23 W, 0 %, 259 MiB
2026/10/02 20:13:49.767, 2, 46, 1189 MHz, 34.61 W, 0 %, 259 MiB
2026/10/02 20:13:50.770, 0, 33, 405 MHz, 24.95 W, 0 %, 0 MiB
2026/10/02 20:13:50.773, 1, 48, 1189 MHz, 32.99 W, 0 %, 259 MiB
2026/10/02 20:13:50.776, 2, 46, 1189 MHz, 34.83 W, 0 %, 259 MiB
2026/10/02 20:13:51.782, 0, 33, 405 MHz, 24.95 W, 0 %, 0 MiB
2026/10/02 20:13:51.785, 1, 48, 1189 MHz, 33.23 W, 0 %, 259 MiB
2026/10/02 20:13:51.788, 2, 46, 1189 MHz, 34.59 W, 0 %, 259 MiB
2026/10/02 20:13:52.791, 0, 34, 405 MHz, 24.95 W, 0 %, 0 MiB
2026/10/02 20:13:52.795, 1, 48, 1189 MHz, 33.47 W, 0 %, 259 MiB
2026/10/02 20:13:52.800, 2, 46, 1189 MHz, 34.36 W, 0 %, 259 MiB
2026/10/02 20:13:53.803, 0, 33, 405 MHz, 24.95 W, 0 %, 0 MiB
2026/10/02 20:13:53.807, 1, 48, 1189 MHz, 33.44 W, 0 %, 259 MiB
2026/10/02 20:13:53.810, 2, 46, 1189 MHz, 34.59 W, 0 %, 259 MiB
2026/10/02 20:13:54.813, 0, 34, 405 MHz, 24.95 W, 0 %, 0 MiB
2026/10/02 20:13:54.820, 1, 48, 1189 MHz, 32.99 W, 0 %, 259 MiB
2026/10/02 20:13:54.823, 2, 46, 1189 MHz, 34.85 W, 0 %, 259 MiB
2026/10/02 20:13:55.826, 0, 33, 405 MHz, 24.95 W, 0 %, 0 MiB
2026/10/02 20:13:55.830, 1, 48, 1189 MHz, 33.23 W, 0 %, 259 MiB
2026/10/02 20:13:55.833, 2, 46, 1189 MHz, 34.36 W, 0 %, 259 MiB
2026/10/02 20:13:56.839, 0, 33, 405 MHz, 24.95 W, 0 %, 0 MiB
2026/10/02 20:13:56.842, 1, 48, 1189 MHz, 33.23 W, 0 %, 259 MiB
2026/10/02 20:13:56.845, 2, 46, 1189 MHz, 34.36 W, 0 %, 259 MiB
2026/10/02 20:13:57.848, 0, 33, 405 MHz, 24.95 W, 0 %, 0 MiB
2026/10/02 20:13:57.852, 1, 48, 1189 MHz, 33.47 W, 0 %, 259 MiB
2026/10/02 20:13:57.858, 2, 46, 1189 MHz, 34.38 W, 0 %, 259 MiB
2026/10/02 20:13:58.863, 0, 33, 405 MHz, 24.95 W, 0 %, 0 MiB
2026/10/02 20:13:58.866, 1, 48, 1189 MHz, 33.23 W, 0 %, 259 MiB
2026/10/02 20:13:58.869, 2, 46, 1189 MHz, 34.61 W, 0 %, 259 MiB
2026/10/02 20:13:59.872, 0, 34, 405 MHz, 24.93 W, 0 %, 0 MiB
2026/10/02 20:13:59.879, 1, 48, 1189 MHz, 33.45 W, 0 %, 259 MiB
2026/10/02 20:13:59.883, 2, 46, 1189 MHz, 34.35 W, 0 %, 259 MiB
2026/10/02 20:14:00.886, 0, 33, 405 MHz, 24.95 W, 0 %, 0 MiB
2026/10/02 20:14:00.889, 1, 48, 1189 MHz, 33.23 W, 0 %, 259 MiB
2026/10/02 20:14:00.896, 2, 46, 1189 MHz, 34.36 W, 0 %, 259 MiB
2026/10/02 20:14:01.900, 0, 34, 405 MHz, 24.95 W, 0 %, 0 MiB
2026/10/02 20:14:01.904, 1, 48, 1189 MHz, 33.23 W, 0 %, 259 MiB
2026/10/02 20:14:01.907, 2, 46, 1189 MHz, 34.38 W, 0 %, 259 MiB
2026/10/02 20:14:02.910, 0, 33, 405 MHz, 24.95 W, 0 %, 0 MiB
2026/10/02 20:14:02.916, 1, 48, 1189 MHz, 33.23 W, 0 %, 259 MiB
2026/10/02 20:14:02.919, 2, 46, 1189 MHz, 34.36 W, 0 %, 259 MiB
2026/10/02 20:14:03.922, 0, 34, 405 MHz, 24.95 W, 0 %, 0 MiB
2026/10/02 20:14:03.926, 1, 48, 1189 MHz, 33.47 W, 0 %, 259 MiB
2026/10/02 20:14:03.929, 2, 46, 1189 MHz, 34.36 W, 0 %, 259 MiB
2026/10/02 20:14:04.935, 0, 34, 405 MHz, 24.95 W, 0 %, 0 MiB
2026/10/02 20:14:04.938, 1, 48, 1189 MHz, 33.23 W, 0 %, 259 MiB
2026/10/02 20:14:04.941, 2, 46, 1189 MHz, 34.36 W, 0 %, 259 MiB
2026/10/02 20:14:05.944, 0, 34, 405 MHz, 24.71 W, 0 %, 0 MiB
2026/10/02 20:14:05.948, 1, 48, 1189 MHz, 33.23 W, 0 %, 259 MiB
2026/10/02 20:14:05.954, 2, 46, 1189 MHz, 34.36 W, 0 %, 259 MiB
2026/10/02 20:14:06.961, 0, 33, 405 MHz, 24.95 W, 0 %, 0 MiB
2026/10/02 20:14:06.965, 1, 48, 1189 MHz, 33.23 W, 0 %, 259 MiB
2026/10/02 20:14:06.968, 2, 46, 1189 MHz, 34.38 W, 0 %, 259 MiB
2026/10/02 20:14:07.971, 0, 33, 405 MHz, 24.95 W, 0 %, 0 MiB
2026/10/02 20:14:07.974, 1, 48, 1189 MHz, 33.23 W, 0 %, 259 MiB
2026/10/02 20:14:07.977, 2, 46, 1189 MHz, 34.36 W, 0 %, 259 MiB
2026/10/02 20:14:08.981, 0, 33, 405 MHz, 24.95 W, 0 %, 0 MiB
2026/10/02 20:14:08.984, 1, 48, 1189 MHz, 32.99 W, 0 %, 259 MiB
2026/10/02 20:14:08.987, 2, 46, 1189 MHz, 34.36 W, 0 %, 259 MiB
2026/10/02 20:14:09.990, 0, 33, 405 MHz, 24.95 W, 0 %, 0 MiB
2026/10/02 20:14:09.994, 1, 48, 1189 MHz, 32.75 W, 0 %, 259 MiB
2026/10/02 20:14:09.997, 2, 46, 1189 MHz, 34.36 W, 0 %, 259 MiB
2026/10/02 20:14:11.000, 0, 33, 405 MHz, 24.95 W, 0 %, 0 MiB
2026/10/02 20:14:11.004, 1, 47, 1189 MHz, 32.75 W, 0 %, 259 MiB
2026/10/02 20:14:11.007, 2, 46, 1189 MHz, 34.36 W, 0 %, 259 MiB
2026/10/02 20:14:12.010, 0, 34, 405 MHz, 24.95 W, 0 %, 0 MiB
2026/10/02 20:14:12.014, 1, 48, 1189 MHz, 33.23 W, 0 %, 259 MiB
2026/10/02 20:14:12.017, 2, 46, 1189 MHz, 34.38 W, 0 %, 259 MiB
2026/10/02 20:14:13.020, 0, 33, 405 MHz, 24.95 W, 0 %, 0 MiB
2026/10/02 20:14:13.023, 1, 47, 1189 MHz, 33.47 W, 0 %, 259 MiB
2026/10/02 20:14:13.029, 2, 46, 1189 MHz, 34.38 W, 0 %, 259 MiB
2026/10/02 20:14:14.032, 0, 33, 405 MHz, 24.95 W, 0 %, 0 MiB
2026/10/02 20:14:14.040, 1, 47, 1189 MHz, 32.75 W, 0 %, 259 MiB
2026/10/02 20:14:14.043, 2, 46, 1189 MHz, 34.59 W, 0 %, 259 MiB
2026/10/02 20:14:15.046, 0, 33, 405 MHz, 24.95 W, 0 %, 0 MiB
2026/10/02 20:14:15.049, 1, 47, 1189 MHz, 33.23 W, 0 %, 259 MiB
2026/10/02 20:14:15.054, 2, 46, 1189 MHz, 34.36 W, 0 %, 259 MiB
2026/10/02 20:14:16.057, 0, 33, 405 MHz, 24.95 W, 0 %, 0 MiB
2026/10/02 20:14:16.060, 1, 47, 1189 MHz, 32.75 W, 0 %, 259 MiB
2026/10/02 20:14:16.063, 2, 46, 1189 MHz, 34.36 W, 0 %, 259 MiB
2026/10/02 20:14:17.067, 0, 33, 405 MHz, 24.95 W, 0 %, 0 MiB
2026/10/02 20:14:17.070, 1, 47, 1189 MHz, 33.23 W, 0 %, 259 MiB
2026/10/02 20:14:17.073, 2, 46, 1189 MHz, 34.38 W, 0 %, 259 MiB
2026/10/02 20:14:18.077, 0, 33, 405 MHz, 24.95 W, 0 %, 0 MiB
2026/10/02 20:14:18.080, 1, 47, 1189 MHz, 32.99 W, 0 %, 259 MiB
2026/10/02 20:14:18.083, 2, 46, 1189 MHz, 34.36 W, 0 %, 259 MiB
2026/10/02 20:14:19.086, 0, 33, 405 MHz, 24.95 W, 0 %, 0 MiB
2026/10/02 20:14:19.089, 1, 47, 1189 MHz, 32.99 W, 0 %, 259 MiB
2026/10/02 20:14:19.093, 2, 46, 1189 MHz, 34.38 W, 0 %, 259 MiB
2026/10/02 20:14:20.096, 0, 33, 405 MHz, 24.95 W, 0 %, 0 MiB
2026/10/02 20:14:20.099, 1, 47, 1189 MHz, 33.23 W, 0 %, 259 MiB
2026/10/02 20:14:20.102, 2, 46, 1189 MHz, 34.38 W, 0 %, 259 MiB
2026/10/02 20:14:21.105, 0, 33, 405 MHz, 24.95 W, 0 %, 0 MiB
2026/10/02 20:14:21.109, 1, 47, 1189 MHz, 33.23 W, 0 %, 259 MiB
2026/10/02 20:14:21.112, 2, 46, 1189 MHz, 34.38 W, 0 %, 259 MiB
2026/10/02 20:14:22.115, 0, 33, 405 MHz, 24.95 W, 0 %, 0 MiB
2026/10/02 20:14:22.118, 1, 47, 1189 MHz, 33.23 W, 0 %, 259 MiB
2026/10/02 20:14:22.121, 2, 46, 1189 MHz, 34.38 W, 0 %, 259 MiB
2026/10/02 20:14:23.125, 0, 34, 405 MHz, 24.95 W, 0 %, 0 MiB
2026/10/02 20:14:23.128, 1, 47, 1189 MHz, 33.23 W, 0 %, 259 MiB
2026/10/02 20:14:23.131, 2, 45, 1189 MHz, 34.38 W, 0 %, 259 MiB
2026/10/02 20:14:24.138, 0, 34, 405 MHz, 24.95 W, 0 %, 0 MiB
2026/10/02 20:14:24.141, 1, 47, 1189 MHz, 33.23 W, 0 %, 259 MiB
2026/10/02 20:14:24.144, 2, 45, 1189 MHz, 34.38 W, 0 %, 259 MiB
2026/10/02 20:14:25.147, 0, 34, 405 MHz, 24.95 W, 0 %, 0 MiB
2026/10/02 20:14:25.153, 1, 47, 1189 MHz, 33.23 W, 0 %, 259 MiB
2026/10/02 20:14:25.156, 2, 45, 1189 MHz, 34.38 W, 0 %, 259 MiB
2026/10/02 20:14:26.160, 0, 34, 405 MHz, 24.95 W, 0 %, 0 MiB
2026/10/02 20:14:26.163, 1, 47, 1189 MHz, 33.23 W, 0 %, 259 MiB
2026/10/02 20:14:26.167, 2, 46, 1189 MHz, 34.38 W, 0 %, 259 MiB
2026/10/02 20:14:27.172, 0, 33, 405 MHz, 24.95 W, 0 %, 0 MiB
2026/10/02 20:14:27.175, 1, 47, 1189 MHz, 33.23 W, 0 %, 259 MiB
2026/10/02 20:14:27.178, 2, 45, 1189 MHz, 34.38 W, 0 %, 259 MiB
2026/10/02 20:14:28.181, 0, 34, 405 MHz, 24.95 W, 0 %, 0 MiB
2026/10/02 20:14:28.185, 1, 47, 1189 MHz, 33.23 W, 0 %, 259 MiB
2026/10/02 20:14:28.188, 2, 45, 1189 MHz, 34.38 W, 0 %, 259 MiB
2026/10/02 20:14:29.191, 0, 33, 405 MHz, 24.95 W, 0 %, 0 MiB
2026/10/02 20:14:29.194, 1, 47, 1189 MHz, 33.23 W, 0 %, 259 MiB
2026/10/02 20:14:29.198, 2, 45, 1189 MHz, 34.38 W, 0 %, 259 MiB
2026/10/02 20:14:30.201, 0, 34, 405 MHz, 24.95 W, 0 %, 0 MiB
2026/10/02 20:14:30.204, 1, 47, 1189 MHz, 32.75 W, 0 %, 259 MiB
2026/10/02 20:14:30.207, 2, 45, 1189 MHz, 34.38 W, 0 %, 259 MiB
2026/10/02 20:14:31.210, 0, 34, 405 MHz, 24.95 W, 0 %, 0 MiB
2026/10/02 20:14:31.214, 1, 47, 1189 MHz, 33.23 W, 0 %, 259 MiB
2026/10/02 20:14:31.217, 2, 45, 1189 MHz, 34.38 W, 0 %, 259 MiB
2026/10/02 20:14:32.220, 0, 34, 405 MHz, 24.95 W, 0 %, 0 MiB
2026/10/02 20:14:32.223, 1, 47, 1189 MHz, 32.99 W, 0 %, 259 MiB
2026/10/02 20:14:32.226, 2, 45, 1189 MHz, 34.14 W, 0 %, 259 MiB
2026/10/02 20:14:33.230, 0, 33, 405 MHz, 24.95 W, 0 %, 0 MiB
2026/10/02 20:14:33.238, 1, 47, 1189 MHz, 32.75 W, 0 %, 259 MiB
2026/10/02 20:14:33.244, 2, 45, 1189 MHz, 34.38 W, 0 %, 259 MiB
2026/10/02 20:14:34.248, 0, 34, 405 MHz, 24.95 W, 0 %, 0 MiB
2026/10/02 20:14:34.251, 1, 47, 1189 MHz, 32.75 W, 0 %, 259 MiB
2026/10/02 20:14:34.254, 2, 45, 1189 MHz, 34.14 W, 0 %, 259 MiB
2026/10/02 20:14:35.257, 0, 33, 405 MHz, 24.95 W, 0 %, 0 MiB
2026/10/02 20:14:35.261, 1, 47, 1189 MHz, 32.75 W, 0 %, 259 MiB
2026/10/02 20:14:35.264, 2, 45, 1189 MHz, 34.14 W, 0 %, 259 MiB
2026/10/02 20:14:36.267, 0, 34, 405 MHz, 24.95 W, 0 %, 0 MiB
2026/10/02 20:14:36.270, 1, 47, 1189 MHz, 32.75 W, 0 %, 259 MiB
2026/10/02 20:14:36.273, 2, 45, 1189 MHz, 34.14 W, 0 %, 259 MiB
2026/10/02 20:14:37.277, 0, 33, 405 MHz, 24.95 W, 0 %, 0 MiB
2026/10/02 20:14:37.280, 1, 47, 1189 MHz, 33.23 W, 0 %, 259 MiB
2026/10/02 20:14:37.283, 2, 45, 1189 MHz, 34.14 W, 0 %, 259 MiB
2026/10/02 20:14:38.287, 0, 33, 405 MHz, 24.95 W, 0 %, 0 MiB
2026/10/02 20:14:38.290, 1, 47, 1189 MHz, 33.23 W, 0 %, 259 MiB
2026/10/02 20:14:38.293, 2, 45, 1189 MHz, 34.12 W, 0 %, 259 MiB
2026/10/02 20:14:39.298, 0, 34, 405 MHz, 24.71 W, 0 %, 0 MiB
2026/10/02 20:14:39.302, 1, 47, 1189 MHz, 32.73 W, 0 %, 259 MiB
2026/10/02 20:14:39.305, 2, 45, 1189 MHz, 34.12 W, 0 %, 259 MiB
2026/10/02 20:14:40.308, 0, 34, 405 MHz, 24.95 W, 0 %, 0 MiB
2026/10/02 20:14:40.314, 1, 47, 1189 MHz, 32.52 W, 0 %, 259 MiB
2026/10/02 20:14:40.317, 2, 45, 1189 MHz, 34.14 W, 0 %, 259 MiB
2026/10/02 20:14:41.323, 0, 33, 405 MHz, 24.95 W, 0 %, 0 MiB
2026/10/02 20:14:41.327, 1, 47, 1189 MHz, 32.99 W, 0 %, 259 MiB
2026/10/02 20:14:41.330, 2, 45, 1189 MHz, 34.14 W, 0 %, 259 MiB
2026/10/02 20:14:42.333, 0, 33, 405 MHz, 24.95 W, 0 %, 0 MiB
2026/10/02 20:14:42.336, 1, 47, 1189 MHz, 32.99 W, 0 %, 259 MiB
2026/10/02 20:14:42.339, 2, 45, 1189 MHz, 34.14 W, 0 %, 259 MiB
2026/10/02 20:14:43.342, 0, 33, 405 MHz, 24.71 W, 0 %, 0 MiB
2026/10/02 20:14:43.346, 1, 47, 1189 MHz, 32.99 W, 0 %, 259 MiB
2026/10/02 20:14:43.349, 2, 45, 1189 MHz, 34.14 W, 0 %, 259 MiB
2026/10/02 20:14:44.354, 0, 34, 405 MHz, 24.95 W, 0 %, 0 MiB
2026/10/02 20:14:44.357, 1, 47, 1189 MHz, 32.75 W, 0 %, 259 MiB
2026/10/02 20:14:44.364, 2, 45, 1189 MHz, 34.14 W, 0 %, 259 MiB
2026/10/02 20:14:45.367, 0, 34, 405 MHz, 24.95 W, 0 %, 0 MiB
2026/10/02 20:14:45.373, 1, 47, 1189 MHz, 32.75 W, 0 %, 259 MiB
2026/10/02 20:14:45.376, 2, 45, 1189 MHz, 34.38 W, 0 %, 259 MiB
2026/10/02 20:14:46.380, 0, 34, 405 MHz, 24.95 W, 0 %, 0 MiB
2026/10/02 20:14:46.383, 1, 47, 1189 MHz, 32.75 W, 0 %, 259 MiB
2026/10/02 20:14:46.388, 2, 45, 1189 MHz, 34.12 W, 0 %, 259 MiB
2026/10/02 20:14:47.391, 0, 33, 405 MHz, 24.95 W, 0 %, 0 MiB
2026/10/02 20:14:47.395, 1, 47, 1189 MHz, 32.52 W, 0 %, 259 MiB
2026/10/02 20:14:47.398, 2, 45, 1189 MHz, 34.14 W, 0 %, 259 MiB
2026/10/02 20:14:48.401, 0, 33, 405 MHz, 24.95 W, 0 %, 0 MiB
2026/10/02 20:14:48.404, 1, 47, 1189 MHz, 32.75 W, 0 %, 259 MiB
2026/10/02 20:14:48.407, 2, 45, 1189 MHz, 34.14 W, 0 %, 259 MiB
2026/10/02 20:14:49.411, 0, 33, 405 MHz, 24.95 W, 0 %, 0 MiB
2026/10/02 20:14:49.414, 1, 47, 1189 MHz, 32.75 W, 0 %, 259 MiB
2026/10/02 20:14:49.417, 2, 45, 1189 MHz, 34.14 W, 0 %, 259 MiB
2026/10/02 20:14:50.422, 0, 34, 405 MHz, 24.71 W, 0 %, 0 MiB
2026/10/02 20:14:50.430, 1, 47, 1189 MHz, 32.99 W, 0 %, 259 MiB
2026/10/02 20:14:50.433, 2, 45, 1189 MHz, 34.14 W, 0 %, 259 MiB
2026/10/02 20:14:51.436, 0, 34, 405 MHz, 24.95 W, 0 %, 0 MiB
2026/10/02 20:14:51.439, 1, 47, 1189 MHz, 32.99 W, 0 %, 259 MiB
2026/10/02 20:14:51.442, 2, 45, 1189 MHz, 34.14 W, 0 %, 259 MiB
2026/10/02 20:14:52.445, 0, 33, 405 MHz, 24.95 W, 0 %, 0 MiB
2026/10/02 20:14:52.449, 1, 47, 1189 MHz, 32.99 W, 0 %, 259 MiB
2026/10/02 20:14:52.452, 2, 45, 1189 MHz, 34.14 W, 0 %, 259 MiB
2026/10/02 20:14:53.455, 0, 33, 405 MHz, 24.95 W, 0 %, 0 MiB
2026/10/02 20:14:53.458, 1, 47, 1189 MHz, 32.99 W, 0 %, 259 MiB
2026/10/02 20:14:53.461, 2, 45, 1189 MHz, 34.14 W, 0 %, 259 MiB
2026/10/02 20:14:54.465, 0, 33, 405 MHz, 24.95 W, 0 %, 0 MiB
2026/10/02 20:14:54.468, 1, 47, 1189 MHz, 32.99 W, 0 %, 259 MiB
2026/10/02 20:14:54.471, 2, 45, 1189 MHz, 34.14 W, 0 %, 259 MiB
2026/10/02 20:14:55.474, 0, 34, 405 MHz, 24.71 W, 0 %, 0 MiB
2026/10/02 20:14:55.477, 1, 47, 1189 MHz, 32.99 W, 0 %, 259 MiB
2026/10/02 20:14:55.480, 2, 45, 1189 MHz, 34.14 W, 0 %, 259 MiB
2026/10/02 20:14:56.484, 0, 34, 405 MHz, 24.95 W, 0 %, 0 MiB
2026/10/02 20:14:56.487, 1, 46, 1189 MHz, 32.99 W, 0 %, 259 MiB
2026/10/02 20:14:56.490, 2, 45, 1189 MHz, 34.14 W, 0 %, 259 MiB
2026/10/02 20:14:57.493, 0, 33, 405 MHz, 24.95 W, 0 %, 0 MiB
2026/10/02 20:14:57.496, 1, 46, 1189 MHz, 32.99 W, 0 %, 259 MiB
2026/10/02 20:14:57.500, 2, 45, 1189 MHz, 34.14 W, 0 %, 259 MiB
2026/10/02 20:14:58.503, 0, 33, 405 MHz, 24.95 W, 0 %, 0 MiB
2026/10/02 20:14:58.506, 1, 46, 1189 MHz, 32.99 W, 0 %, 259 MiB
2026/10/02 20:14:58.509, 2, 45, 1189 MHz, 34.14 W, 0 %, 259 MiB
2026/10/02 20:14:59.514, 0, 33, 405 MHz, 24.95 W, 0 %, 0 MiB
2026/10/02 20:14:59.518, 1, 46, 1189 MHz, 32.99 W, 0 %, 259 MiB
2026/10/02 20:14:59.522, 2, 45, 1189 MHz, 34.14 W, 0 %, 259 MiB
2026/10/02 20:15:00.528, 0, 33, 405 MHz, 24.95 W, 0 %, 0 MiB
2026/10/02 20:15:00.532, 1, 46, 1189 MHz, 32.99 W, 0 %, 259 MiB
2026/10/02 20:15:00.535, 2, 45, 1189 MHz, 34.14 W, 0 %, 259 MiB
2026/10/02 20:15:01.538, 0, 33, 405 MHz, 24.95 W, 0 %, 0 MiB
2026/10/02 20:15:01.541, 1, 46, 1189 MHz, 32.99 W, 0 %, 259 MiB
2026/10/02 20:15:01.544, 2, 45, 1189 MHz, 34.14 W, 0 %, 259 MiB
2026/10/02 20:15:02.548, 0, 34, 405 MHz, 24.71 W, 0 %, 0 MiB
2026/10/02 20:15:02.552, 1, 46, 1189 MHz, 32.99 W, 0 %, 259 MiB
2026/10/02 20:15:02.555, 2, 45, 1189 MHz, 34.12 W, 0 %, 259 MiB
2026/10/02 20:15:03.558, 0, 33, 405 MHz, 24.71 W, 0 %, 0 MiB
2026/10/02 20:15:03.561, 1, 46, 1189 MHz, 32.99 W, 0 %, 259 MiB
2026/10/02 20:15:03.567, 2, 45, 1189 MHz, 34.12 W, 0 %, 259 MiB
2026/10/02 20:15:04.572, 0, 33, 405 MHz, 24.95 W, 0 %, 0 MiB
2026/10/02 20:15:04.575, 1, 46, 1189 MHz, 32.99 W, 0 %, 259 MiB
2026/10/02 20:15:04.578, 2, 45, 1189 MHz, 34.12 W, 0 %, 259 MiB
2026/10/02 20:15:05.584, 0, 34, 405 MHz, 24.71 W, 0 %, 0 MiB
2026/10/02 20:15:05.592, 1, 46, 1189 MHz, 32.99 W, 0 %, 259 MiB
2026/10/02 20:15:05.595, 2, 45, 1189 MHz, 34.14 W, 0 %, 259 MiB
2026/10/02 20:15:06.598, 0, 33, 405 MHz, 24.71 W, 0 %, 0 MiB
2026/10/02 20:15:06.601, 1, 46, 1189 MHz, 32.99 W, 0 %, 259 MiB
2026/10/02 20:15:06.605, 2, 45, 1189 MHz, 34.14 W, 0 %, 259 MiB
2026/10/02 20:15:07.610, 0, 33, 405 MHz, 24.95 W, 0 %, 0 MiB
2026/10/02 20:15:07.613, 1, 46, 1189 MHz, 32.99 W, 0 %, 259 MiB
2026/10/02 20:15:07.616, 2, 45, 1189 MHz, 34.14 W, 0 %, 259 MiB
2026/10/02 20:15:08.623, 0, 34, 405 MHz, 24.71 W, 0 %, 0 MiB
2026/10/02 20:15:08.628, 1, 46, 1189 MHz, 32.99 W, 0 %, 259 MiB
2026/10/02 20:15:08.632, 2, 45, 1189 MHz, 34.14 W, 0 %, 259 MiB
2026/10/02 20:15:09.635, 0, 33, 405 MHz, 24.95 W, 0 %, 0 MiB
2026/10/02 20:15:09.639, 1, 46, 1189 MHz, 32.99 W, 0 %, 259 MiB
2026/10/02 20:15:09.643, 2, 45, 1189 MHz, 34.14 W, 0 %, 259 MiB
2026/10/02 20:15:10.646, 0, 33, 405 MHz, 24.95 W, 0 %, 0 MiB
2026/10/02 20:15:10.649, 1, 46, 1189 MHz, 32.99 W, 0 %, 259 MiB
2026/10/02 20:15:10.653, 2, 45, 1189 MHz, 34.14 W, 0 %, 259 MiB
2026/10/02 20:15:11.656, 0, 34, 405 MHz, 24.95 W, 0 %, 0 MiB
2026/10/02 20:15:11.659, 1, 46, 1189 MHz, 32.52 W, 0 %, 259 MiB
2026/10/02 20:15:11.662, 2, 45, 1189 MHz, 34.14 W, 0 %, 259 MiB
2026/10/02 20:15:12.666, 0, 34, 405 MHz, 24.95 W, 0 %, 0 MiB
2026/10/02 20:15:12.669, 1, 46, 1189 MHz, 32.52 W, 0 %, 259 MiB
2026/10/02 20:15:12.672, 2, 45, 1189 MHz, 34.14 W, 0 %, 259 MiB
2026/10/02 20:15:13.675, 0, 34, 405 MHz, 24.95 W, 0 %, 0 MiB
2026/10/02 20:15:13.679, 1, 46, 1189 MHz, 32.52 W, 0 %, 259 MiB
2026/10/02 20:15:13.682, 2, 45, 1189 MHz, 34.14 W, 0 %, 259 MiB
2026/10/02 20:15:14.685, 0, 33, 405 MHz, 24.95 W, 0 %, 0 MiB
2026/10/02 20:15:14.688, 1, 46, 1189 MHz, 32.52 W, 0 %, 259 MiB
2026/10/02 20:15:14.692, 2, 45, 1189 MHz, 34.14 W, 0 %, 259 MiB
2026/10/02 20:15:15.695, 0, 34, 405 MHz, 24.95 W, 0 %, 0 MiB
2026/10/02 20:15:15.698, 1, 46, 1189 MHz, 32.52 W, 0 %, 259 MiB
2026/10/02 20:15:15.701, 2, 44, 1189 MHz, 34.14 W, 0 %, 259 MiB
2026/10/02 20:15:16.705, 0, 34, 405 MHz, 24.71 W, 0 %, 0 MiB
2026/10/02 20:15:16.712, 1, 46, 1189 MHz, 32.52 W, 0 %, 259 MiB
2026/10/02 20:15:16.715, 2, 45, 1189 MHz, 34.14 W, 0 %, 259 MiB
2026/10/02 20:15:17.718, 0, 33, 405 MHz, 24.95 W, 0 %, 0 MiB
2026/10/02 20:15:17.722, 1, 46, 1189 MHz, 32.52 W, 0 %, 259 MiB
2026/10/02 20:15:17.725, 2, 44, 1189 MHz, 34.12 W, 0 %, 259 MiB
2026/10/02 20:15:18.728, 0, 34, 405 MHz, 24.95 W, 0 %, 0 MiB
2026/10/02 20:15:18.734, 1, 46, 1189 MHz, 32.52 W, 0 %, 259 MiB
2026/10/02 20:15:18.738, 2, 44, 1189 MHz, 34.14 W, 0 %, 259 MiB
2026/10/02 20:15:19.742, 0, 34, 405 MHz, 24.95 W, 0 %, 0 MiB
2026/10/02 20:15:19.745, 1, 46, 1189 MHz, 32.52 W, 0 %, 259 MiB
2026/10/02 20:15:19.748, 2, 44, 1189 MHz, 34.14 W, 0 %, 259 MiB
2026/10/02 20:15:20.751, 0, 33, 405 MHz, 24.95 W, 0 %, 0 MiB
2026/10/02 20:15:20.755, 1, 46, 1189 MHz, 32.52 W, 0 %, 259 MiB
2026/10/02 20:15:20.758, 2, 44, 1189 MHz, 34.14 W, 0 %, 259 MiB
2026/10/02 20:15:21.761, 0, 33, 405 MHz, 24.95 W, 0 %, 0 MiB
2026/10/02 20:15:21.764, 1, 46, 1189 MHz, 32.75 W, 0 %, 259 MiB
2026/10/02 20:15:21.767, 2, 45, 1189 MHz, 33.90 W, 0 %, 259 MiB
2026/10/02 20:15:22.770, 0, 34, 405 MHz, 24.95 W, 0 %, 0 MiB
2026/10/02 20:15:22.774, 1, 46, 1189 MHz, 32.52 W, 0 %, 259 MiB
2026/10/02 20:15:22.777, 2, 44, 1189 MHz, 34.12 W, 0 %, 259 MiB
2026/10/02 20:15:23.780, 0, 34, 405 MHz, 24.95 W, 0 %, 0 MiB
2026/10/02 20:15:23.783, 1, 46, 1189 MHz, 32.75 W, 0 %, 259 MiB
2026/10/02 20:15:23.786, 2, 44, 1189 MHz, 33.88 W, 0 %, 259 MiB
2026/10/02 20:15:24.790, 0, 34, 405 MHz, 24.95 W, 0 %, 0 MiB
2026/10/02 20:15:24.793, 1, 46, 1189 MHz, 32.52 W, 0 %, 259 MiB
2026/10/02 20:15:24.796, 2, 44, 1189 MHz, 34.14 W, 0 %, 259 MiB
2026/10/02 20:15:25.799, 0, 33, 405 MHz, 24.95 W, 0 %, 0 MiB
2026/10/02 20:15:25.802, 1, 46, 1189 MHz, 32.75 W, 0 %, 259 MiB
2026/10/02 20:15:25.805, 2, 44, 1189 MHz, 34.14 W, 0 %, 259 MiB
2026/10/02 20:15:26.809, 0, 34, 405 MHz, 24.95 W, 0 %, 0 MiB
2026/10/02 20:15:26.812, 1, 46, 1189 MHz, 32.99 W, 0 %, 259 MiB
2026/10/02 20:15:26.815, 2, 44, 1189 MHz, 33.90 W, 0 %, 259 MiB
2026/10/02 20:15:27.818, 0, 34, 405 MHz, 24.96 W, 0 %, 0 MiB
2026/10/02 20:15:27.821, 1, 46, 1189 MHz, 32.99 W, 0 %, 259 MiB
2026/10/02 20:15:27.824, 2, 44, 1189 MHz, 34.14 W, 0 %, 259 MiB
2026/10/02 20:15:28.828, 0, 34, 405 MHz, 24.95 W, 0 %, 0 MiB
2026/10/02 20:15:28.831, 1, 46, 1189 MHz, 32.99 W, 0 %, 259 MiB
2026/10/02 20:15:28.834, 2, 44, 1189 MHz, 34.14 W, 0 %, 259 MiB
2026/10/02 20:15:29.837, 0, 34, 405 MHz, 24.95 W, 0 %, 0 MiB
2026/10/02 20:15:29.840, 1, 46, 1189 MHz, 32.99 W, 0 %, 259 MiB
2026/10/02 20:15:29.844, 2, 44, 1189 MHz, 33.90 W, 0 %, 259 MiB
2026/10/02 20:15:30.847, 0, 34, 405 MHz, 24.71 W, 0 %, 0 MiB
2026/10/02 20:15:30.850, 1, 46, 1189 MHz, 32.99 W, 0 %, 259 MiB
2026/10/02 20:15:30.853, 2, 44, 1189 MHz, 33.90 W, 0 %, 259 MiB
2026/10/02 20:15:31.856, 0, 33, 405 MHz, 24.95 W, 0 %, 0 MiB
2026/10/02 20:15:31.860, 1, 46, 1189 MHz, 32.99 W, 0 %, 259 MiB
2026/10/02 20:15:31.863, 2, 44, 1189 MHz, 33.90 W, 0 %, 259 MiB
2026/10/02 20:15:32.866, 0, 34, 405 MHz, 24.95 W, 0 %, 0 MiB
2026/10/02 20:15:32.869, 1, 46, 1189 MHz, 32.75 W, 0 %, 259 MiB
2026/10/02 20:15:32.872, 2, 44, 1189 MHz, 33.88 W, 0 %, 259 MiB
2026/10/02 20:15:33.875, 0, 33, 405 MHz, 24.95 W, 0 %, 0 MiB
2026/10/02 20:15:33.879, 1, 46, 1189 MHz, 32.99 W, 0 %, 259 MiB
2026/10/02 20:15:33.882, 2, 44, 1189 MHz, 33.90 W, 0 %, 259 MiB
2026/10/02 20:15:34.888, 0, 34, 405 MHz, 24.71 W, 0 %, 0 MiB
2026/10/02 20:15:34.891, 1, 46, 1189 MHz, 32.75 W, 0 %, 259 MiB
2026/10/02 20:15:34.897, 2, 44, 1189 MHz, 33.90 W, 0 %, 259 MiB
2026/10/02 20:15:35.901, 0, 34, 405 MHz, 24.95 W, 0 %, 0 MiB
2026/10/02 20:15:35.904, 1, 46, 1189 MHz, 32.52 W, 0 %, 259 MiB
2026/10/02 20:15:35.907, 2, 44, 1189 MHz, 33.90 W, 0 %, 259 MiB
2026/10/02 20:15:36.910, 0, 34, 405 MHz, 24.71 W, 0 %, 0 MiB
2026/10/02 20:15:36.914, 1, 46, 1189 MHz, 32.75 W, 0 %, 259 MiB
2026/10/02 20:15:36.917, 2, 44, 1189 MHz, 33.90 W, 0 %, 259 MiB
2026/10/02 20:15:37.920, 0, 34, 405 MHz, 24.95 W, 0 %, 0 MiB
2026/10/02 20:15:37.925, 1, 46, 1189 MHz, 32.52 W, 0 %, 259 MiB
2026/10/02 20:15:37.928, 2, 44, 1189 MHz, 33.90 W, 0 %, 259 MiB
2026/10/02 20:15:38.932, 0, 34, 405 MHz, 24.95 W, 0 %, 0 MiB
2026/10/02 20:15:38.935, 1, 46, 1189 MHz, 32.52 W, 0 %, 259 MiB
2026/10/02 20:15:38.938, 2, 44, 1189 MHz, 33.90 W, 0 %, 259 MiB
2026/10/02 20:15:39.941, 0, 33, 405 MHz, 24.95 W, 0 %, 0 MiB
2026/10/02 20:15:39.944, 1, 46, 1189 MHz, 32.52 W, 0 %, 259 MiB
2026/10/02 20:15:39.948, 2, 44, 1189 MHz, 33.90 W, 0 %, 259 MiB
2026/10/02 20:15:40.951, 0, 33, 405 MHz, 24.95 W, 0 %, 0 MiB
2026/10/02 20:15:40.954, 1, 46, 1189 MHz, 32.52 W, 0 %, 259 MiB
2026/10/02 20:15:40.957, 2, 44, 1189 MHz, 33.90 W, 0 %, 259 MiB
2026/10/02 20:15:41.960, 0, 34, 405 MHz, 24.95 W, 0 %, 0 MiB
2026/10/02 20:15:41.964, 1, 46, 1189 MHz, 32.52 W, 0 %, 259 MiB
2026/10/02 20:15:41.967, 2, 44, 1189 MHz, 33.90 W, 0 %, 259 MiB
2026/10/02 20:15:42.973, 0, 34, 405 MHz, 24.95 W, 0 %, 0 MiB
2026/10/02 20:15:42.976, 1, 46, 1189 MHz, 32.52 W, 0 %, 259 MiB
2026/10/02 20:15:42.979, 2, 44, 1189 MHz, 33.90 W, 0 %, 259 MiB
2026/10/02 20:15:43.982, 0, 33, 405 MHz, 24.95 W, 0 %, 0 MiB
2026/10/02 20:15:43.987, 1, 46, 1189 MHz, 32.75 W, 0 %, 259 MiB
2026/10/02 20:15:43.990, 2, 44, 1189 MHz, 33.90 W, 0 %, 259 MiB
2026/10/02 20:15:44.994, 0, 34, 405 MHz, 24.95 W, 0 %, 0 MiB
2026/10/02 20:15:44.997, 1, 46, 1189 MHz, 32.52 W, 0 %, 259 MiB
2026/10/02 20:15:45.001, 2, 44, 1189 MHz, 33.90 W, 0 %, 259 MiB
2026/10/02 20:15:46.004, 0, 34, 405 MHz, 24.95 W, 0 %, 0 MiB
2026/10/02 20:15:46.008, 1, 46, 1189 MHz, 32.99 W, 0 %, 259 MiB
2026/10/02 20:15:46.014, 2, 44, 1189 MHz, 33.90 W, 0 %, 259 MiB
2026/10/02 20:15:47.017, 0, 34, 405 MHz, 24.95 W, 0 %, 0 MiB
2026/10/02 20:15:47.020, 1, 46, 1189 MHz, 32.52 W, 0 %, 259 MiB
2026/10/02 20:15:47.023, 2, 44, 1189 MHz, 33.90 W, 0 %, 259 MiB
2026/10/02 20:15:48.030, 0, 34, 405 MHz, 24.71 W, 0 %, 0 MiB
2026/10/02 20:15:48.033, 1, 46, 1189 MHz, 32.52 W, 0 %, 259 MiB
2026/10/02 20:15:48.038, 2, 44, 1189 MHz, 33.90 W, 0 %, 259 MiB
2026/10/02 20:15:49.041, 0, 34, 405 MHz, 24.95 W, 0 %, 0 MiB
2026/10/02 20:15:49.046, 1, 46, 1189 MHz, 32.75 W, 0 %, 259 MiB
2026/10/02 20:15:49.049, 2, 44, 1189 MHz, 33.90 W, 0 %, 259 MiB
2026/10/02 20:15:50.052, 0, 33, 405 MHz, 24.71 W, 0 %, 0 MiB
2026/10/02 20:15:50.055, 1, 45, 1189 MHz, 32.75 W, 0 %, 259 MiB
2026/10/02 20:15:50.058, 2, 44, 1189 MHz, 33.90 W, 0 %, 259 MiB
2026/10/02 20:15:51.062, 0, 33, 405 MHz, 24.93 W, 0 %, 0 MiB
2026/10/02 20:15:51.066, 1, 45, 1189 MHz, 32.73 W, 0 %, 259 MiB
2026/10/02 20:15:51.070, 2, 44, 1189 MHz, 33.88 W, 0 %, 259 MiB
2026/10/02 20:15:52.073, 0, 33, 405 MHz, 24.95 W, 0 %, 0 MiB
2026/10/02 20:15:52.076, 1, 45, 1189 MHz, 32.99 W, 0 %, 259 MiB
2026/10/02 20:15:52.079, 2, 44, 1189 MHz, 33.90 W, 0 %, 259 MiB
2026/10/02 20:15:53.083, 0, 34, 405 MHz, 24.71 W, 0 %, 0 MiB
2026/10/02 20:15:53.086, 1, 46, 1189 MHz, 32.99 W, 0 %, 259 MiB
2026/10/02 20:15:53.089, 2, 44, 1189 MHz, 33.90 W, 0 %, 259 MiB
2026/10/02 20:15:54.092, 0, 33, 405 MHz, 24.95 W, 0 %, 0 MiB
2026/10/02 20:15:54.096, 1, 45, 1189 MHz, 32.52 W, 0 %, 259 MiB
2026/10/02 20:15:54.099, 2, 44, 1189 MHz, 33.90 W, 0 %, 259 MiB
2026/10/02 20:15:55.105, 0, 33, 405 MHz, 24.95 W, 0 %, 0 MiB
2026/10/02 20:15:55.108, 1, 46, 1189 MHz, 32.99 W, 0 %, 259 MiB
2026/10/02 20:15:55.113, 2, 44, 1189 MHz, 33.90 W, 0 %, 259 MiB
2026/10/02 20:15:56.116, 0, 34, 405 MHz, 24.95 W, 0 %, 0 MiB
2026/10/02 20:15:56.123, 1, 46, 1189 MHz, 32.52 W, 0 %, 259 MiB
2026/10/02 20:15:56.126, 2, 44, 1189 MHz, 33.90 W, 0 %, 259 MiB
2026/10/02 20:15:57.130, 0, 34, 405 MHz, 24.95 W, 0 %, 0 MiB
2026/10/02 20:15:57.133, 1, 45, 1189 MHz, 32.52 W, 0 %, 259 MiB
2026/10/02 20:15:57.136, 2, 44, 1189 MHz, 33.90 W, 0 %, 259 MiB
2026/10/02 20:15:58.140, 0, 34, 405 MHz, 24.95 W, 0 %, 0 MiB
2026/10/02 20:15:58.143, 1, 46, 1189 MHz, 32.99 W, 0 %, 259 MiB
2026/10/02 20:15:58.146, 2, 44, 1189 MHz, 33.90 W, 0 %, 259 MiB
2026/10/02 20:15:59.149, 0, 34, 405 MHz, 24.95 W, 0 %, 0 MiB
2026/10/02 20:15:59.152, 1, 46, 1189 MHz, 32.75 W, 0 %, 259 MiB
2026/10/02 20:15:59.156, 2, 44, 1189 MHz, 33.90 W, 0 %, 259 MiB
2026/10/02 20:16:00.159, 0, 34, 405 MHz, 24.95 W, 0 %, 0 MiB
2026/10/02 20:16:00.164, 1, 45, 1189 MHz, 32.75 W, 0 %, 259 MiB
2026/10/02 20:16:00.167, 2, 44, 1189 MHz, 33.90 W, 0 %, 259 MiB
2026/10/02 20:16:01.170, 0, 34, 405 MHz, 24.95 W, 0 %, 0 MiB
2026/10/02 20:16:01.173, 1, 46, 1189 MHz, 32.75 W, 0 %, 259 MiB
2026/10/02 20:16:01.177, 2, 44, 1189 MHz, 33.90 W, 0 %, 259 MiB
2026/10/02 20:16:02.180, 0, 34, 405 MHz, 24.95 W, 0 %, 0 MiB
2026/10/02 20:16:02.186, 1, 46, 1189 MHz, 32.75 W, 0 %, 259 MiB
2026/10/02 20:16:02.190, 2, 44, 1189 MHz, 33.90 W, 0 %, 259 MiB
2026/10/02 20:16:03.193, 0, 34, 405 MHz, 24.95 W, 0 %, 0 MiB
2026/10/02 20:16:03.197, 1, 45, 1189 MHz, 32.99 W, 0 %, 259 MiB
2026/10/02 20:16:03.200, 2, 44, 1189 MHz, 33.90 W, 0 %, 259 MiB
2026/10/02 20:16:04.203, 0, 34, 405 MHz, 24.71 W, 0 %, 0 MiB
2026/10/02 20:16:04.206, 1, 45, 1189 MHz, 32.75 W, 0 %, 259 MiB
2026/10/02 20:16:04.209, 2, 44, 1189 MHz, 33.88 W, 0 %, 259 MiB
2026/10/02 20:16:05.212, 0, 34, 405 MHz, 24.71 W, 0 %, 0 MiB
2026/10/02 20:16:05.216, 1, 45, 1189 MHz, 32.75 W, 0 %, 259 MiB
2026/10/02 20:16:05.219, 2, 44, 1189 MHz, 33.90 W, 0 %, 259 MiB
2026/10/02 20:16:06.224, 0, 33, 405 MHz, 24.71 W, 0 %, 0 MiB
2026/10/02 20:16:06.227, 1, 45, 1189 MHz, 32.99 W, 0 %, 259 MiB
2026/10/02 20:16:06.230, 2, 44, 1189 MHz, 33.90 W, 0 %, 259 MiB
2026/10/02 20:16:07.235, 0, 34, 405 MHz, 24.71 W, 0 %, 0 MiB
2026/10/02 20:16:07.238, 1, 45, 1189 MHz, 32.99 W, 0 %, 259 MiB
2026/10/02 20:16:07.241, 2, 44, 1189 MHz, 33.90 W, 0 %, 259 MiB
2026/10/02 20:16:08.244, 0, 34, 405 MHz, 24.95 W, 0 %, 0 MiB
2026/10/02 20:16:08.247, 1, 45, 1189 MHz, 32.75 W, 0 %, 259 MiB
2026/10/02 20:16:08.251, 2, 44, 1189 MHz, 33.90 W, 0 %, 259 MiB
2026/10/02 20:16:09.254, 0, 33, 405 MHz, 24.95 W, 0 %, 0 MiB
2026/10/02 20:16:09.257, 1, 45, 1189 MHz, 32.75 W, 0 %, 259 MiB
2026/10/02 20:16:09.263, 2, 44, 1189 MHz, 33.90 W, 0 %, 259 MiB
2026/10/02 20:16:10.266, 0, 34, 405 MHz, 24.95 W, 0 %, 0 MiB
2026/10/02 20:16:10.270, 1, 45, 1189 MHz, 32.75 W, 0 %, 259 MiB
2026/10/02 20:16:10.273, 2, 44, 1189 MHz, 33.90 W, 0 %, 259 MiB
2026/10/02 20:16:11.276, 0, 34, 405 MHz, 24.95 W, 0 %, 0 MiB
2026/10/02 20:16:11.284, 1, 45, 1189 MHz, 32.75 W, 0 %, 259 MiB
2026/10/02 20:16:11.287, 2, 44, 1189 MHz, 33.90 W, 0 %, 259 MiB
2026/10/02 20:16:12.291, 0, 33, 405 MHz, 24.71 W, 0 %, 0 MiB
2026/10/02 20:16:12.295, 1, 45, 1189 MHz, 32.52 W, 0 %, 259 MiB
2026/10/02 20:16:12.298, 2, 44, 1189 MHz, 33.90 W, 0 %, 259 MiB
2026/10/02 20:16:13.301, 0, 34, 405 MHz, 24.95 W, 0 %, 0 MiB
2026/10/02 20:16:13.304, 1, 45, 1189 MHz, 32.75 W, 0 %, 259 MiB
2026/10/02 20:16:13.307, 2, 44, 1189 MHz, 33.90 W, 0 %, 259 MiB
2026/10/02 20:16:14.310, 0, 34, 405 MHz, 24.95 W, 0 %, 0 MiB
2026/10/02 20:16:14.314, 1, 45, 1189 MHz, 32.99 W, 0 %, 259 MiB
2026/10/02 20:16:14.317, 2, 44, 1189 MHz, 33.90 W, 0 %, 259 MiB
2026/10/02 20:16:15.320, 0, 33, 405 MHz, 24.96 W, 0 %, 0 MiB
2026/10/02 20:16:15.323, 1, 45, 1189 MHz, 32.75 W, 0 %, 259 MiB
2026/10/02 20:16:15.326, 2, 44, 1189 MHz, 33.90 W, 0 %, 259 MiB
2026/10/02 20:16:16.329, 0, 34, 405 MHz, 24.96 W, 0 %, 0 MiB
2026/10/02 20:16:16.332, 1, 45, 1189 MHz, 32.52 W, 0 %, 259 MiB
2026/10/02 20:16:16.335, 2, 44, 1189 MHz, 33.90 W, 0 %, 259 MiB
2026/10/02 20:16:17.338, 0, 34, 405 MHz, 24.95 W, 0 %, 0 MiB
2026/10/02 20:16:17.342, 1, 45, 1189 MHz, 32.73 W, 0 %, 259 MiB
2026/10/02 20:16:17.346, 2, 44, 1189 MHz, 33.88 W, 0 %, 259 MiB
2026/10/02 20:16:18.350, 0, 34, 405 MHz, 24.71 W, 0 %, 0 MiB
2026/10/02 20:16:18.353, 1, 45, 1189 MHz, 32.75 W, 0 %, 259 MiB
2026/10/02 20:16:18.356, 2, 44, 1189 MHz, 33.90 W, 0 %, 259 MiB
2026/10/02 20:16:19.361, 0, 34, 405 MHz, 24.71 W, 0 %, 0 MiB
2026/10/02 20:16:19.364, 1, 45, 1189 MHz, 32.52 W, 0 %, 259 MiB
2026/10/02 20:16:19.367, 2, 44, 1189 MHz, 33.90 W, 0 %, 259 MiB
2026/10/02 20:16:20.371, 0, 34, 405 MHz, 24.95 W, 0 %, 0 MiB
2026/10/02 20:16:20.378, 1, 45, 1189 MHz, 32.75 W, 0 %, 259 MiB
2026/10/02 20:16:20.381, 2, 44, 1189 MHz, 33.90 W, 0 %, 259 MiB
2026/10/02 20:16:21.385, 0, 34, 405 MHz, 24.95 W, 0 %, 0 MiB
2026/10/02 20:16:21.391, 1, 45, 1189 MHz, 32.28 W, 0 %, 259 MiB
2026/10/02 20:16:21.394, 2, 44, 1189 MHz, 33.90 W, 0 %, 259 MiB
2026/10/02 20:16:22.395, 0, 33, 405 MHz, 24.71 W, 0 %, 0 MiB
2026/10/02 20:16:22.401, 1, 45, 1189 MHz, 32.28 W, 0 %, 259 MiB
2026/10/02 20:16:22.404, 2, 44, 1189 MHz, 33.90 W, 0 %, 259 MiB
2026/10/02 20:16:23.408, 0, 34, 405 MHz, 24.95 W, 0 %, 0 MiB
2026/10/02 20:16:23.411, 1, 45, 1189 MHz, 32.28 W, 0 %, 259 MiB
2026/10/02 20:16:23.417, 2, 44, 1189 MHz, 33.90 W, 0 %, 259 MiB
2026/10/02 20:16:24.420, 0, 34, 405 MHz, 24.71 W, 0 %, 0 MiB
2026/10/02 20:16:24.425, 1, 45, 1189 MHz, 32.75 W, 0 %, 259 MiB
2026/10/02 20:16:24.428, 2, 44, 1189 MHz, 33.90 W, 0 %, 259 MiB
2026/10/02 20:16:25.431, 0, 34, 405 MHz, 24.95 W, 0 %, 0 MiB
2026/10/02 20:16:25.435, 1, 45, 1189 MHz, 32.28 W, 0 %, 259 MiB
2026/10/02 20:16:25.438, 2, 44, 1189 MHz, 33.88 W, 0 %, 259 MiB
2026/10/02 20:16:26.442, 0, 33, 405 MHz, 24.95 W, 0 %, 0 MiB
2026/10/02 20:16:26.445, 1, 45, 1189 MHz, 32.28 W, 0 %, 259 MiB
2026/10/02 20:16:26.449, 2, 44, 1189 MHz, 33.90 W, 0 %, 259 MiB
2026/10/02 20:16:27.452, 0, 33, 405 MHz, 24.95 W, 0 %, 0 MiB
2026/10/02 20:16:27.455, 1, 45, 1189 MHz, 32.52 W, 0 %, 259 MiB
2026/10/02 20:16:27.458, 2, 44, 1189 MHz, 33.90 W, 0 %, 259 MiB
2026/10/02 20:16:28.462, 0, 33, 405 MHz, 24.95 W, 0 %, 0 MiB
2026/10/02 20:16:28.465, 1, 45, 1189 MHz, 32.52 W, 0 %, 259 MiB
2026/10/02 20:16:28.468, 2, 44, 1189 MHz, 33.90 W, 0 %, 259 MiB
2026/10/02 20:16:29.471, 0, 34, 405 MHz, 24.95 W, 0 %, 0 MiB
2026/10/02 20:16:29.474, 1, 45, 1189 MHz, 32.52 W, 0 %, 259 MiB
2026/10/02 20:16:29.478, 2, 44, 1189 MHz, 33.90 W, 0 %, 259 MiB
2026/10/02 20:16:30.481, 0, 34, 405 MHz, 24.71 W, 0 %, 0 MiB
2026/10/02 20:16:30.484, 1, 45, 1189 MHz, 32.52 W, 0 %, 259 MiB
2026/10/02 20:16:30.487, 2, 44, 1189 MHz, 33.90 W, 0 %, 259 MiB
2026/10/02 20:16:31.490, 0, 34, 405 MHz, 24.95 W, 0 %, 0 MiB
2026/10/02 20:16:31.494, 1, 45, 1189 MHz, 32.28 W, 0 %, 259 MiB
2026/10/02 20:16:31.500, 2, 44, 1189 MHz, 33.90 W, 0 %, 259 MiB
2026/10/02 20:16:32.505, 0, 34, 405 MHz, 24.95 W, 0 %, 0 MiB
2026/10/02 20:16:32.520, 1, 45, 1189 MHz, 32.52 W, 0 %, 259 MiB
2026/10/02 20:16:32.524, 2, 44, 1189 MHz, 33.88 W, 0 %, 259 MiB
2026/10/02 20:16:33.527, 0, 34, 405 MHz, 24.95 W, 0 %, 0 MiB
2026/10/02 20:16:33.530, 1, 45, 1189 MHz, 32.28 W, 0 %, 259 MiB
2026/10/02 20:16:33.534, 2, 44, 1189 MHz, 33.90 W, 0 %, 259 MiB
2026/10/02 20:16:34.537, 0, 34, 405 MHz, 24.95 W, 0 %, 0 MiB
2026/10/02 20:16:34.541, 1, 45, 1189 MHz, 32.75 W, 0 %, 259 MiB
2026/10/02 20:16:34.544, 2, 44, 1189 MHz, 33.90 W, 0 %, 259 MiB
2026/10/02 20:16:35.547, 0, 34, 405 MHz, 24.95 W, 0 %, 0 MiB
2026/10/02 20:16:35.550, 1, 45, 1189 MHz, 32.28 W, 0 %, 259 MiB
2026/10/02 20:16:35.554, 2, 44, 1189 MHz, 33.67 W, 0 %, 259 MiB
2026/10/02 20:16:36.557, 0, 33, 405 MHz, 24.95 W, 0 %, 0 MiB
2026/10/02 20:16:36.560, 1, 45, 1189 MHz, 32.52 W, 0 %, 259 MiB
2026/10/02 20:16:36.563, 2, 44, 1189 MHz, 33.90 W, 0 %, 259 MiB
2026/10/02 20:16:37.566, 0, 33, 405 MHz, 24.71 W, 0 %, 0 MiB
2026/10/02 20:16:37.570, 1, 45, 1189 MHz, 32.28 W, 0 %, 259 MiB
2026/10/02 20:16:37.573, 2, 44, 1189 MHz, 33.88 W, 0 %, 259 MiB
2026/10/02 20:16:38.576, 0, 34, 405 MHz, 24.95 W, 0 %, 0 MiB
2026/10/02 20:16:38.579, 1, 45, 1189 MHz, 32.52 W, 0 %, 259 MiB
2026/10/02 20:16:38.583, 2, 44, 1189 MHz, 33.90 W, 0 %, 259 MiB
2026/10/02 20:16:39.586, 0, 33, 405 MHz, 24.71 W, 0 %, 0 MiB
2026/10/02 20:16:39.589, 1, 45, 1189 MHz, 32.52 W, 0 %, 259 MiB
2026/10/02 20:16:39.596, 2, 44, 1189 MHz, 33.90 W, 0 %, 259 MiB
2026/10/02 20:16:40.599, 0, 34, 405 MHz, 24.95 W, 0 %, 0 MiB
2026/10/02 20:16:40.602, 1, 45, 1189 MHz, 32.75 W, 0 %, 259 MiB
2026/10/02 20:16:40.605, 2, 44, 1189 MHz, 33.90 W, 0 %, 259 MiB
2026/10/02 20:16:41.608, 0, 34, 405 MHz, 24.95 W, 0 %, 0 MiB
2026/10/02 20:16:41.616, 1, 45, 1189 MHz, 32.75 W, 0 %, 259 MiB
2026/10/02 20:16:41.619, 2, 43, 1189 MHz, 33.88 W, 0 %, 259 MiB
2026/10/02 20:16:42.623, 0, 34, 405 MHz, 24.95 W, 0 %, 0 MiB
2026/10/02 20:16:42.626, 1, 45, 1189 MHz, 32.75 W, 0 %, 259 MiB
2026/10/02 20:16:42.629, 2, 44, 1189 MHz, 33.90 W, 0 %, 259 MiB
2026/10/02 20:16:43.632, 0, 34, 405 MHz, 24.95 W, 0 %, 0 MiB
2026/10/02 20:16:43.636, 1, 45, 1189 MHz, 32.75 W, 0 %, 259 MiB
2026/10/02 20:16:43.639, 2, 44, 1189 MHz, 33.90 W, 0 %, 259 MiB
2026/10/02 20:16:44.644, 0, 34, 405 MHz, 24.95 W, 0 %, 0 MiB
2026/10/02 20:16:44.647, 1, 45, 1189 MHz, 32.75 W, 0 %, 259 MiB
2026/10/02 20:16:44.654, 2, 43, 1189 MHz, 33.67 W, 0 %, 259 MiB
2026/10/02 20:16:45.657, 0, 33, 405 MHz, 24.95 W, 0 %, 0 MiB
2026/10/02 20:16:45.660, 1, 45, 1189 MHz, 32.75 W, 0 %, 259 MiB
2026/10/02 20:16:45.663, 2, 44, 1189 MHz, 33.67 W, 0 %, 259 MiB
2026/10/02 20:16:46.666, 0, 34, 405 MHz, 24.71 W, 0 %, 0 MiB
2026/10/02 20:16:46.670, 1, 45, 1189 MHz, 32.75 W, 0 %, 259 MiB
2026/10/02 20:16:46.673, 2, 44, 1189 MHz, 33.67 W, 0 %, 259 MiB
2026/10/02 20:16:47.676, 0, 33, 405 MHz, 24.95 W, 0 %, 0 MiB
2026/10/02 20:16:47.682, 1, 45, 1189 MHz, 32.52 W, 0 %, 259 MiB
2026/10/02 20:16:47.686, 2, 43, 1189 MHz, 33.67 W, 0 %, 259 MiB
2026/10/02 20:16:48.689, 0, 34, 405 MHz, 24.71 W, 0 %, 0 MiB
2026/10/02 20:16:48.692, 1, 45, 1189 MHz, 32.28 W, 0 %, 259 MiB
2026/10/02 20:16:48.695, 2, 44, 1189 MHz, 33.67 W, 0 %, 259 MiB
2026/10/02 20:16:49.701, 0, 34, 405 MHz, 24.71 W, 0 %, 0 MiB
2026/10/02 20:16:49.704, 1, 45, 1189 MHz, 32.30 W, 0 %, 259 MiB
2026/10/02 20:16:49.707, 2, 43, 1189 MHz, 33.67 W, 0 %, 259 MiB
2026/10/02 20:16:50.710, 0, 34, 405 MHz, 24.95 W, 0 %, 0 MiB
2026/10/02 20:16:50.713, 1, 45, 1189 MHz, 32.30 W, 0 %, 259 MiB
2026/10/02 20:16:50.717, 2, 43, 1189 MHz, 33.67 W, 0 %, 259 MiB
2026/10/02 20:16:51.720, 0, 34, 405 MHz, 24.71 W, 0 %, 0 MiB
2026/10/02 20:16:51.723, 1, 45, 1189 MHz, 32.75 W, 0 %, 259 MiB
2026/10/02 20:16:51.726, 2, 43, 1189 MHz, 33.67 W, 0 %, 259 MiB
2026/10/02 20:16:52.729, 0, 33, 405 MHz, 24.95 W, 0 %, 0 MiB
2026/10/02 20:16:52.733, 1, 45, 1189 MHz, 32.75 W, 0 %, 259 MiB
2026/10/02 20:16:52.736, 2, 43, 1189 MHz, 33.67 W, 0 %, 259 MiB
2026/10/02 20:16:53.739, 0, 34, 405 MHz, 24.95 W, 0 %, 0 MiB
2026/10/02 20:16:53.742, 1, 45, 1189 MHz, 32.52 W, 0 %, 259 MiB
2026/10/02 20:16:53.745, 2, 43, 1189 MHz, 33.67 W, 0 %, 259 MiB
2026/10/02 20:16:54.748, 0, 33, 405 MHz, 24.95 W, 0 %, 0 MiB
2026/10/02 20:16:54.752, 1, 45, 1189 MHz, 32.75 W, 0 %, 259 MiB
2026/10/02 20:16:54.755, 2, 43, 1189 MHz, 33.67 W, 0 %, 259 MiB
2026/10/02 20:16:55.759, 0, 34, 405 MHz, 24.71 W, 0 %, 0 MiB
2026/10/02 20:16:55.762, 1, 45, 1189 MHz, 32.75 W, 0 %, 259 MiB
2026/10/02 20:16:55.765, 2, 43, 1189 MHz, 33.67 W, 0 %, 259 MiB
2026/10/02 20:16:56.768, 0, 33, 405 MHz, 24.71 W, 0 %, 0 MiB
2026/10/02 20:16:56.771, 1, 45, 1189 MHz, 32.75 W, 0 %, 259 MiB
2026/10/02 20:16:56.775, 2, 43, 1189 MHz, 33.67 W, 0 %, 259 MiB
2026/10/02 20:16:57.778, 0, 34, 405 MHz, 24.95 W, 0 %, 0 MiB
2026/10/02 20:16:57.781, 1, 45, 1189 MHz, 32.75 W, 0 %, 259 MiB
2026/10/02 20:16:57.784, 2, 43, 1189 MHz, 33.67 W, 0 %, 259 MiB
2026/10/02 20:16:58.787, 0, 33, 405 MHz, 24.95 W, 0 %, 0 MiB
2026/10/02 20:16:58.791, 1, 45, 1189 MHz, 32.28 W, 0 %, 259 MiB
2026/10/02 20:16:58.794, 2, 43, 1189 MHz, 33.90 W, 0 %, 259 MiB
2026/10/02 20:16:59.797, 0, 34, 405 MHz, 24.95 W, 0 %, 0 MiB
2026/10/02 20:16:59.800, 1, 45, 1189 MHz, 32.28 W, 0 %, 259 MiB
2026/10/02 20:16:59.803, 2, 43, 1189 MHz, 33.65 W, 0 %, 259 MiB
2026/10/02 20:17:00.807, 0, 34, 405 MHz, 24.95 W, 0 %, 0 MiB
2026/10/02 20:17:00.814, 1, 45, 1189 MHz, 32.28 W, 0 %, 259 MiB
2026/10/02 20:17:00.818, 2, 43, 1189 MHz, 33.90 W, 0 %, 259 MiB
2026/10/02 20:17:01.821, 0, 33, 405 MHz, 24.95 W, 0 %, 0 MiB
2026/10/02 20:17:01.825, 1, 45, 1189 MHz, 32.28 W, 0 %, 259 MiB
2026/10/02 20:17:01.831, 2, 43, 1189 MHz, 33.90 W, 0 %, 259 MiB
2026/10/02 20:17:02.835, 0, 33, 405 MHz, 24.95 W, 0 %, 0 MiB
2026/10/02 20:17:02.838, 1, 45, 1189 MHz, 32.28 W, 0 %, 259 MiB
2026/10/02 20:17:02.841, 2, 43, 1189 MHz, 33.67 W, 0 %, 259 MiB
2026/10/02 20:17:03.844, 0, 34, 405 MHz, 24.95 W, 0 %, 0 MiB
2026/10/02 20:17:03.848, 1, 45, 1189 MHz, 32.28 W, 0 %, 259 MiB
2026/10/02 20:17:03.851, 2, 43, 1189 MHz, 33.67 W, 0 %, 259 MiB
2026/10/02 20:17:04.855, 0, 34, 405 MHz, 24.71 W, 0 %, 0 MiB
2026/10/02 20:17:04.858, 1, 45, 1189 MHz, 32.28 W, 0 %, 259 MiB
2026/10/02 20:17:04.861, 2, 43, 1189 MHz, 33.67 W, 0 %, 259 MiB
2026/10/02 20:17:05.865, 0, 34, 405 MHz, 24.95 W, 0 %, 0 MiB
2026/10/02 20:17:05.874, 1, 45, 1189 MHz, 32.28 W, 0 %, 259 MiB
2026/10/02 20:17:05.877, 2, 43, 1189 MHz, 33.67 W, 0 %, 259 MiB
2026/10/02 20:17:06.880, 0, 33, 405 MHz, 24.71 W, 0 %, 0 MiB
2026/10/02 20:17:06.884, 1, 45, 1189 MHz, 32.28 W, 0 %, 259 MiB
2026/10/02 20:17:06.890, 2, 43, 1189 MHz, 33.67 W, 0 %, 259 MiB
2026/10/02 20:17:07.893, 0, 33, 405 MHz, 24.95 W, 0 %, 0 MiB
2026/10/02 20:17:07.899, 1, 45, 1189 MHz, 32.28 W, 0 %, 259 MiB
2026/10/02 20:17:07.902, 2, 43, 1189 MHz, 33.67 W, 0 %, 259 MiB
2026/10/02 20:17:08.905, 0, 34, 405 MHz, 24.95 W, 0 %, 0 MiB
2026/10/02 20:17:08.908, 1, 45, 1189 MHz, 32.28 W, 0 %, 259 MiB
2026/10/02 20:17:08.911, 2, 44, 1189 MHz, 33.67 W, 0 %, 259 MiB
2026/10/02 20:17:09.915, 0, 34, 405 MHz, 24.95 W, 0 %, 0 MiB
2026/10/02 20:17:09.920, 1, 45, 1189 MHz, 32.28 W, 0 %, 259 MiB
2026/10/02 20:17:09.923, 2, 43, 1189 MHz, 33.67 W, 0 %, 259 MiB
2026/10/02 20:17:10.926, 0, 34, 405 MHz, 24.95 W, 0 %, 0 MiB
2026/10/02 20:17:10.930, 1, 45, 1189 MHz, 32.28 W, 0 %, 259 MiB
2026/10/02 20:17:10.933, 2, 43, 1189 MHz, 33.67 W, 0 %, 259 MiB
2026/10/02 20:17:11.936, 0, 34, 405 MHz, 24.95 W, 0 %, 0 MiB
2026/10/02 20:17:11.940, 1, 45, 1189 MHz, 32.75 W, 0 %, 259 MiB
2026/10/02 20:17:11.943, 2, 43, 1189 MHz, 33.67 W, 0 %, 259 MiB
2026/10/02 20:17:12.946, 0, 33, 405 MHz, 24.69 W, 0 %, 0 MiB
2026/10/02 20:17:12.949, 1, 45, 1189 MHz, 32.28 W, 0 %, 259 MiB
2026/10/02 20:17:12.954, 2, 43, 1189 MHz, 33.64 W, 0 %, 259 MiB
2026/10/02 20:17:13.957, 0, 34, 405 MHz, 24.71 W, 0 %, 0 MiB
2026/10/02 20:17:13.960, 1, 45, 1189 MHz, 32.75 W, 0 %, 259 MiB
2026/10/02 20:17:13.964, 2, 43, 1189 MHz, 33.67 W, 0 %, 259 MiB
2026/10/02 20:17:14.967, 0, 34, 405 MHz, 24.71 W, 0 %, 0 MiB
2026/10/02 20:17:14.970, 1, 45, 1189 MHz, 32.28 W, 0 %, 259 MiB
2026/10/02 20:17:14.973, 2, 43, 1189 MHz, 33.90 W, 0 %, 259 MiB
2026/10/02 20:17:15.977, 0, 34, 405 MHz, 24.71 W, 0 %, 0 MiB
2026/10/02 20:17:15.980, 1, 45, 1189 MHz, 32.28 W, 0 %, 259 MiB
2026/10/02 20:17:15.983, 2, 43, 1189 MHz, 33.67 W, 0 %, 259 MiB
2026/10/02 20:17:16.986, 0, 34, 405 MHz, 24.95 W, 0 %, 0 MiB
2026/10/02 20:17:16.990, 1, 45, 1189 MHz, 32.28 W, 0 %, 259 MiB
2026/10/02 20:17:16.993, 2, 43, 1189 MHz, 33.90 W, 0 %, 259 MiB
2026/10/02 20:17:17.999, 0, 34, 405 MHz, 24.71 W, 0 %, 0 MiB
2026/10/02 20:17:18.002, 1, 45, 1189 MHz, 32.28 W, 0 %, 259 MiB
2026/10/02 20:17:18.006, 2, 43, 1189 MHz, 33.67 W, 0 %, 259 MiB
2026/10/02 20:17:19.009, 0, 34, 405 MHz, 24.95 W, 0 %, 0 MiB
2026/10/02 20:17:19.014, 1, 45, 1189 MHz, 32.28 W, 0 %, 259 MiB
2026/10/02 20:17:19.017, 2, 43, 1189 MHz, 33.67 W, 0 %, 259 MiB
2026/10/02 20:17:20.020, 0, 34, 405 MHz, 24.95 W, 0 %, 0 MiB
2026/10/02 20:17:20.024, 1, 45, 1189 MHz, 32.28 W, 0 %, 259 MiB
2026/10/02 20:17:20.030, 2, 43, 1189 MHz, 33.67 W, 0 %, 259 MiB
2026/10/02 20:17:21.033, 0, 34, 405 MHz, 24.95 W, 0 %, 0 MiB
2026/10/02 20:17:21.037, 1, 45, 1189 MHz, 32.28 W, 0 %, 259 MiB
2026/10/02 20:17:21.040, 2, 43, 1189 MHz, 33.67 W, 0 %, 259 MiB
2026/10/02 20:17:22.043, 0, 34, 405 MHz, 24.71 W, 0 %, 0 MiB
2026/10/02 20:17:22.046, 1, 45, 1189 MHz, 32.28 W, 0 %, 259 MiB
2026/10/02 20:17:22.049, 2, 43, 1189 MHz, 33.67 W, 0 %, 259 MiB
2026/10/02 20:17:23.053, 0, 34, 405 MHz, 24.95 W, 0 %, 0 MiB
2026/10/02 20:17:23.056, 1, 45, 1189 MHz, 32.28 W, 0 %, 259 MiB
2026/10/02 20:17:23.059, 2, 43, 1189 MHz, 33.67 W, 0 %, 259 MiB
2026/10/02 20:17:24.062, 0, 34, 405 MHz, 24.71 W, 0 %, 0 MiB
2026/10/02 20:17:24.065, 1, 45, 1189 MHz, 32.28 W, 0 %, 259 MiB
2026/10/02 20:17:24.068, 2, 43, 1189 MHz, 33.67 W, 0 %, 259 MiB
2026/10/02 20:17:25.072, 0, 34, 405 MHz, 24.95 W, 0 %, 0 MiB
2026/10/02 20:17:25.075, 1, 45, 1189 MHz, 32.75 W, 0 %, 259 MiB
2026/10/02 20:17:25.078, 2, 43, 1189 MHz, 33.67 W, 0 %, 259 MiB
2026/10/02 20:17:26.082, 0, 34, 405 MHz, 24.95 W, 0 %, 0 MiB
2026/10/02 20:17:26.085, 1, 45, 1189 MHz, 32.75 W, 0 %, 259 MiB
2026/10/02 20:17:26.088, 2, 43, 1189 MHz, 33.67 W, 0 %, 259 MiB
2026/10/02 20:17:27.091, 0, 34, 405 MHz, 24.71 W, 0 %, 0 MiB
2026/10/02 20:17:27.094, 1, 45, 1189 MHz, 32.75 W, 0 %, 259 MiB
2026/10/02 20:17:27.098, 2, 43, 1189 MHz, 33.67 W, 0 %, 259 MiB
2026/10/02 20:17:28.101, 0, 34, 405 MHz, 24.95 W, 0 %, 0 MiB
2026/10/02 20:17:28.104, 1, 45, 1189 MHz, 32.75 W, 0 %, 259 MiB
2026/10/02 20:17:28.107, 2, 43, 1189 MHz, 33.67 W, 0 %, 259 MiB
2026/10/02 20:17:29.110, 0, 34, 405 MHz, 24.95 W, 0 %, 0 MiB
2026/10/02 20:17:29.114, 1, 45, 1189 MHz, 32.75 W, 0 %, 259 MiB
2026/10/02 20:17:29.117, 2, 43, 1189 MHz, 33.67 W, 0 %, 259 MiB
2026/10/02 20:17:30.120, 0, 34, 405 MHz, 24.71 W, 0 %, 0 MiB
2026/10/02 20:17:30.123, 1, 45, 1189 MHz, 32.75 W, 0 %, 259 MiB
2026/10/02 20:17:30.126, 2, 43, 1189 MHz, 33.65 W, 0 %, 259 MiB
2026/10/02 20:17:31.129, 0, 34, 405 MHz, 24.95 W, 0 %, 0 MiB
2026/10/02 20:17:31.137, 1, 45, 1189 MHz, 32.75 W, 0 %, 259 MiB
2026/10/02 20:17:31.140, 2, 43, 1189 MHz, 33.67 W, 0 %, 259 MiB
2026/10/02 20:17:32.146, 0, 33, 405 MHz, 24.95 W, 0 %, 0 MiB
2026/10/02 20:17:32.150, 1, 45, 1189 MHz, 32.75 W, 0 %, 259 MiB
2026/10/02 20:17:32.153, 2, 43, 1189 MHz, 33.67 W, 0 %, 259 MiB
2026/10/02 20:17:33.156, 0, 33, 405 MHz, 24.95 W, 0 %, 0 MiB
2026/10/02 20:17:33.159, 1, 45, 1189 MHz, 32.28 W, 0 %, 259 MiB
2026/10/02 20:17:33.163, 2, 43, 1189 MHz, 33.67 W, 0 %, 259 MiB
2026/10/02 20:17:34.166, 0, 33, 405 MHz, 24.95 W, 0 %, 0 MiB
2026/10/02 20:17:34.170, 1, 45, 1189 MHz, 32.28 W, 0 %, 259 MiB
2026/10/02 20:17:34.173, 2, 43, 1189 MHz, 33.67 W, 0 %, 259 MiB
2026/10/02 20:17:35.176, 0, 34, 405 MHz, 24.71 W, 0 %, 0 MiB
2026/10/02 20:17:35.179, 1, 45, 1189 MHz, 32.28 W, 0 %, 259 MiB
2026/10/02 20:17:35.182, 2, 43, 1189 MHz, 33.67 W, 0 %, 259 MiB
2026/10/02 20:17:36.186, 0, 33, 405 MHz, 24.71 W, 0 %, 0 MiB
2026/10/02 20:17:36.189, 1, 45, 1189 MHz, 32.75 W, 0 %, 259 MiB
2026/10/02 20:17:36.194, 2, 43, 1189 MHz, 33.67 W, 0 %, 259 MiB
2026/10/02 20:17:37.199, 0, 34, 405 MHz, 24.95 W, 0 %, 0 MiB
2026/10/02 20:17:37.202, 1, 45, 1189 MHz, 32.28 W, 0 %, 259 MiB
2026/10/02 20:17:37.206, 2, 43, 1189 MHz, 33.67 W, 0 %, 259 MiB
2026/10/02 20:17:38.209, 0, 33, 405 MHz, 24.95 W, 0 %, 0 MiB
2026/10/02 20:17:38.213, 1, 45, 1189 MHz, 32.28 W, 0 %, 259 MiB
2026/10/02 20:17:38.216, 2, 43, 1189 MHz, 33.67 W, 0 %, 259 MiB
2026/10/02 20:17:39.222, 0, 34, 405 MHz, 24.95 W, 0 %, 0 MiB
2026/10/02 20:17:39.225, 1, 45, 1189 MHz, 32.28 W, 0 %, 259 MiB
2026/10/02 20:17:39.228, 2, 43, 1189 MHz, 33.67 W, 0 %, 259 MiB
2026/10/02 20:17:40.232, 0, 34, 405 MHz, 24.95 W, 0 %, 0 MiB
2026/10/02 20:17:40.235, 1, 45, 1189 MHz, 32.28 W, 0 %, 259 MiB
2026/10/02 20:17:40.238, 2, 43, 1189 MHz, 33.67 W, 0 %, 259 MiB
2026/10/02 20:17:41.241, 0, 34, 405 MHz, 24.95 W, 0 %, 0 MiB
2026/10/02 20:17:41.244, 1, 45, 1189 MHz, 32.28 W, 0 %, 259 MiB
2026/10/02 20:17:41.248, 2, 43, 1189 MHz, 33.67 W, 0 %, 259 MiB
2026/10/02 20:17:42.251, 0, 34, 405 MHz, 24.71 W, 0 %, 0 MiB
2026/10/02 20:17:42.254, 1, 45, 1189 MHz, 32.28 W, 0 %, 259 MiB
2026/10/02 20:17:42.257, 2, 43, 1189 MHz, 33.67 W, 0 %, 259 MiB
2026/10/02 20:17:43.260, 0, 34, 405 MHz, 24.71 W, 0 %, 0 MiB
2026/10/02 20:17:43.264, 1, 45, 1189 MHz, 32.28 W, 0 %, 259 MiB
2026/10/02 20:17:43.267, 2, 43, 1189 MHz, 33.67 W, 0 %, 259 MiB
2026/10/02 20:17:44.270, 0, 34, 405 MHz, 24.95 W, 0 %, 0 MiB
2026/10/02 20:17:44.273, 1, 45, 1189 MHz, 32.28 W, 0 %, 259 MiB
2026/10/02 20:17:44.276, 2, 43, 1189 MHz, 33.67 W, 0 %, 259 MiB
2026/10/02 20:17:45.280, 0, 33, 405 MHz, 24.69 W, 0 %, 0 MiB
2026/10/02 20:17:45.283, 1, 45, 1189 MHz, 32.26 W, 0 %, 259 MiB
2026/10/02 20:17:45.287, 2, 43, 1189 MHz, 33.64 W, 0 %, 259 MiB
2026/10/02 20:17:46.290, 0, 34, 405 MHz, 24.95 W, 0 %, 0 MiB
2026/10/02 20:17:46.294, 1, 45, 1189 MHz, 32.28 W, 0 %, 259 MiB
2026/10/02 20:17:46.297, 2, 43, 1189 MHz, 33.67 W, 0 %, 259 MiB
2026/10/02 20:17:47.300, 0, 34, 405 MHz, 24.71 W, 0 %, 0 MiB
2026/10/02 20:17:47.303, 1, 45, 1189 MHz, 32.28 W, 0 %, 259 MiB
2026/10/02 20:17:47.306, 2, 43, 1189 MHz, 33.67 W, 0 %, 259 MiB
2026/10/02 20:17:48.310, 0, 34, 405 MHz, 24.71 W, 0 %, 0 MiB
2026/10/02 20:17:48.313, 1, 45, 1189 MHz, 32.75 W, 0 %, 259 MiB
2026/10/02 20:17:48.316, 2, 43, 1189 MHz, 33.43 W, 0 %, 259 MiB
2026/10/02 20:17:49.319, 0, 34, 405 MHz, 24.95 W, 0 %, 0 MiB
2026/10/02 20:17:49.323, 1, 45, 1189 MHz, 32.28 W, 0 %, 259 MiB
2026/10/02 20:17:49.326, 2, 43, 1189 MHz, 33.67 W, 0 %, 259 MiB
2026/10/02 20:17:50.330, 0, 34, 405 MHz, 24.95 W, 0 %, 0 MiB
2026/10/02 20:17:50.333, 1, 45, 1189 MHz, 32.28 W, 0 %, 259 MiB
2026/10/02 20:17:50.336, 2, 43, 1189 MHz, 33.67 W, 0 %, 259 MiB
2026/10/02 20:17:51.340, 0, 34, 405 MHz, 24.95 W, 0 %, 0 MiB
2026/10/02 20:17:51.343, 1, 44, 1189 MHz, 32.28 W, 0 %, 259 MiB
2026/10/02 20:17:51.346, 2, 43, 1189 MHz, 33.67 W, 0 %, 259 MiB
2026/10/02 20:17:52.350, 0, 34, 405 MHz, 24.71 W, 0 %, 0 MiB
2026/10/02 20:17:52.354, 1, 45, 1189 MHz, 32.28 W, 0 %, 259 MiB
2026/10/02 20:17:52.359, 2, 43, 1189 MHz, 33.67 W, 0 %, 259 MiB
2026/10/02 20:17:53.362, 0, 34, 405 MHz, 24.95 W, 0 %, 0 MiB
2026/10/02 20:17:53.366, 1, 45, 1189 MHz, 32.28 W, 0 %, 259 MiB
2026/10/02 20:17:53.369, 2, 43, 1189 MHz, 33.67 W, 0 %, 259 MiB
2026/10/02 20:17:54.372, 0, 34, 405 MHz, 24.95 W, 0 %, 0 MiB
2026/10/02 20:17:54.375, 1, 45, 1189 MHz, 32.30 W, 0 %, 259 MiB
2026/10/02 20:17:54.378, 2, 43, 1189 MHz, 33.67 W, 0 %, 259 MiB
2026/10/02 20:17:55.382, 0, 33, 405 MHz, 24.71 W, 0 %, 0 MiB
2026/10/02 20:17:55.385, 1, 45, 1189 MHz, 32.28 W, 0 %, 259 MiB
2026/10/02 20:17:55.388, 2, 43, 1189 MHz, 33.67 W, 0 %, 259 MiB
2026/10/02 20:17:56.391, 0, 33, 405 MHz, 24.71 W, 0 %, 0 MiB
2026/10/02 20:17:56.394, 1, 45, 1189 MHz, 32.28 W, 0 %, 259 MiB
2026/10/02 20:17:56.398, 2, 43, 1189 MHz, 33.67 W, 0 %, 259 MiB
2026/10/02 20:17:57.401, 0, 34, 405 MHz, 24.71 W, 0 %, 0 MiB
2026/10/02 20:17:57.404, 1, 44, 1189 MHz, 32.75 W, 0 %, 259 MiB
2026/10/02 20:17:57.407, 2, 43, 1189 MHz, 33.67 W, 0 %, 259 MiB
2026/10/02 20:17:58.411, 0, 33, 405 MHz, 24.71 W, 0 %, 0 MiB
2026/10/02 20:17:58.414, 1, 44, 1189 MHz, 32.28 W, 0 %, 259 MiB
2026/10/02 20:17:58.417, 2, 43, 1189 MHz, 33.67 W, 0 %, 259 MiB
2026/10/02 20:17:59.420, 0, 34, 405 MHz, 24.71 W, 0 %, 0 MiB
2026/10/02 20:17:59.424, 1, 45, 1189 MHz, 32.75 W, 0 %, 259 MiB
2026/10/02 20:17:59.427, 2, 43, 1189 MHz, 33.67 W, 0 %, 259 MiB
2026/10/02 20:18:00.430, 0, 33, 405 MHz, 24.71 W, 0 %, 0 MiB
2026/10/02 20:18:00.433, 1, 45, 1189 MHz, 32.28 W, 0 %, 259 MiB
2026/10/02 20:18:00.436, 2, 43, 1189 MHz, 33.67 W, 0 %, 259 MiB
2026/10/02 20:18:01.440, 0, 34, 405 MHz, 24.71 W, 0 %, 0 MiB
2026/10/02 20:18:01.443, 1, 45, 1189 MHz, 32.75 W, 0 %, 259 MiB
2026/10/02 20:18:01.446, 2, 43, 1189 MHz, 33.67 W, 0 %, 259 MiB
2026/10/02 20:18:02.449, 0, 34, 405 MHz, 24.71 W, 0 %, 0 MiB
2026/10/02 20:18:02.453, 1, 44, 1189 MHz, 32.28 W, 0 %, 259 MiB
2026/10/02 20:18:02.456, 2, 43, 1189 MHz, 33.65 W, 0 %, 259 MiB
2026/10/02 20:18:03.459, 0, 34, 405 MHz, 24.95 W, 0 %, 0 MiB
2026/10/02 20:18:03.460, 1, 45, 1189 MHz, 32.52 W, 0 %, 259 MiB
2026/10/02 20:18:03.463, 2, 43, 1189 MHz, 33.67 W, 0 %, 259 MiB
2026/10/02 20:18:04.467, 0, 34, 405 MHz, 24.95 W, 0 %, 0 MiB
2026/10/02 20:18:04.470, 1, 45, 1189 MHz, 32.75 W, 0 %, 259 MiB
2026/10/02 20:18:04.473, 2, 43, 1189 MHz, 33.67 W, 0 %, 259 MiB
2026/10/02 20:18:05.476, 0, 34, 405 MHz, 24.71 W, 0 %, 0 MiB
2026/10/02 20:18:05.483, 1, 44, 1189 MHz, 32.75 W, 0 %, 259 MiB
2026/10/02 20:18:05.484, 2, 43, 1189 MHz, 33.67 W, 0 %, 259 MiB
2026/10/02 20:18:06.487, 0, 34, 405 MHz, 24.95 W, 0 %, 0 MiB
2026/10/02 20:18:06.490, 1, 45, 1189 MHz, 32.75 W, 0 %, 259 MiB
2026/10/02 20:18:06.494, 2, 43, 1189 MHz, 33.67 W, 0 %, 259 MiB
2026/10/02 20:18:07.497, 0, 34, 405 MHz, 24.71 W, 0 %, 0 MiB
2026/10/02 20:18:07.500, 1, 44, 1189 MHz, 32.75 W, 0 %, 259 MiB
2026/10/02 20:18:07.506, 2, 43, 1189 MHz, 33.67 W, 0 %, 259 MiB
2026/10/02 20:18:08.509, 0, 34, 405 MHz, 24.71 W, 0 %, 0 MiB
2026/10/02 20:18:08.512, 1, 44, 1189 MHz, 32.52 W, 0 %, 259 MiB
2026/10/02 20:18:08.518, 2, 43, 1189 MHz, 33.43 W, 0 %, 259 MiB
2026/10/02 20:18:09.521, 0, 33, 405 MHz, 24.71 W, 0 %, 0 MiB
2026/10/02 20:18:09.526, 1, 44, 1189 MHz, 32.52 W, 0 %, 259 MiB
2026/10/02 20:18:09.530, 2, 43, 1189 MHz, 33.43 W, 0 %, 259 MiB
2026/10/02 20:18:10.533, 0, 34, 405 MHz, 24.71 W, 0 %, 0 MiB
2026/10/02 20:18:10.536, 1, 45, 1189 MHz, 32.28 W, 0 %, 259 MiB
2026/10/02 20:18:10.539, 2, 43, 1189 MHz, 33.67 W, 0 %, 259 MiB
2026/10/02 20:18:11.542, 0, 34, 405 MHz, 24.71 W, 0 %, 0 MiB
2026/10/02 20:18:11.546, 1, 44, 1189 MHz, 32.28 W, 0 %, 259 MiB
2026/10/02 20:18:11.549, 2, 43, 1189 MHz, 33.67 W, 0 %, 259 MiB
2026/10/02 20:18:12.552, 0, 34, 405 MHz, 24.95 W, 0 %, 0 MiB
2026/10/02 20:18:12.555, 1, 44, 1189 MHz, 32.28 W, 0 %, 259 MiB
2026/10/02 20:18:12.559, 2, 43, 1189 MHz, 33.67 W, 0 %, 259 MiB
2026/10/02 20:18:13.562, 0, 34, 405 MHz, 24.95 W, 0 %, 0 MiB
2026/10/02 20:18:13.567, 1, 44, 1189 MHz, 32.28 W, 0 %, 259 MiB
2026/10/02 20:18:13.570, 2, 43, 1189 MHz, 33.67 W, 0 %, 259 MiB
2026/10/02 20:18:14.573, 0, 33, 405 MHz, 24.71 W, 0 %, 0 MiB
2026/10/02 20:18:14.576, 1, 44, 1189 MHz, 32.28 W, 0 %, 259 MiB
2026/10/02 20:18:14.579, 2, 43, 1189 MHz, 33.67 W, 0 %, 259 MiB
2026/10/02 20:18:15.582, 0, 34, 405 MHz, 24.95 W, 0 %, 0 MiB
2026/10/02 20:18:15.586, 1, 44, 1189 MHz, 32.28 W, 0 %, 259 MiB
2026/10/02 20:18:15.589, 2, 43, 1189 MHz, 33.67 W, 0 %, 259 MiB
2026/10/02 20:18:16.592, 0, 34, 405 MHz, 24.95 W, 0 %, 0 MiB
2026/10/02 20:18:16.595, 1, 44, 1189 MHz, 32.28 W, 0 %, 259 MiB
2026/10/02 20:18:16.598, 2, 43, 1189 MHz, 33.67 W, 0 %, 259 MiB
2026/10/02 20:18:17.602, 0, 34, 405 MHz, 24.95 W, 0 %, 0 MiB
2026/10/02 20:18:17.605, 1, 44, 1189 MHz, 32.28 W, 0 %, 259 MiB
2026/10/02 20:18:17.608, 2, 43, 1189 MHz, 33.67 W, 0 %, 259 MiB
2026/10/02 20:18:18.611, 0, 34, 405 MHz, 24.95 W, 0 %, 0 MiB
2026/10/02 20:18:18.615, 1, 45, 1189 MHz, 32.04 W, 0 %, 259 MiB
2026/10/02 20:18:18.618, 2, 43, 1189 MHz, 33.43 W, 0 %, 259 MiB
2026/10/02 20:18:19.621, 0, 34, 405 MHz, 24.71 W, 0 %, 0 MiB
2026/10/02 20:18:19.624, 1, 44, 1189 MHz, 32.52 W, 0 %, 259 MiB
2026/10/02 20:18:19.627, 2, 43, 1189 MHz, 33.67 W, 0 %, 259 MiB
2026/10/02 20:18:20.630, 0, 34, 405 MHz, 24.71 W, 0 %, 0 MiB
2026/10/02 20:18:20.634, 1, 44, 1189 MHz, 32.52 W, 0 %, 259 MiB
2026/10/02 20:18:20.637, 2, 43, 1189 MHz, 33.67 W, 0 %, 259 MiB
2026/10/02 20:18:21.640, 0, 34, 405 MHz, 24.71 W, 0 %, 0 MiB
2026/10/02 20:18:21.649, 1, 44, 1189 MHz, 32.28 W, 0 %, 259 MiB
2026/10/02 20:18:21.652, 2, 43, 1189 MHz, 33.67 W, 0 %, 259 MiB
2026/10/02 20:18:22.656, 0, 33, 405 MHz, 24.95 W, 0 %, 0 MiB
2026/10/02 20:18:22.659, 1, 44, 1189 MHz, 32.75 W, 0 %, 259 MiB
2026/10/02 20:18:22.662, 2, 43, 1189 MHz, 33.67 W, 0 %, 259 MiB
2026/10/02 20:18:23.667, 0, 33, 405 MHz, 24.69 W, 0 %, 0 MiB
2026/10/02 20:18:23.670, 1, 44, 1189 MHz, 32.73 W, 0 %, 259 MiB
2026/10/02 20:18:23.675, 2, 43, 1189 MHz, 33.41 W, 0 %, 259 MiB
2026/10/02 20:18:24.678, 0, 34, 405 MHz, 24.71 W, 0 %, 0 MiB
2026/10/02 20:18:24.682, 1, 44, 1189 MHz, 32.52 W, 0 %, 259 MiB
2026/10/02 20:18:24.685, 2, 43, 1189 MHz, 33.67 W, 0 %, 259 MiB
2026/10/02 20:18:25.688, 0, 34, 405 MHz, 24.71 W, 0 %, 0 MiB
2026/10/02 20:18:25.691, 1, 44, 1189 MHz, 32.28 W, 0 %, 259 MiB
2026/10/02 20:18:25.694, 2, 43, 1189 MHz, 33.67 W, 0 %, 259 MiB
2026/10/02 20:18:26.697, 0, 34, 405 MHz, 24.71 W, 0 %, 0 MiB
2026/10/02 20:18:26.701, 1, 45, 1189 MHz, 32.04 W, 0 %, 259 MiB
2026/10/02 20:18:26.704, 2, 43, 1189 MHz, 33.67 W, 0 %, 259 MiB
2026/10/02 20:18:27.707, 0, 34, 405 MHz, 24.95 W, 0 %, 0 MiB
2026/10/02 20:18:27.710, 1, 44, 1189 MHz, 32.04 W, 0 %, 259 MiB
2026/10/02 20:18:27.714, 2, 43, 1189 MHz, 33.67 W, 0 %, 259 MiB
2026/10/02 20:18:28.717, 0, 34, 405 MHz, 24.71 W, 0 %, 0 MiB
2026/10/02 20:18:28.720, 1, 44, 1189 MHz, 32.04 W, 0 %, 259 MiB
2026/10/02 20:18:28.723, 2, 43, 1189 MHz, 33.67 W, 0 %, 259 MiB
2026/10/02 20:18:29.727, 0, 34, 405 MHz, 24.95 W, 0 %, 0 MiB
2026/10/02 20:18:29.730, 1, 44, 1189 MHz, 32.04 W, 0 %, 259 MiB
2026/10/02 20:18:29.733, 2, 43, 1189 MHz, 33.67 W, 0 %, 259 MiB
2026/10/02 20:18:30.736, 0, 34, 405 MHz, 24.71 W, 0 %, 0 MiB
2026/10/02 20:18:30.745, 1, 44, 1189 MHz, 32.04 W, 0 %, 259 MiB
2026/10/02 20:18:30.750, 2, 43, 1189 MHz, 33.67 W, 0 %, 259 MiB
2026/10/02 20:18:31.754, 0, 34, 405 MHz, 24.95 W, 0 %, 0 MiB
2026/10/02 20:18:31.757, 1, 44, 1189 MHz, 32.28 W, 0 %, 259 MiB
2026/10/02 20:18:31.760, 2, 43, 1189 MHz, 33.43 W, 0 %, 259 MiB
2026/10/02 20:18:32.767, 0, 34, 405 MHz, 24.71 W, 0 %, 0 MiB
2026/10/02 20:18:32.770, 1, 44, 1189 MHz, 32.28 W, 0 %, 259 MiB
2026/10/02 20:18:32.773, 2, 43, 1189 MHz, 33.67 W, 0 %, 259 MiB
2026/10/02 20:18:33.777, 0, 34, 405 MHz, 24.93 W, 0 %, 0 MiB
2026/10/02 20:18:33.781, 1, 44, 1189 MHz, 32.49 W, 0 %, 259 MiB
2026/10/02 20:18:33.785, 2, 43, 1189 MHz, 33.64 W, 0 %, 259 MiB
2026/10/02 20:18:34.788, 0, 34, 405 MHz, 24.71 W, 0 %, 0 MiB
2026/10/02 20:18:34.791, 1, 44, 1189 MHz, 32.52 W, 0 %, 259 MiB
2026/10/02 20:18:34.794, 2, 43, 1189 MHz, 33.43 W, 0 %, 259 MiB
2026/10/02 20:18:35.797, 0, 34, 405 MHz, 24.95 W, 0 %, 0 MiB
2026/10/02 20:18:35.805, 1, 44, 1189 MHz, 32.75 W, 0 %, 259 MiB
2026/10/02 20:18:35.809, 2, 43, 1189 MHz, 33.67 W, 0 %, 259 MiB
2026/10/02 20:18:36.815, 0, 34, 405 MHz, 24.95 W, 0 %, 0 MiB
2026/10/02 20:18:36.818, 1, 44, 1189 MHz, 32.75 W, 0 %, 259 MiB
2026/10/02 20:18:36.821, 2, 43, 1189 MHz, 33.67 W, 0 %, 259 MiB
2026/10/02 20:18:37.824, 0, 34, 405 MHz, 24.71 W, 0 %, 0 MiB
2026/10/02 20:18:37.829, 1, 44, 1189 MHz, 32.52 W, 0 %, 259 MiB
2026/10/02 20:18:37.832, 2, 43, 1189 MHz, 33.43 W, 0 %, 259 MiB
2026/10/02 20:18:38.836, 0, 34, 405 MHz, 24.71 W, 0 %, 0 MiB
2026/10/02 20:18:38.839, 1, 44, 1189 MHz, 32.75 W, 0 %, 259 MiB
2026/10/02 20:18:38.842, 2, 43, 1189 MHz, 33.65 W, 0 %, 259 MiB
2026/10/02 20:18:39.845, 0, 34, 405 MHz, 24.93 W, 0 %, 0 MiB
2026/10/02 20:18:39.849, 1, 44, 1189 MHz, 32.73 W, 0 %, 259 MiB
2026/10/02 20:18:39.852, 2, 43, 1189 MHz, 33.41 W, 0 %, 259 MiB
2026/10/02 20:18:40.855, 0, 34, 405 MHz, 24.95 W, 0 %, 0 MiB
2026/10/02 20:18:40.858, 1, 44, 1189 MHz, 32.28 W, 0 %, 259 MiB
2026/10/02 20:18:40.865, 2, 43, 1189 MHz, 33.43 W, 0 %, 259 MiB
2026/10/02 20:18:41.871, 0, 34, 405 MHz, 24.71 W, 0 %, 0 MiB
2026/10/02 20:18:41.875, 1, 45, 1189 MHz, 32.28 W, 0 %, 259 MiB
2026/10/02 20:18:41.878, 2, 43, 1189 MHz, 33.67 W, 0 %, 259 MiB
2026/10/02 20:18:42.881, 0, 34, 405 MHz, 24.95 W, 0 %, 0 MiB
2026/10/02 20:18:42.885, 1, 44, 1189 MHz, 32.52 W, 0 %, 259 MiB
2026/10/02 20:18:42.888, 2, 43, 1189 MHz, 33.43 W, 0 %, 259 MiB
2026/10/02 20:18:43.891, 0, 34, 405 MHz, 24.95 W, 0 %, 0 MiB
2026/10/02 20:18:43.895, 1, 44, 1189 MHz, 32.28 W, 0 %, 259 MiB
2026/10/02 20:18:43.898, 2, 43, 1189 MHz, 33.43 W, 0 %, 259 MiB
2026/10/02 20:18:44.901, 0, 34, 405 MHz, 24.95 W, 0 %, 0 MiB
2026/10/02 20:18:44.905, 1, 44, 1189 MHz, 32.28 W, 0 %, 259 MiB
2026/10/02 20:18:44.909, 2, 43, 1189 MHz, 33.67 W, 0 %, 259 MiB
2026/10/02 20:18:45.913, 0, 34, 405 MHz, 24.95 W, 0 %, 0 MiB
2026/10/02 20:18:45.916, 1, 44, 1189 MHz, 32.52 W, 0 %, 259 MiB
2026/10/02 20:18:45.919, 2, 43, 1189 MHz, 33.67 W, 0 %, 259 MiB
2026/10/02 20:18:46.922, 0, 34, 405 MHz, 24.71 W, 0 %, 0 MiB
2026/10/02 20:18:46.926, 1, 44, 1189 MHz, 32.75 W, 0 %, 259 MiB
2026/10/02 20:18:46.929, 2, 43, 1189 MHz, 33.67 W, 0 %, 259 MiB
2026/10/02 20:18:47.932, 0, 34, 405 MHz, 24.95 W, 0 %, 0 MiB
2026/10/02 20:18:47.936, 1, 44, 1189 MHz, 32.75 W, 12 %, 13247 MiB
2026/10/02 20:18:47.939, 2, 43, 1189 MHz, 33.67 W, 0 %, 13247 MiB
2026/10/02 20:18:48.942, 0, 34, 405 MHz, 24.95 W, 0 %, 0 MiB
2026/10/02 20:18:48.946, 1, 44, 1189 MHz, 32.75 W, 6 %, 13247 MiB
2026/10/02 20:18:48.949, 2, 43, 1189 MHz, 33.67 W, 0 %, 13247 MiB
2026/10/02 20:18:49.952, 0, 34, 405 MHz, 24.95 W, 0 %, 0 MiB
2026/10/02 20:18:49.955, 1, 44, 1189 MHz, 32.75 W, 4 %, 13247 MiB
2026/10/02 20:18:49.958, 2, 43, 1189 MHz, 33.43 W, 0 %, 13247 MiB
2026/10/02 20:18:50.962, 0, 34, 405 MHz, 24.95 W, 0 %, 0 MiB
2026/10/02 20:18:50.965, 1, 44, 1189 MHz, 32.75 W, 0 %, 13247 MiB
2026/10/02 20:18:50.968, 2, 43, 1189 MHz, 33.67 W, 5 %, 13247 MiB
2026/10/02 20:18:51.971, 0, 34, 405 MHz, 24.95 W, 0 %, 0 MiB
2026/10/02 20:18:51.975, 1, 44, 1189 MHz, 32.52 W, 0 %, 13247 MiB
2026/10/02 20:18:51.978, 2, 43, 1189 MHz, 33.43 W, 4 %, 13247 MiB
2026/10/02 20:18:52.982, 0, 34, 405 MHz, 24.95 W, 0 %, 0 MiB
2026/10/02 20:18:52.985, 1, 44, 1189 MHz, 32.75 W, 0 %, 13247 MiB
2026/10/02 20:18:52.988, 2, 43, 1189 MHz, 33.67 W, 0 %, 13247 MiB
2026/10/02 20:18:53.991, 0, 34, 405 MHz, 24.95 W, 0 %, 0 MiB
2026/10/02 20:18:53.995, 1, 44, 1189 MHz, 32.52 W, 0 %, 13247 MiB
2026/10/02 20:18:53.998, 2, 43, 1189 MHz, 33.67 W, 0 %, 13247 MiB
2026/10/02 20:18:55.001, 0, 34, 405 MHz, 24.71 W, 0 %, 0 MiB
2026/10/02 20:18:55.004, 1, 44, 1189 MHz, 32.28 W, 0 %, 13247 MiB
2026/10/02 20:18:55.007, 2, 43, 1189 MHz, 33.67 W, 0 %, 13247 MiB
2026/10/02 20:18:56.013, 0, 34, 405 MHz, 24.95 W, 0 %, 0 MiB
2026/10/02 20:18:56.020, 1, 44, 1189 MHz, 32.28 W, 1 %, 13247 MiB
2026/10/02 20:18:56.025, 2, 43, 1189 MHz, 33.43 W, 3 %, 13247 MiB
2026/10/02 20:18:57.028, 0, 34, 405 MHz, 24.95 W, 0 %, 0 MiB
2026/10/02 20:18:57.031, 1, 44, 1189 MHz, 32.28 W, 1 %, 13247 MiB
2026/10/02 20:18:57.034, 2, 43, 1189 MHz, 33.43 W, 4 %, 13247 MiB
2026/10/02 20:18:58.038, 0, 34, 405 MHz, 24.95 W, 0 %, 0 MiB
2026/10/02 20:18:58.042, 1, 44, 1189 MHz, 32.28 W, 2 %, 13247 MiB
2026/10/02 20:18:58.045, 2, 43, 1189 MHz, 33.43 W, 2 %, 13247 MiB
2026/10/02 20:18:59.048, 0, 34, 405 MHz, 24.95 W, 0 %, 0 MiB
2026/10/02 20:18:59.051, 1, 44, 1189 MHz, 32.04 W, 0 %, 13247 MiB
2026/10/02 20:18:59.054, 2, 43, 1189 MHz, 33.43 W, 0 %, 13247 MiB
2026/10/02 20:19:00.058, 0, 34, 405 MHz, 24.95 W, 0 %, 0 MiB
2026/10/02 20:19:00.067, 1, 44, 1189 MHz, 32.04 W, 0 %, 13247 MiB
2026/10/02 20:19:00.070, 2, 43, 1189 MHz, 33.43 W, 4 %, 13247 MiB
2026/10/02 20:19:01.076, 0, 34, 405 MHz, 24.95 W, 0 %, 0 MiB
2026/10/02 20:19:01.079, 1, 44, 1189 MHz, 32.28 W, 1 %, 13247 MiB
2026/10/02 20:19:01.082, 2, 43, 1189 MHz, 33.64 W, 0 %, 13247 MiB
2026/10/02 20:19:02.085, 0, 34, 405 MHz, 24.95 W, 0 %, 0 MiB
2026/10/02 20:19:02.089, 1, 44, 1189 MHz, 32.26 W, 3 %, 13247 MiB
2026/10/02 20:19:02.092, 2, 43, 1189 MHz, 33.62 W, 0 %, 13247 MiB
2026/10/02 20:19:03.096, 0, 34, 405 MHz, 24.95 W, 0 %, 0 MiB
2026/10/02 20:19:03.099, 1, 44, 1189 MHz, 32.28 W, 1 %, 13247 MiB
2026/10/02 20:19:03.102, 2, 43, 1189 MHz, 33.67 W, 0 %, 13247 MiB
2026/10/02 20:19:04.105, 0, 34, 405 MHz, 24.95 W, 0 %, 0 MiB
2026/10/02 20:19:04.109, 1, 44, 1189 MHz, 32.52 W, 0 %, 13247 MiB
2026/10/02 20:19:04.112, 2, 43, 1189 MHz, 33.67 W, 1 %, 13247 MiB
2026/10/02 20:19:05.115, 0, 34, 405 MHz, 24.95 W, 0 %, 0 MiB
2026/10/02 20:19:05.118, 1, 44, 1189 MHz, 32.28 W, 5 %, 13247 MiB
2026/10/02 20:19:05.121, 2, 43, 1189 MHz, 33.67 W, 2 %, 13247 MiB
2026/10/02 20:19:06.125, 0, 34, 405 MHz, 24.95 W, 0 %, 0 MiB
2026/10/02 20:19:06.128, 1, 44, 1189 MHz, 32.28 W, 0 %, 13247 MiB
2026/10/02 20:19:06.131, 2, 43, 1189 MHz, 33.43 W, 0 %, 13247 MiB
2026/10/02 20:19:07.134, 0, 34, 405 MHz, 24.95 W, 0 %, 0 MiB
2026/10/02 20:19:07.138, 1, 44, 1189 MHz, 32.28 W, 1 %, 13247 MiB
2026/10/02 20:19:07.144, 2, 43, 1189 MHz, 33.43 W, 0 %, 13247 MiB
2026/10/02 20:19:08.147, 0, 34, 405 MHz, 24.95 W, 0 %, 0 MiB
2026/10/02 20:19:08.151, 1, 44, 1189 MHz, 32.04 W, 2 %, 13247 MiB
2026/10/02 20:19:08.154, 2, 43, 1189 MHz, 33.43 W, 2 %, 13247 MiB
2026/10/02 20:19:09.157, 0, 34, 405 MHz, 24.95 W, 0 %, 0 MiB
2026/10/02 20:19:09.164, 1, 44, 1189 MHz, 32.04 W, 1 %, 13247 MiB
2026/10/02 20:19:09.167, 2, 43, 1189 MHz, 33.43 W, 0 %, 13247 MiB
2026/10/02 20:19:10.170, 0, 34, 405 MHz, 24.95 W, 0 %, 0 MiB
2026/10/02 20:19:10.174, 1, 44, 1189 MHz, 32.04 W, 0 %, 13247 MiB
2026/10/02 20:19:10.177, 2, 43, 1189 MHz, 33.43 W, 3 %, 13247 MiB
2026/10/02 20:19:11.180, 0, 34, 405 MHz, 24.95 W, 0 %, 0 MiB
2026/10/02 20:19:11.183, 1, 44, 1189 MHz, 32.75 W, 2 %, 13247 MiB
2026/10/02 20:19:11.187, 2, 43, 1189 MHz, 33.43 W, 3 %, 13247 MiB
2026/10/02 20:19:12.190, 0, 34, 405 MHz, 24.95 W, 0 %, 0 MiB
2026/10/02 20:19:12.193, 1, 44, 1189 MHz, 32.52 W, 0 %, 13247 MiB
2026/10/02 20:19:12.196, 2, 43, 1189 MHz, 33.43 W, 0 %, 13247 MiB
2026/10/02 20:19:13.199, 0, 34, 405 MHz, 24.95 W, 0 %, 0 MiB
2026/10/02 20:19:13.203, 1, 44, 1189 MHz, 32.75 W, 1 %, 13247 MiB
2026/10/02 20:19:13.206, 2, 43, 1189 MHz, 33.65 W, 0 %, 13247 MiB
2026/10/02 20:19:14.209, 0, 34, 405 MHz, 24.95 W, 0 %, 0 MiB
2026/10/02 20:19:14.213, 1, 44, 1189 MHz, 32.28 W, 0 %, 13247 MiB
2026/10/02 20:19:14.216, 2, 43, 1189 MHz, 33.43 W, 1 %, 13247 MiB
2026/10/02 20:19:15.219, 0, 34, 405 MHz, 24.95 W, 0 %, 0 MiB
2026/10/02 20:19:15.222, 1, 44, 1189 MHz, 32.28 W, 0 %, 13247 MiB
2026/10/02 20:19:15.226, 2, 43, 1189 MHz, 33.43 W, 1 %, 13247 MiB
2026/10/02 20:19:16.229, 0, 34, 405 MHz, 24.95 W, 0 %, 0 MiB
2026/10/02 20:19:16.233, 1, 44, 1189 MHz, 32.28 W, 1 %, 13247 MiB
2026/10/02 20:19:16.236, 2, 43, 1189 MHz, 33.67 W, 0 %, 13247 MiB
2026/10/02 20:19:17.239, 0, 34, 405 MHz, 24.95 W, 0 %, 0 MiB
2026/10/02 20:19:17.242, 1, 44, 1189 MHz, 32.28 W, 0 %, 13247 MiB
2026/10/02 20:19:17.245, 2, 43, 1189 MHz, 33.67 W, 0 %, 13247 MiB
2026/10/02 20:19:18.249, 0, 34, 405 MHz, 24.95 W, 0 %, 0 MiB
2026/10/02 20:19:18.252, 1, 44, 1189 MHz, 32.28 W, 0 %, 13247 MiB
2026/10/02 20:19:18.255, 2, 43, 1189 MHz, 33.67 W, 1 %, 13247 MiB
2026/10/02 20:19:19.259, 0, 34, 405 MHz, 24.95 W, 0 %, 0 MiB
2026/10/02 20:19:19.262, 1, 44, 1189 MHz, 32.28 W, 2 %, 13247 MiB
2026/10/02 20:19:19.266, 2, 43, 1189 MHz, 33.67 W, 1 %, 13247 MiB
2026/10/02 20:19:20.269, 0, 34, 405 MHz, 24.95 W, 0 %, 0 MiB
2026/10/02 20:19:20.272, 1, 44, 1189 MHz, 32.04 W, 0 %, 13247 MiB
2026/10/02 20:19:20.278, 2, 43, 1189 MHz, 33.43 W, 0 %, 13247 MiB
2026/10/02 20:19:21.283, 0, 34, 405 MHz, 24.95 W, 0 %, 0 MiB
2026/10/02 20:19:21.287, 1, 44, 1189 MHz, 32.04 W, 0 %, 13247 MiB
2026/10/02 20:19:21.290, 2, 43, 1189 MHz, 33.67 W, 1 %, 13247 MiB
2026/10/02 20:19:22.293, 0, 34, 405 MHz, 24.95 W, 0 %, 0 MiB
2026/10/02 20:19:22.296, 1, 44, 1189 MHz, 32.04 W, 1 %, 13247 MiB
2026/10/02 20:19:22.299, 2, 43, 1189 MHz, 33.67 W, 0 %, 13247 MiB
2026/10/02 20:19:23.303, 0, 34, 405 MHz, 24.71 W, 0 %, 0 MiB
2026/10/02 20:19:23.306, 1, 44, 1189 MHz, 32.04 W, 0 %, 13247 MiB
2026/10/02 20:19:23.309, 2, 43, 1189 MHz, 33.67 W, 0 %, 13247 MiB
2026/10/02 20:19:24.312, 0, 34, 405 MHz, 24.95 W, 0 %, 0 MiB
2026/10/02 20:19:24.315, 1, 44, 1189 MHz, 32.28 W, 3 %, 13247 MiB
2026/10/02 20:19:24.319, 2, 43, 1189 MHz, 33.67 W, 5 %, 13247 MiB
2026/10/02 20:19:25.322, 0, 34, 405 MHz, 24.95 W, 0 %, 0 MiB
2026/10/02 20:19:25.325, 1, 44, 1189 MHz, 32.04 W, 0 %, 13247 MiB
2026/10/02 20:19:25.329, 2, 43, 1189 MHz, 33.67 W, 0 %, 13247 MiB
2026/10/02 20:19:26.332, 0, 34, 405 MHz, 24.95 W, 0 %, 0 MiB
2026/10/02 20:19:26.335, 1, 44, 1189 MHz, 32.28 W, 0 %, 13247 MiB
2026/10/02 20:19:26.342, 2, 43, 1189 MHz, 33.67 W, 0 %, 13247 MiB
2026/10/02 20:19:27.345, 0, 34, 405 MHz, 24.95 W, 0 %, 0 MiB
2026/10/02 20:19:27.348, 1, 44, 1189 MHz, 32.52 W, 1 %, 13247 MiB
2026/10/02 20:19:27.351, 2, 42, 1189 MHz, 33.67 W, 0 %, 13247 MiB
2026/10/02 20:19:28.355, 0, 34, 405 MHz, 24.95 W, 0 %, 0 MiB
2026/10/02 20:19:28.360, 1, 44, 1189 MHz, 32.28 W, 0 %, 13247 MiB
2026/10/02 20:19:28.363, 2, 43, 1189 MHz, 33.67 W, 1 %, 13247 MiB
2026/10/02 20:19:29.367, 0, 34, 405 MHz, 24.95 W, 0 %, 0 MiB
2026/10/02 20:19:29.370, 1, 44, 1189 MHz, 32.28 W, 0 %, 13247 MiB
2026/10/02 20:19:29.373, 2, 43, 1189 MHz, 33.67 W, 0 %, 13247 MiB
2026/10/02 20:19:30.376, 0, 33, 405 MHz, 24.71 W, 0 %, 0 MiB
2026/10/02 20:19:30.382, 1, 44, 1189 MHz, 32.52 W, 0 %, 13247 MiB
2026/10/02 20:19:30.385, 2, 43, 1189 MHz, 33.67 W, 1 %, 13247 MiB
2026/10/02 20:19:31.389, 0, 34, 405 MHz, 24.95 W, 0 %, 0 MiB
2026/10/02 20:19:31.392, 1, 44, 1189 MHz, 32.28 W, 2 %, 13247 MiB
2026/10/02 20:19:31.395, 2, 43, 1189 MHz, 33.67 W, 1 %, 13247 MiB
2026/10/02 20:19:32.398, 0, 34, 405 MHz, 24.71 W, 0 %, 0 MiB
2026/10/02 20:19:32.401, 1, 44, 1189 MHz, 32.52 W, 0 %, 13247 MiB
2026/10/02 20:19:32.404, 2, 43, 1189 MHz, 33.65 W, 0 %, 13247 MiB
2026/10/02 20:19:33.408, 0, 34, 405 MHz, 24.95 W, 0 %, 0 MiB
2026/10/02 20:19:33.411, 1, 44, 1189 MHz, 32.75 W, 0 %, 13247 MiB
2026/10/02 20:19:33.414, 2, 43, 1189 MHz, 33.67 W, 0 %, 13247 MiB
2026/10/02 20:19:34.417, 0, 34, 405 MHz, 24.95 W, 0 %, 0 MiB
2026/10/02 20:19:34.421, 1, 44, 1189 MHz, 32.75 W, 0 %, 13247 MiB
2026/10/02 20:19:34.424, 2, 43, 1189 MHz, 33.43 W, 0 %, 13247 MiB
2026/10/02 20:19:35.427, 0, 34, 405 MHz, 24.71 W, 0 %, 0 MiB
2026/10/02 20:19:35.430, 1, 44, 1189 MHz, 32.52 W, 0 %, 13247 MiB
2026/10/02 20:19:35.437, 2, 43, 1189 MHz, 33.43 W, 2 %, 13247 MiB
2026/10/02 20:19:36.441, 0, 34, 405 MHz, 24.95 W, 0 %, 0 MiB
2026/10/02 20:19:36.445, 1, 44, 1189 MHz, 32.52 W, 0 %, 13247 MiB
2026/10/02 20:19:36.448, 2, 43, 1189 MHz, 33.67 W, 0 %, 13247 MiB
2026/10/02 20:19:37.451, 0, 34, 405 MHz, 24.71 W, 0 %, 0 MiB
2026/10/02 20:19:37.458, 1, 44, 1189 MHz, 32.52 W, 1 %, 13247 MiB
2026/10/02 20:19:37.462, 2, 43, 1189 MHz, 33.43 W, 0 %, 13247 MiB
2026/10/02 20:19:38.465, 0, 34, 405 MHz, 24.71 W, 0 %, 0 MiB
2026/10/02 20:19:38.468, 1, 44, 1189 MHz, 32.28 W, 1 %, 13247 MiB
2026/10/02 20:19:38.471, 2, 43, 1189 MHz, 33.67 W, 6 %, 13247 MiB
2026/10/02 20:19:39.475, 0, 34, 405 MHz, 24.95 W, 0 %, 0 MiB
2026/10/02 20:19:39.478, 1, 44, 1189 MHz, 32.04 W, 1 %, 13247 MiB
2026/10/02 20:19:39.481, 2, 43, 1189 MHz, 33.67 W, 3 %, 13247 MiB
2026/10/02 20:19:40.484, 0, 34, 405 MHz, 24.71 W, 0 %, 0 MiB
2026/10/02 20:19:40.488, 1, 44, 1189 MHz, 32.04 W, 4 %, 13247 MiB
2026/10/02 20:19:40.491, 2, 43, 1189 MHz, 33.67 W, 5 %, 13247 MiB
2026/10/02 20:19:41.494, 0, 34, 405 MHz, 24.95 W, 0 %, 0 MiB
2026/10/02 20:19:41.497, 1, 44, 1189 MHz, 32.04 W, 1 %, 13247 MiB
2026/10/02 20:19:41.501, 2, 43, 1189 MHz, 33.67 W, 0 %, 13247 MiB
2026/10/02 20:19:42.504, 0, 34, 405 MHz, 24.95 W, 0 %, 0 MiB
2026/10/02 20:19:42.507, 1, 44, 1189 MHz, 32.28 W, 1 %, 13247 MiB
2026/10/02 20:19:42.510, 2, 43, 1189 MHz, 33.67 W, 4 %, 13247 MiB
2026/10/02 20:19:43.513, 0, 34, 405 MHz, 24.95 W, 0 %, 0 MiB
2026/10/02 20:19:43.519, 1, 44, 1189 MHz, 32.04 W, 2 %, 13247 MiB
2026/10/02 20:19:43.522, 2, 43, 1189 MHz, 33.43 W, 2 %, 13247 MiB
2026/10/02 20:19:44.525, 0, 34, 405 MHz, 24.95 W, 0 %, 0 MiB
2026/10/02 20:19:44.528, 1, 44, 1189 MHz, 32.04 W, 0 %, 13247 MiB
2026/10/02 20:19:44.533, 2, 43, 1189 MHz, 33.67 W, 0 %, 13247 MiB
2026/10/02 20:19:45.536, 0, 34, 405 MHz, 24.95 W, 0 %, 0 MiB
2026/10/02 20:19:45.542, 1, 44, 1189 MHz, 32.06 W, 3 %, 13247 MiB
2026/10/02 20:19:45.545, 2, 43, 1189 MHz, 33.43 W, 0 %, 13247 MiB
2026/10/02 20:19:46.548, 0, 34, 405 MHz, 24.96 W, 0 %, 0 MiB
2026/10/02 20:19:46.551, 1, 44, 1189 MHz, 32.04 W, 1 %, 13247 MiB
2026/10/02 20:19:46.554, 2, 43, 1189 MHz, 33.67 W, 0 %, 13247 MiB
2026/10/02 20:19:47.560, 0, 34, 405 MHz, 24.95 W, 0 %, 0 MiB
2026/10/02 20:19:47.564, 1, 44, 1189 MHz, 32.28 W, 0 %, 13247 MiB
2026/10/02 20:19:47.572, 2, 43, 1189 MHz, 33.67 W, 0 %, 13247 MiB
2026/10/02 20:19:48.575, 0, 34, 405 MHz, 24.95 W, 0 %, 0 MiB
2026/10/02 20:19:48.579, 1, 44, 1189 MHz, 32.28 W, 1 %, 13247 MiB
2026/10/02 20:19:48.582, 2, 43, 1189 MHz, 33.67 W, 6 %, 13247 MiB
2026/10/02 20:19:49.585, 0, 34, 405 MHz, 24.71 W, 0 %, 0 MiB
2026/10/02 20:19:49.588, 1, 44, 1189 MHz, 32.52 W, 0 %, 13247 MiB
2026/10/02 20:19:49.592, 2, 43, 1189 MHz, 33.67 W, 0 %, 13247 MiB
2026/10/02 20:19:50.598, 0, 34, 405 MHz, 24.95 W, 0 %, 0 MiB
2026/10/02 20:19:50.602, 1, 44, 1189 MHz, 32.28 W, 0 %, 13247 MiB
2026/10/02 20:19:50.605, 2, 43, 1189 MHz, 33.43 W, 0 %, 13247 MiB
2026/10/02 20:19:51.608, 0, 34, 405 MHz, 24.95 W, 0 %, 0 MiB
2026/10/02 20:19:51.611, 1, 44, 1189 MHz, 32.51 W, 0 %, 13247 MiB
2026/10/02 20:19:51.617, 2, 43, 1189 MHz, 33.65 W, 0 %, 13247 MiB
2026/10/02 20:19:52.620, 0, 33, 405 MHz, 24.95 W, 0 %, 0 MiB
2026/10/02 20:19:52.623, 1, 44, 1189 MHz, 32.28 W, 0 %, 13247 MiB
2026/10/02 20:19:52.626, 2, 43, 1189 MHz, 33.43 W, 0 %, 13247 MiB
2026/10/02 20:19:53.630, 0, 34, 405 MHz, 24.95 W, 0 %, 0 MiB
2026/10/02 20:19:53.633, 1, 44, 1189 MHz, 32.52 W, 0 %, 13247 MiB
2026/10/02 20:19:53.636, 2, 43, 1189 MHz, 33.67 W, 0 %, 13247 MiB
2026/10/02 20:19:54.640, 0, 34, 405 MHz, 24.95 W, 0 %, 0 MiB
2026/10/02 20:19:54.643, 1, 44, 1189 MHz, 32.52 W, 0 %, 13247 MiB
2026/10/02 20:19:54.646, 2, 43, 1189 MHz, 33.67 W, 1 %, 13247 MiB
2026/10/02 20:19:55.649, 0, 34, 405 MHz, 24.95 W, 0 %, 0 MiB
2026/10/02 20:19:55.658, 1, 44, 1189 MHz, 32.52 W, 0 %, 13247 MiB
2026/10/02 20:19:55.661, 2, 43, 1189 MHz, 33.67 W, 1 %, 13247 MiB
2026/10/02 20:19:56.664, 0, 34, 405 MHz, 24.95 W, 0 %, 0 MiB
2026/10/02 20:19:56.667, 1, 44, 1189 MHz, 32.53 W, 0 %, 13247 MiB
2026/10/02 20:19:56.671, 2, 43, 1189 MHz, 33.67 W, 0 %, 13247 MiB
2026/10/02 20:19:57.675, 0, 34, 405 MHz, 24.95 W, 0 %, 0 MiB
2026/10/02 20:19:57.678, 1, 44, 1189 MHz, 32.52 W, 1 %, 13247 MiB
2026/10/02 20:19:57.681, 2, 43, 1189 MHz, 33.43 W, 0 %, 13247 MiB
2026/10/02 20:19:58.684, 0, 34, 405 MHz, 24.95 W, 0 %, 0 MiB
2026/10/02 20:19:58.687, 1, 44, 1189 MHz, 32.52 W, 1 %, 13247 MiB
2026/10/02 20:19:58.690, 2, 43, 1189 MHz, 33.43 W, 1 %, 13247 MiB
2026/10/02 20:19:59.694, 0, 34, 405 MHz, 24.95 W, 0 %, 0 MiB
2026/10/02 20:19:59.697, 1, 44, 1189 MHz, 32.28 W, 3 %, 13247 MiB
2026/10/02 20:19:59.700, 2, 43, 1189 MHz, 33.67 W, 2 %, 13247 MiB
2026/10/02 20:20:00.703, 0, 34, 405 MHz, 24.95 W, 0 %, 0 MiB
2026/10/02 20:20:00.706, 1, 44, 1189 MHz, 32.28 W, 0 %, 13247 MiB
2026/10/02 20:20:00.710, 2, 43, 1189 MHz, 33.43 W, 0 %, 13247 MiB
2026/10/02 20:20:01.713, 0, 34, 405 MHz, 24.71 W, 0 %, 0 MiB
2026/10/02 20:20:01.716, 1, 44, 1189 MHz, 32.04 W, 0 %, 13247 MiB
2026/10/02 20:20:01.719, 2, 43, 1189 MHz, 33.43 W, 0 %, 13247 MiB
2026/10/02 20:20:02.722, 0, 34, 405 MHz, 24.95 W, 0 %, 0 MiB
2026/10/02 20:20:02.726, 1, 44, 1189 MHz, 32.04 W, 3 %, 13247 MiB
2026/10/02 20:20:02.729, 2, 43, 1189 MHz, 33.65 W, 2 %, 13247 MiB
2026/10/02 20:20:03.734, 0, 34, 405 MHz, 24.95 W, 0 %, 0 MiB
2026/10/02 20:20:03.737, 1, 44, 1189 MHz, 32.04 W, 5 %, 13247 MiB
2026/10/02 20:20:03.740, 2, 43, 1189 MHz, 33.43 W, 0 %, 13247 MiB
2026/10/02 20:20:04.746, 0, 34, 405 MHz, 24.95 W, 0 %, 0 MiB
2026/10/02 20:20:04.750, 1, 44, 1189 MHz, 32.04 W, 5 %, 13247 MiB
2026/10/02 20:20:04.753, 2, 43, 1189 MHz, 33.43 W, 1 %, 13247 MiB
2026/10/02 20:20:05.756, 0, 34, 405 MHz, 24.95 W, 0 %, 0 MiB
2026/10/02 20:20:05.760, 1, 44, 1189 MHz, 32.04 W, 1 %, 13247 MiB
2026/10/02 20:20:05.763, 2, 43, 1189 MHz, 33.43 W, 3 %, 13247 MiB
2026/10/02 20:20:06.766, 0, 34, 405 MHz, 24.95 W, 0 %, 0 MiB
2026/10/02 20:20:06.770, 1, 44, 1189 MHz, 32.04 W, 1 %, 13247 MiB
2026/10/02 20:20:06.773, 2, 43, 1189 MHz, 33.43 W, 0 %, 13247 MiB
2026/10/02 20:20:07.776, 0, 34, 405 MHz, 24.95 W, 0 %, 0 MiB
2026/10/02 20:20:07.779, 1, 44, 1189 MHz, 32.04 W, 4 %, 13247 MiB
2026/10/02 20:20:07.786, 2, 43, 1189 MHz, 33.43 W, 0 %, 13247 MiB
2026/10/02 20:20:08.789, 0, 33, 405 MHz, 24.95 W, 0 %, 0 MiB
2026/10/02 20:20:08.792, 1, 44, 1189 MHz, 32.04 W, 0 %, 13247 MiB
2026/10/02 20:20:08.795, 2, 42, 1189 MHz, 33.43 W, 1 %, 13247 MiB
2026/10/02 20:20:09.799, 0, 34, 405 MHz, 24.95 W, 0 %, 0 MiB
2026/10/02 20:20:09.802, 1, 44, 1189 MHz, 32.28 W, 0 %, 13247 MiB
2026/10/02 20:20:09.805, 2, 42, 1189 MHz, 33.43 W, 0 %, 13247 MiB
2026/10/02 20:20:10.809, 0, 34, 405 MHz, 24.95 W, 0 %, 0 MiB
2026/10/02 20:20:10.815, 1, 44, 1189 MHz, 32.28 W, 3 %, 13247 MiB
2026/10/02 20:20:10.818, 2, 43, 1189 MHz, 33.43 W, 6 %, 13247 MiB
2026/10/02 20:20:11.822, 0, 34, 405 MHz, 24.95 W, 0 %, 0 MiB
2026/10/02 20:20:11.825, 1, 44, 1189 MHz, 32.52 W, 0 %, 13247 MiB
2026/10/02 20:20:11.828, 2, 43, 1189 MHz, 33.43 W, 1 %, 13247 MiB
2026/10/02 20:20:12.831, 0, 34, 405 MHz, 24.95 W, 0 %, 0 MiB
2026/10/02 20:20:12.836, 1, 44, 1189 MHz, 32.28 W, 0 %, 13247 MiB
2026/10/02 20:20:12.839, 2, 42, 1189 MHz, 33.43 W, 0 %, 13247 MiB
2026/10/02 20:20:13.842, 0, 34, 405 MHz, 24.95 W, 0 %, 0 MiB
2026/10/02 20:20:13.846, 1, 44, 1189 MHz, 32.52 W, 0 %, 13247 MiB
2026/10/02 20:20:13.849, 2, 43, 1189 MHz, 33.43 W, 0 %, 13247 MiB
2026/10/02 20:20:14.852, 0, 34, 405 MHz, 24.95 W, 0 %, 0 MiB
2026/10/02 20:20:14.856, 1, 44, 1189 MHz, 32.04 W, 0 %, 13247 MiB
2026/10/02 20:20:14.859, 2, 42, 1189 MHz, 33.67 W, 0 %, 13247 MiB
2026/10/02 20:20:15.862, 0, 34, 405 MHz, 24.95 W, 0 %, 0 MiB
2026/10/02 20:20:15.865, 1, 44, 1189 MHz, 32.04 W, 4 %, 13247 MiB
2026/10/02 20:20:15.868, 2, 42, 1189 MHz, 33.43 W, 0 %, 13247 MiB
2026/10/02 20:20:16.872, 0, 34, 405 MHz, 24.95 W, 0 %, 0 MiB
2026/10/02 20:20:16.875, 1, 44, 1189 MHz, 32.04 W, 0 %, 13247 MiB
2026/10/02 20:20:16.878, 2, 42, 1189 MHz, 33.43 W, 1 %, 13247 MiB
2026/10/02 20:20:17.881, 0, 34, 405 MHz, 24.71 W, 0 %, 0 MiB
2026/10/02 20:20:17.885, 1, 44, 1189 MHz, 32.04 W, 1 %, 13247 MiB
2026/10/02 20:20:17.888, 2, 43, 1189 MHz, 33.43 W, 0 %, 13247 MiB
2026/10/02 20:20:18.891, 0, 34, 405 MHz, 24.95 W, 0 %, 0 MiB
2026/10/02 20:20:18.894, 1, 44, 1189 MHz, 32.04 W, 0 %, 13247 MiB
2026/10/02 20:20:18.897, 2, 43, 1189 MHz, 33.43 W, 0 %, 13247 MiB
2026/10/02 20:20:19.901, 0, 34, 405 MHz, 24.95 W, 0 %, 0 MiB
2026/10/02 20:20:19.904, 1, 44, 1189 MHz, 32.04 W, 1 %, 13247 MiB
2026/10/02 20:20:19.907, 2, 43, 1189 MHz, 33.43 W, 0 %, 13247 MiB
2026/10/02 20:20:20.910, 0, 34, 405 MHz, 24.95 W, 0 %, 0 MiB
2026/10/02 20:20:20.914, 1, 44, 1189 MHz, 32.04 W, 0 %, 13247 MiB
2026/10/02 20:20:20.917, 2, 42, 1189 MHz, 33.43 W, 0 %, 13247 MiB
2026/10/02 20:20:21.920, 0, 34, 405 MHz, 24.95 W, 0 %, 0 MiB
2026/10/02 20:20:21.923, 1, 44, 1189 MHz, 32.04 W, 1 %, 13247 MiB
2026/10/02 20:20:21.926, 2, 43, 1189 MHz, 33.43 W, 3 %, 13247 MiB
2026/10/02 20:20:22.930, 0, 34, 405 MHz, 24.71 W, 0 %, 0 MiB
2026/10/02 20:20:22.933, 1, 44, 1189 MHz, 32.28 W, 1 %, 13247 MiB
2026/10/02 20:20:22.936, 2, 43, 1189 MHz, 33.67 W, 4 %, 13247 MiB
2026/10/02 20:20:23.940, 0, 34, 405 MHz, 24.95 W, 0 %, 0 MiB
2026/10/02 20:20:23.944, 1, 44, 1189 MHz, 32.52 W, 0 %, 13247 MiB
2026/10/02 20:20:23.947, 2, 42, 1189 MHz, 33.43 W, 4 %, 13247 MiB
2026/10/02 20:20:24.950, 0, 34, 405 MHz, 24.71 W, 0 %, 0 MiB
2026/10/02 20:20:24.953, 1, 44, 1189 MHz, 32.51 W, 2 %, 13247 MiB
2026/10/02 20:20:24.956, 2, 42, 1189 MHz, 33.41 W, 0 %, 13247 MiB
2026/10/02 20:20:25.960, 0, 34, 405 MHz, 24.96 W, 0 %, 0 MiB
2026/10/02 20:20:25.963, 1, 44, 1189 MHz, 32.52 W, 4 %, 13247 MiB
2026/10/02 20:20:25.966, 2, 43, 1189 MHz, 33.43 W, 0 %, 13247 MiB
2026/10/02 20:20:26.969, 0, 34, 405 MHz, 24.95 W, 0 %, 0 MiB
2026/10/02 20:20:26.973, 1, 44, 1189 MHz, 32.52 W, 0 %, 13247 MiB
2026/10/02 20:20:26.976, 2, 42, 1189 MHz, 33.67 W, 0 %, 13247 MiB
2026/10/02 20:20:27.979, 0, 34, 405 MHz, 24.95 W, 0 %, 0 MiB
2026/10/02 20:20:27.982, 1, 44, 1189 MHz, 32.52 W, 0 %, 13247 MiB
2026/10/02 20:20:27.985, 2, 42, 1189 MHz, 33.43 W, 0 %, 13247 MiB
2026/10/02 20:20:28.989, 0, 34, 405 MHz, 24.95 W, 0 %, 0 MiB
2026/10/02 20:20:28.996, 1, 44, 1189 MHz, 32.52 W, 0 %, 13247 MiB
2026/10/02 20:20:29.002, 2, 43, 1189 MHz, 33.43 W, 0 %, 13247 MiB
2026/10/02 20:20:30.007, 0, 34, 405 MHz, 24.95 W, 0 %, 0 MiB
2026/10/02 20:20:30.014, 1, 44, 1189 MHz, 32.28 W, 0 %, 13247 MiB
2026/10/02 20:20:30.017, 2, 42, 1189 MHz, 33.43 W, 0 %, 13247 MiB
2026/10/02 20:20:31.020, 0, 34, 405 MHz, 24.95 W, 0 %, 0 MiB
2026/10/02 20:20:31.023, 1, 44, 1189 MHz, 32.52 W, 0 %, 13247 MiB
2026/10/02 20:20:31.026, 2, 43, 1189 MHz, 33.43 W, 0 %, 13247 MiB
2026/10/02 20:20:32.030, 0, 34, 405 MHz, 24.95 W, 0 %, 0 MiB
2026/10/02 20:20:32.035, 1, 44, 1189 MHz, 32.28 W, 1 %, 13247 MiB
2026/10/02 20:20:32.041, 2, 42, 1189 MHz, 33.67 W, 3 %, 13247 MiB
2026/10/02 20:20:33.045, 0, 34, 405 MHz, 24.95 W, 0 %, 0 MiB
2026/10/02 20:20:33.054, 1, 44, 1189 MHz, 32.28 W, 0 %, 13247 MiB
2026/10/02 20:20:33.057, 2, 43, 1189 MHz, 33.43 W, 0 %, 13247 MiB
2026/10/02 20:20:34.060, 0, 34, 405 MHz, 24.95 W, 0 %, 0 MiB
2026/10/02 20:20:34.064, 1, 44, 1189 MHz, 32.75 W, 1 %, 13247 MiB
2026/10/02 20:20:34.067, 2, 43, 1189 MHz, 33.67 W, 4 %, 13247 MiB
2026/10/02 20:20:35.071, 0, 34, 405 MHz, 24.95 W, 0 %, 0 MiB
2026/10/02 20:20:35.074, 1, 44, 1189 MHz, 32.52 W, 0 %, 13247 MiB
2026/10/02 20:20:35.080, 2, 42, 1189 MHz, 33.43 W, 0 %, 13247 MiB
2026/10/02 20:20:36.084, 0, 34, 405 MHz, 24.95 W, 0 %, 0 MiB
2026/10/02 20:20:36.087, 1, 44, 1189 MHz, 32.04 W, 2 %, 13247 MiB
2026/10/02 20:20:36.090, 2, 43, 1189 MHz, 33.43 W, 6 %, 13247 MiB
2026/10/02 20:20:37.093, 0, 34, 405 MHz, 24.95 W, 0 %, 0 MiB
2026/10/02 20:20:37.097, 1, 44, 1189 MHz, 32.04 W, 3 %, 13247 MiB
2026/10/02 20:20:37.101, 2, 42, 1189 MHz, 33.90 W, 0 %, 13247 MiB
2026/10/02 20:20:38.104, 0, 34, 405 MHz, 24.95 W, 0 %, 0 MiB
2026/10/02 20:20:38.111, 1, 44, 1189 MHz, 32.04 W, 0 %, 13247 MiB
2026/10/02 20:20:38.114, 2, 42, 1189 MHz, 33.67 W, 0 %, 13247 MiB
2026/10/02 20:20:39.117, 0, 33, 405 MHz, 24.73 W, 0 %, 0 MiB
2026/10/02 20:20:39.120, 1, 44, 1189 MHz, 32.05 W, 3 %, 13247 MiB
2026/10/02 20:20:39.124, 2, 42, 1189 MHz, 33.43 W, 2 %, 13247 MiB
2026/10/02 20:20:40.127, 0, 34, 405 MHz, 24.96 W, 0 %, 0 MiB
2026/10/02 20:20:40.131, 1, 44, 1189 MHz, 32.06 W, 0 %, 13247 MiB
2026/10/02 20:20:40.134, 2, 42, 1189 MHz, 33.43 W, 0 %, 13247 MiB
2026/10/02 20:20:41.140, 0, 34, 405 MHz, 24.95 W, 0 %, 0 MiB
2026/10/02 20:20:41.143, 1, 44, 1189 MHz, 32.06 W, 1 %, 13247 MiB
2026/10/02 20:20:41.146, 2, 42, 1189 MHz, 33.43 W, 2 %, 13247 MiB
2026/10/02 20:20:42.150, 0, 34, 405 MHz, 24.95 W, 0 %, 0 MiB
2026/10/02 20:20:42.153, 1, 44, 1189 MHz, 32.04 W, 1 %, 13247 MiB
2026/10/02 20:20:42.156, 2, 42, 1189 MHz, 33.43 W, 0 %, 13247 MiB
2026/10/02 20:20:43.160, 0, 34, 405 MHz, 24.96 W, 0 %, 0 MiB
2026/10/02 20:20:43.163, 1, 44, 1189 MHz, 32.04 W, 0 %, 13247 MiB
2026/10/02 20:20:43.167, 2, 43, 1189 MHz, 33.19 W, 0 %, 13247 MiB
2026/10/02 20:20:44.172, 0, 34, 405 MHz, 24.95 W, 0 %, 0 MiB
2026/10/02 20:20:44.175, 1, 44, 1189 MHz, 32.28 W, 3 %, 13247 MiB
2026/10/02 20:20:44.181, 2, 43, 1189 MHz, 33.43 W, 0 %, 13247 MiB
2026/10/02 20:20:45.185, 0, 34, 405 MHz, 24.95 W, 0 %, 0 MiB
2026/10/02 20:20:45.188, 1, 44, 1189 MHz, 32.28 W, 4 %, 13247 MiB
2026/10/02 20:20:45.191, 2, 42, 1189 MHz, 33.41 W, 0 %, 13247 MiB
2026/10/02 20:20:46.195, 0, 34, 405 MHz, 24.95 W, 0 %, 0 MiB
2026/10/02 20:20:46.198, 1, 44, 1189 MHz, 32.49 W, 1 %, 13247 MiB
2026/10/02 20:20:46.202, 2, 42, 1189 MHz, 33.41 W, 2 %, 13247 MiB
2026/10/02 20:20:47.207, 0, 34, 405 MHz, 24.95 W, 0 %, 0 MiB
2026/10/02 20:20:47.210, 1, 44, 1189 MHz, 32.52 W, 3 %, 13247 MiB
2026/10/02 20:20:47.214, 2, 42, 1189 MHz, 33.43 W, 5 %, 13247 MiB
2026/10/02 20:20:48.217, 0, 34, 405 MHz, 24.95 W, 0 %, 0 MiB
2026/10/02 20:20:48.220, 1, 44, 1189 MHz, 32.28 W, 3 %, 13247 MiB
2026/10/02 20:20:48.223, 2, 42, 1189 MHz, 33.43 W, 4 %, 13247 MiB
2026/10/02 20:20:49.226, 0, 34, 405 MHz, 24.95 W, 0 %, 0 MiB
2026/10/02 20:20:49.230, 1, 44, 1189 MHz, 32.52 W, 2 %, 13247 MiB
2026/10/02 20:20:49.233, 2, 43, 1189 MHz, 33.43 W, 3 %, 13247 MiB
2026/10/02 20:20:50.236, 0, 34, 405 MHz, 24.71 W, 0 %, 0 MiB
2026/10/02 20:20:50.239, 1, 44, 1189 MHz, 32.28 W, 6 %, 13247 MiB
2026/10/02 20:20:50.242, 2, 42, 1189 MHz, 33.67 W, 2 %, 13247 MiB
2026/10/02 20:20:51.246, 0, 34, 405 MHz, 24.71 W, 0 %, 0 MiB
2026/10/02 20:20:51.254, 1, 44, 1189 MHz, 32.52 W, 0 %, 13247 MiB
2026/10/02 20:20:51.258, 2, 42, 1189 MHz, 33.43 W, 0 %, 13247 MiB
2026/10/02 20:20:52.261, 0, 34, 405 MHz, 24.95 W, 0 %, 0 MiB
2026/10/02 20:20:52.265, 1, 44, 1189 MHz, 32.28 W, 0 %, 13247 MiB
2026/10/02 20:20:52.268, 2, 42, 1189 MHz, 33.43 W, 0 %, 13247 MiB
2026/10/02 20:20:53.271, 0, 34, 405 MHz, 24.71 W, 0 %, 0 MiB
2026/10/02 20:20:53.274, 1, 44, 1189 MHz, 32.28 W, 0 %, 13247 MiB
2026/10/02 20:20:53.277, 2, 42, 1189 MHz, 33.19 W, 0 %, 13247 MiB
2026/10/02 20:20:54.281, 0, 34, 405 MHz, 24.95 W, 0 %, 0 MiB
2026/10/02 20:20:54.284, 1, 44, 1189 MHz, 32.28 W, 0 %, 13247 MiB
2026/10/02 20:20:54.287, 2, 43, 1189 MHz, 33.43 W, 0 %, 13247 MiB
2026/10/02 20:20:55.290, 0, 34, 405 MHz, 24.95 W, 0 %, 0 MiB
2026/10/02 20:20:55.293, 1, 44, 1189 MHz, 32.28 W, 0 %, 13247 MiB
2026/10/02 20:20:55.297, 2, 42, 1189 MHz, 33.43 W, 0 %, 13247 MiB
2026/10/02 20:20:56.300, 0, 34, 405 MHz, 24.71 W, 0 %, 0 MiB
2026/10/02 20:20:56.303, 1, 44, 1189 MHz, 32.28 W, 0 %, 13247 MiB
2026/10/02 20:20:56.309, 2, 42, 1189 MHz, 33.43 W, 0 %, 13247 MiB
2026/10/02 20:20:57.314, 0, 34, 405 MHz, 24.95 W, 0 %, 0 MiB
2026/10/02 20:20:57.318, 1, 44, 1189 MHz, 32.28 W, 0 %, 13247 MiB
2026/10/02 20:20:57.321, 2, 42, 1189 MHz, 33.43 W, 0 %, 13247 MiB
2026/10/02 20:20:58.326, 0, 34, 405 MHz, 24.95 W, 0 %, 0 MiB
2026/10/02 20:20:58.329, 1, 44, 1189 MHz, 32.04 W, 0 %, 13247 MiB
2026/10/02 20:20:58.332, 2, 42, 1189 MHz, 33.43 W, 0 %, 13247 MiB
2026/10/02 20:20:59.336, 0, 34, 405 MHz, 24.71 W, 0 %, 0 MiB
2026/10/02 20:20:59.339, 1, 44, 1189 MHz, 32.04 W, 0 %, 13247 MiB
2026/10/02 20:20:59.342, 2, 42, 1189 MHz, 33.43 W, 0 %, 13247 MiB
2026/10/02 20:21:00.345, 0, 34, 405 MHz, 24.95 W, 0 %, 0 MiB
2026/10/02 20:21:00.349, 1, 44, 1189 MHz, 32.04 W, 1 %, 13247 MiB
2026/10/02 20:21:00.352, 2, 42, 1189 MHz, 33.41 W, 0 %, 13247 MiB
2026/10/02 20:21:01.355, 0, 34, 405 MHz, 24.95 W, 0 %, 0 MiB
2026/10/02 20:21:01.358, 1, 44, 1189 MHz, 32.04 W, 0 %, 13247 MiB
2026/10/02 20:21:01.361, 2, 42, 1189 MHz, 33.17 W, 5 %, 13247 MiB
2026/10/02 20:21:02.364, 0, 34, 405 MHz, 24.95 W, 0 %, 0 MiB
2026/10/02 20:21:02.375, 1, 44, 1189 MHz, 32.04 W, 0 %, 13247 MiB
2026/10/02 20:21:02.380, 2, 42, 1189 MHz, 33.43 W, 1 %, 13247 MiB
2026/10/02 20:21:03.384, 0, 33, 405 MHz, 24.95 W, 0 %, 0 MiB
2026/10/02 20:21:03.389, 1, 44, 1189 MHz, 32.04 W, 0 %, 13247 MiB
2026/10/02 20:21:03.392, 2, 42, 1189 MHz, 33.67 W, 0 %, 13247 MiB
2026/10/02 20:21:04.395, 0, 34, 405 MHz, 24.95 W, 0 %, 0 MiB
2026/10/02 20:21:04.398, 1, 44, 1189 MHz, 32.04 W, 0 %, 13247 MiB
2026/10/02 20:21:04.401, 2, 42, 1189 MHz, 33.43 W, 0 %, 13247 MiB
2026/10/02 20:21:05.404, 0, 34, 405 MHz, 24.95 W, 0 %, 0 MiB
2026/10/02 20:21:05.408, 1, 44, 1189 MHz, 32.28 W, 1 %, 13247 MiB
2026/10/02 20:21:05.411, 2, 42, 1189 MHz, 33.43 W, 2 %, 13247 MiB
2026/10/02 20:21:06.414, 0, 33, 405 MHz, 24.95 W, 0 %, 0 MiB
2026/10/02 20:21:06.417, 1, 44, 1189 MHz, 32.28 W, 0 %, 13247 MiB
2026/10/02 20:21:06.420, 2, 42, 1189 MHz, 33.43 W, 0 %, 13247 MiB
2026/10/02 20:21:07.424, 0, 34, 405 MHz, 24.95 W, 0 %, 0 MiB
2026/10/02 20:21:07.427, 1, 44, 1189 MHz, 32.75 W, 2 %, 13247 MiB
2026/10/02 20:21:07.430, 2, 42, 1189 MHz, 33.67 W, 2 %, 13247 MiB
2026/10/02 20:21:08.434, 0, 34, 405 MHz, 24.95 W, 0 %, 0 MiB
2026/10/02 20:21:08.437, 1, 44, 1189 MHz, 32.28 W, 3 %, 13247 MiB
2026/10/02 20:21:08.440, 2, 42, 1189 MHz, 33.19 W, 5 %, 13247 MiB
2026/10/02 20:21:09.443, 0, 34, 405 MHz, 24.95 W, 0 %, 0 MiB
2026/10/02 20:21:09.447, 1, 44, 1189 MHz, 32.52 W, 2 %, 13247 MiB
2026/10/02 20:21:09.450, 2, 42, 1189 MHz, 33.43 W, 0 %, 13247 MiB
2026/10/02 20:21:10.454, 0, 34, 405 MHz, 24.95 W, 0 %, 0 MiB
2026/10/02 20:21:10.457, 1, 44, 1189 MHz, 32.28 W, 0 %, 13247 MiB
2026/10/02 20:21:10.460, 2, 42, 1189 MHz, 33.43 W, 0 %, 13247 MiB
2026/10/02 20:21:11.463, 0, 34, 405 MHz, 24.95 W, 0 %, 0 MiB
2026/10/02 20:21:11.468, 1, 44, 1189 MHz, 32.28 W, 2 %, 13247 MiB
2026/10/02 20:21:11.471, 2, 42, 1189 MHz, 33.19 W, 2 %, 13247 MiB
2026/10/02 20:21:12.474, 0, 34, 405 MHz, 24.95 W, 0 %, 0 MiB
2026/10/02 20:21:12.478, 1, 44, 1189 MHz, 32.28 W, 0 %, 13247 MiB
2026/10/02 20:21:12.481, 2, 42, 1189 MHz, 33.43 W, 0 %, 13247 MiB
2026/10/02 20:21:13.484, 0, 34, 405 MHz, 24.95 W, 0 %, 0 MiB
2026/10/02 20:21:13.489, 1, 44, 1189 MHz, 32.28 W, 0 %, 13247 MiB
2026/10/02 20:21:13.494, 2, 42, 1189 MHz, 33.43 W, 0 %, 13247 MiB
2026/10/02 20:21:14.498, 0, 34, 405 MHz, 24.95 W, 0 %, 0 MiB
2026/10/02 20:21:14.501, 1, 44, 1189 MHz, 32.28 W, 1 %, 13247 MiB
2026/10/02 20:21:14.504, 2, 42, 1189 MHz, 33.43 W, 0 %, 13247 MiB
2026/10/02 20:21:15.507, 0, 34, 405 MHz, 24.95 W, 0 %, 0 MiB
2026/10/02 20:21:15.510, 1, 44, 1189 MHz, 32.28 W, 0 %, 13247 MiB
2026/10/02 20:21:15.513, 2, 42, 1189 MHz, 33.43 W, 2 %, 13247 MiB
2026/10/02 20:21:16.517, 0, 34, 405 MHz, 24.95 W, 0 %, 0 MiB
2026/10/02 20:21:16.520, 1, 44, 1189 MHz, 32.04 W, 0 %, 13247 MiB
2026/10/02 20:21:16.523, 2, 42, 1189 MHz, 33.43 W, 0 %, 13247 MiB
2026/10/02 20:21:17.526, 0, 34, 405 MHz, 24.95 W, 0 %, 0 MiB
2026/10/02 20:21:17.530, 1, 44, 1189 MHz, 32.52 W, 2 %, 13247 MiB
2026/10/02 20:21:17.533, 2, 42, 1189 MHz, 33.19 W, 0 %, 13247 MiB
2026/10/02 20:21:18.537, 0, 33, 405 MHz, 24.96 W, 0 %, 0 MiB
2026/10/02 20:21:18.540, 1, 44, 1189 MHz, 32.28 W, 0 %, 13247 MiB
2026/10/02 20:21:18.544, 2, 42, 1189 MHz, 33.43 W, 0 %, 13247 MiB
2026/10/02 20:21:19.549, 0, 34, 405 MHz, 24.95 W, 0 %, 0 MiB
2026/10/02 20:21:19.553, 1, 44, 1189 MHz, 32.28 W, 0 %, 13247 MiB
2026/10/02 20:21:19.556, 2, 42, 1189 MHz, 33.43 W, 0 %, 13247 MiB
2026/10/02 20:21:20.559, 0, 34, 405 MHz, 24.95 W, 0 %, 0 MiB
2026/10/02 20:21:20.562, 1, 44, 1189 MHz, 32.52 W, 0 %, 13247 MiB
2026/10/02 20:21:20.565, 2, 42, 1189 MHz, 33.43 W, 0 %, 13247 MiB
2026/10/02 20:21:21.568, 0, 34, 405 MHz, 24.95 W, 0 %, 0 MiB
2026/10/02 20:21:21.572, 1, 44, 1189 MHz, 32.52 W, 0 %, 13247 MiB
2026/10/02 20:21:21.576, 2, 42, 1189 MHz, 33.43 W, 1 %, 13247 MiB
2026/10/02 20:21:22.579, 0, 34, 405 MHz, 24.95 W, 0 %, 0 MiB
2026/10/02 20:21:22.586, 1, 44, 1189 MHz, 32.28 W, 1 %, 13247 MiB
2026/10/02 20:21:22.589, 2, 42, 1189 MHz, 33.43 W, 2 %, 13247 MiB
2026/10/02 20:21:23.593, 0, 34, 405 MHz, 24.71 W, 0 %, 0 MiB
2026/10/02 20:21:23.596, 1, 44, 1189 MHz, 32.52 W, 3 %, 13247 MiB
2026/10/02 20:21:23.599, 2, 42, 1189 MHz, 33.67 W, 1 %, 13247 MiB
2026/10/02 20:21:24.602, 0, 34, 405 MHz, 24.95 W, 0 %, 0 MiB
2026/10/02 20:21:24.606, 1, 44, 1189 MHz, 32.52 W, 2 %, 13247 MiB
2026/10/02 20:21:24.609, 2, 42, 1189 MHz, 33.19 W, 2 %, 13247 MiB
2026/10/02 20:21:25.612, 0, 34, 405 MHz, 24.95 W, 0 %, 0 MiB
2026/10/02 20:21:25.615, 1, 44, 1189 MHz, 32.75 W, 2 %, 13247 MiB
2026/10/02 20:21:25.618, 2, 42, 1189 MHz, 33.43 W, 0 %, 13247 MiB
2026/10/02 20:21:26.625, 0, 34, 405 MHz, 24.95 W, 0 %, 0 MiB
2026/10/02 20:21:26.628, 1, 44, 1189 MHz, 32.52 W, 2 %, 13247 MiB
2026/10/02 20:21:26.633, 2, 42, 1189 MHz, 33.43 W, 2 %, 13247 MiB
2026/10/02 20:21:27.636, 0, 34, 405 MHz, 24.95 W, 0 %, 0 MiB
2026/10/02 20:21:27.643, 1, 44, 1189 MHz, 32.28 W, 2 %, 13247 MiB
2026/10/02 20:21:27.647, 2, 42, 1189 MHz, 33.43 W, 0 %, 13247 MiB
2026/10/02 20:21:28.650, 0, 34, 405 MHz, 24.95 W, 0 %, 0 MiB
2026/10/02 20:21:28.653, 1, 44, 1189 MHz, 32.04 W, 1 %, 13247 MiB
2026/10/02 20:21:28.656, 2, 42, 1189 MHz, 33.43 W, 2 %, 13247 MiB
2026/10/02 20:21:29.659, 0, 34, 405 MHz, 24.95 W, 0 %, 0 MiB
2026/10/02 20:21:29.663, 1, 44, 1189 MHz, 32.04 W, 1 %, 13247 MiB
2026/10/02 20:21:29.666, 2, 42, 1189 MHz, 33.19 W, 6 %, 13247 MiB
2026/10/02 20:21:30.669, 0, 34, 405 MHz, 24.95 W, 0 %, 0 MiB
2026/10/02 20:21:30.672, 1, 44, 1189 MHz, 32.04 W, 1 %, 13247 MiB
2026/10/02 20:21:30.675, 2, 42, 1189 MHz, 33.41 W, 2 %, 13247 MiB
2026/10/02 20:21:31.679, 0, 34, 405 MHz, 24.95 W, 0 %, 0 MiB
2026/10/02 20:21:31.681, 1, 44, 1189 MHz, 32.04 W, 0 %, 13247 MiB
2026/10/02 20:21:31.684, 2, 42, 1189 MHz, 33.41 W, 0 %, 13247 MiB
2026/10/02 20:21:32.688, 0, 34, 405 MHz, 24.95 W, 0 %, 0 MiB
2026/10/02 20:21:32.691, 1, 44, 1189 MHz, 32.04 W, 0 %, 13247 MiB
2026/10/02 20:21:32.694, 2, 42, 1189 MHz, 33.43 W, 0 %, 13247 MiB
2026/10/02 20:21:33.697, 0, 34, 405 MHz, 24.95 W, 0 %, 0 MiB
2026/10/02 20:21:33.704, 1, 44, 1189 MHz, 32.04 W, 0 %, 13247 MiB
2026/10/02 20:21:33.710, 2, 42, 1189 MHz, 33.43 W, 0 %, 13247 MiB
2026/10/02 20:21:34.715, 0, 34, 405 MHz, 24.95 W, 0 %, 0 MiB
2026/10/02 20:21:34.719, 1, 44, 1189 MHz, 32.04 W, 0 %, 13247 MiB
2026/10/02 20:21:34.722, 2, 42, 1189 MHz, 33.43 W, 0 %, 13247 MiB
2026/10/02 20:21:35.725, 0, 34, 405 MHz, 24.71 W, 0 %, 0 MiB
2026/10/02 20:21:35.729, 1, 44, 1189 MHz, 32.04 W, 0 %, 13247 MiB
2026/10/02 20:21:35.732, 2, 42, 1189 MHz, 33.43 W, 0 %, 13247 MiB
2026/10/02 20:21:36.735, 0, 34, 405 MHz, 24.95 W, 0 %, 0 MiB
2026/10/02 20:21:36.739, 1, 44, 1189 MHz, 32.04 W, 0 %, 13247 MiB
2026/10/02 20:21:36.743, 2, 42, 1189 MHz, 33.19 W, 2 %, 13247 MiB
2026/10/02 20:21:37.746, 0, 34, 405 MHz, 24.95 W, 0 %, 0 MiB
2026/10/02 20:21:37.749, 1, 44, 1189 MHz, 32.28 W, 2 %, 13247 MiB
2026/10/02 20:21:37.752, 2, 42, 1189 MHz, 33.43 W, 2 %, 13247 MiB
2026/10/02 20:21:38.756, 0, 34, 405 MHz, 24.95 W, 0 %, 0 MiB
2026/10/02 20:21:38.759, 1, 44, 1189 MHz, 32.04 W, 1 %, 13247 MiB
2026/10/02 20:21:38.763, 2, 42, 1189 MHz, 33.43 W, 1 %, 13247 MiB
2026/10/02 20:21:39.767, 0, 34, 405 MHz, 24.95 W, 0 %, 0 MiB
2026/10/02 20:21:39.770, 1, 44, 1189 MHz, 32.04 W, 0 %, 13247 MiB
2026/10/02 20:21:39.773, 2, 42, 1189 MHz, 33.43 W, 0 %, 13247 MiB
2026/10/02 20:21:40.776, 0, 34, 405 MHz, 24.95 W, 0 %, 0 MiB
2026/10/02 20:21:40.780, 1, 44, 1189 MHz, 32.28 W, 0 %, 13247 MiB
2026/10/02 20:21:40.783, 2, 42, 1189 MHz, 33.43 W, 1 %, 13247 MiB
2026/10/02 20:21:41.786, 0, 34, 405 MHz, 24.95 W, 0 %, 0 MiB
2026/10/02 20:21:41.789, 1, 44, 1189 MHz, 32.04 W, 0 %, 13247 MiB
2026/10/02 20:21:41.792, 2, 42, 1189 MHz, 33.43 W, 0 %, 13247 MiB
2026/10/02 20:21:42.796, 0, 34, 405 MHz, 24.71 W, 0 %, 0 MiB
2026/10/02 20:21:42.799, 1, 44, 1189 MHz, 32.52 W, 0 %, 13247 MiB
2026/10/02 20:21:42.802, 2, 42, 1189 MHz, 33.19 W, 0 %, 13247 MiB
2026/10/02 20:21:43.805, 0, 34, 405 MHz, 24.71 W, 0 %, 0 MiB
2026/10/02 20:21:43.809, 1, 44, 1189 MHz, 32.04 W, 0 %, 13247 MiB
2026/10/02 20:21:43.812, 2, 42, 1189 MHz, 33.43 W, 0 %, 13247 MiB
2026/10/02 20:21:44.816, 0, 34, 405 MHz, 24.71 W, 0 %, 0 MiB
2026/10/02 20:21:44.819, 1, 44, 1189 MHz, 32.04 W, 0 %, 13247 MiB
2026/10/02 20:21:44.822, 2, 42, 1189 MHz, 33.43 W, 0 %, 13247 MiB
2026/10/02 20:21:45.829, 0, 34, 405 MHz, 24.95 W, 0 %, 0 MiB
2026/10/02 20:21:45.832, 1, 44, 1189 MHz, 32.04 W, 2 %, 13247 MiB
2026/10/02 20:21:45.835, 2, 42, 1189 MHz, 33.43 W, 1 %, 13247 MiB
2026/10/02 20:21:46.838, 0, 34, 405 MHz, 24.71 W, 0 %, 0 MiB
2026/10/02 20:21:46.845, 1, 44, 1189 MHz, 32.04 W, 2 %, 13247 MiB
2026/10/02 20:21:46.850, 2, 42, 1189 MHz, 33.67 W, 3 %, 13247 MiB
2026/10/02 20:21:47.854, 0, 34, 405 MHz, 24.71 W, 0 %, 0 MiB
2026/10/02 20:21:47.857, 1, 44, 1189 MHz, 32.04 W, 3 %, 13247 MiB
2026/10/02 20:21:47.860, 2, 42, 1189 MHz, 33.43 W, 0 %, 13247 MiB
2026/10/02 20:21:48.867, 0, 34, 405 MHz, 24.95 W, 0 %, 0 MiB
2026/10/02 20:21:48.870, 1, 44, 1189 MHz, 32.04 W, 2 %, 13247 MiB
2026/10/02 20:21:48.874, 2, 42, 1189 MHz, 33.43 W, 2 %, 13247 MiB
2026/10/02 20:21:49.877, 0, 34, 405 MHz, 24.95 W, 0 %, 0 MiB
2026/10/02 20:21:49.882, 1, 44, 1189 MHz, 32.28 W, 0 %, 13247 MiB
2026/10/02 20:21:49.885, 2, 42, 1189 MHz, 33.19 W, 4 %, 13247 MiB
2026/10/02 20:21:50.889, 0, 34, 405 MHz, 24.95 W, 0 %, 0 MiB
2026/10/02 20:21:50.892, 1, 44, 1189 MHz, 32.28 W, 5 %, 13247 MiB
2026/10/02 20:21:50.895, 2, 42, 1189 MHz, 33.65 W, 1 %, 13247 MiB
2026/10/02 20:21:51.900, 0, 34, 405 MHz, 24.95 W, 0 %, 0 MiB
2026/10/02 20:21:51.904, 1, 44, 1189 MHz, 32.52 W, 0 %, 13247 MiB
2026/10/02 20:21:51.908, 2, 42, 1189 MHz, 33.43 W, 0 %, 13247 MiB
2026/10/02 20:21:52.911, 0, 34, 405 MHz, 24.95 W, 0 %, 0 MiB
2026/10/02 20:21:52.915, 1, 44, 1189 MHz, 32.28 W, 0 %, 13247 MiB
2026/10/02 20:21:52.918, 2, 42, 1189 MHz, 33.43 W, 0 %, 13247 MiB
2026/10/02 20:21:53.921, 0, 34, 405 MHz, 24.95 W, 0 %, 0 MiB
2026/10/02 20:21:53.924, 1, 44, 1189 MHz, 32.52 W, 0 %, 13247 MiB
2026/10/02 20:21:53.928, 2, 42, 1189 MHz, 33.19 W, 0 %, 13247 MiB
2026/10/02 20:21:54.931, 0, 34, 405 MHz, 24.71 W, 0 %, 0 MiB
2026/10/02 20:21:54.934, 1, 44, 1189 MHz, 32.28 W, 0 %, 13247 MiB
2026/10/02 20:21:54.938, 2, 42, 1189 MHz, 33.19 W, 0 %, 13247 MiB
2026/10/02 20:21:55.941, 0, 34, 405 MHz, 24.73 W, 0 %, 0 MiB
2026/10/02 20:21:55.944, 1, 44, 1189 MHz, 32.52 W, 1 %, 13247 MiB
2026/10/02 20:21:55.947, 2, 42, 1189 MHz, 33.43 W, 1 %, 13247 MiB
2026/10/02 20:21:56.950, 0, 34, 405 MHz, 24.95 W, 0 %, 0 MiB
2026/10/02 20:21:56.954, 1, 44, 1189 MHz, 32.52 W, 1 %, 13247 MiB
2026/10/02 20:21:56.957, 2, 42, 1189 MHz, 33.43 W, 0 %, 13247 MiB
2026/10/02 20:21:57.960, 0, 34, 405 MHz, 24.95 W, 0 %, 0 MiB
2026/10/02 20:21:57.965, 1, 44, 1189 MHz, 32.52 W, 2 %, 13247 MiB
2026/10/02 20:21:57.968, 2, 42, 1189 MHz, 33.43 W, 2 %, 13247 MiB
2026/10/02 20:21:58.971, 0, 34, 405 MHz, 24.95 W, 0 %, 0 MiB
2026/10/02 20:21:58.975, 1, 44, 1189 MHz, 32.52 W, 0 %, 13247 MiB
2026/10/02 20:21:58.979, 2, 42, 1189 MHz, 33.43 W, 2 %, 13247 MiB
2026/10/02 20:21:59.982, 0, 34, 405 MHz, 24.95 W, 0 %, 0 MiB
2026/10/02 20:21:59.985, 1, 44, 1189 MHz, 32.28 W, 0 %, 13247 MiB
2026/10/02 20:21:59.988, 2, 42, 1189 MHz, 33.43 W, 0 %, 13247 MiB
2026/10/02 20:22:00.991, 0, 34, 405 MHz, 24.95 W, 0 %, 0 MiB
2026/10/02 20:22:00.995, 1, 44, 1189 MHz, 32.28 W, 0 %, 13247 MiB
2026/10/02 20:22:00.998, 2, 42, 1189 MHz, 33.19 W, 0 %, 13247 MiB
2026/10/02 20:22:02.001, 0, 34, 405 MHz, 24.95 W, 0 %, 0 MiB
2026/10/02 20:22:02.004, 1, 44, 1189 MHz, 32.04 W, 0 %, 13247 MiB
2026/10/02 20:22:02.010, 2, 42, 1189 MHz, 33.41 W, 0 %, 13247 MiB
2026/10/02 20:22:03.014, 0, 34, 405 MHz, 24.95 W, 0 %, 0 MiB
2026/10/02 20:22:03.018, 1, 44, 1189 MHz, 32.51 W, 3 %, 13247 MiB
2026/10/02 20:22:03.021, 2, 42, 1189 MHz, 33.41 W, 0 %, 13247 MiB
2026/10/02 20:22:04.024, 0, 34, 405 MHz, 24.95 W, 0 %, 0 MiB
2026/10/02 20:22:04.027, 1, 44, 1189 MHz, 32.28 W, 0 %, 13247 MiB
2026/10/02 20:22:04.030, 2, 42, 1189 MHz, 33.43 W, 0 %, 13247 MiB
2026/10/02 20:22:05.034, 0, 34, 405 MHz, 24.95 W, 0 %, 0 MiB
2026/10/02 20:22:05.037, 1, 44, 1189 MHz, 32.52 W, 2 %, 13247 MiB
2026/10/02 20:22:05.040, 2, 42, 1189 MHz, 33.43 W, 1 %, 13247 MiB
2026/10/02 20:22:06.044, 0, 34, 405 MHz, 24.95 W, 0 %, 0 MiB
2026/10/02 20:22:06.047, 1, 44, 1189 MHz, 32.04 W, 4 %, 13247 MiB
2026/10/02 20:22:06.050, 2, 42, 1189 MHz, 33.43 W, 5 %, 13247 MiB
2026/10/02 20:22:07.053, 0, 34, 405 MHz, 24.95 W, 0 %, 0 MiB
2026/10/02 20:22:07.056, 1, 44, 1189 MHz, 32.06 W, 4 %, 13247 MiB
2026/10/02 20:22:07.060, 2, 42, 1189 MHz, 33.43 W, 0 %, 13247 MiB
2026/10/02 20:22:08.063, 0, 34, 405 MHz, 24.71 W, 0 %, 0 MiB
2026/10/02 20:22:08.066, 1, 44, 1189 MHz, 32.04 W, 2 %, 13247 MiB
2026/10/02 20:22:08.069, 2, 42, 1189 MHz, 33.19 W, 2 %, 13247 MiB
2026/10/02 20:22:09.073, 0, 34, 405 MHz, 24.71 W, 0 %, 0 MiB
2026/10/02 20:22:09.076, 1, 44, 1189 MHz, 32.04 W, 2 %, 13247 MiB
2026/10/02 20:22:09.079, 2, 42, 1189 MHz, 33.43 W, 3 %, 13247 MiB
2026/10/02 20:22:10.083, 0, 34, 405 MHz, 24.95 W, 0 %, 0 MiB
2026/10/02 20:22:10.086, 1, 44, 1189 MHz, 32.04 W, 2 %, 13247 MiB
2026/10/02 20:22:10.089, 2, 42, 1189 MHz, 33.19 W, 0 %, 13247 MiB
2026/10/02 20:22:11.092, 0, 34, 405 MHz, 24.71 W, 0 %, 0 MiB
2026/10/02 20:22:11.101, 1, 44, 1189 MHz, 32.04 W, 1 %, 13247 MiB
2026/10/02 20:22:11.107, 2, 42, 1189 MHz, 33.43 W, 1 %, 13247 MiB
2026/10/02 20:22:12.110, 0, 34, 405 MHz, 24.95 W, 0 %, 0 MiB
2026/10/02 20:22:12.113, 1, 44, 1189 MHz, 32.04 W, 0 %, 13247 MiB
2026/10/02 20:22:12.116, 2, 42, 1189 MHz, 33.43 W, 0 %, 13247 MiB
2026/10/02 20:22:13.119, 0, 34, 405 MHz, 24.71 W, 0 %, 0 MiB
2026/10/02 20:22:13.123, 1, 44, 1189 MHz, 32.28 W, 0 %, 13247 MiB
2026/10/02 20:22:13.126, 2, 42, 1189 MHz, 33.43 W, 0 %, 13247 MiB
2026/10/02 20:22:14.130, 0, 34, 405 MHz, 24.95 W, 0 %, 0 MiB
2026/10/02 20:22:14.139, 1, 44, 1189 MHz, 32.52 W, 3 %, 13247 MiB
2026/10/02 20:22:14.145, 2, 42, 1189 MHz, 33.41 W, 0 %, 13247 MiB
2026/10/02 20:22:15.149, 0, 34, 405 MHz, 24.95 W, 0 %, 0 MiB
2026/10/02 20:22:15.152, 1, 44, 1189 MHz, 32.52 W, 0 %, 13247 MiB
2026/10/02 20:22:15.155, 2, 42, 1189 MHz, 33.43 W, 0 %, 13247 MiB
2026/10/02 20:22:16.158, 0, 34, 405 MHz, 24.95 W, 0 %, 0 MiB
2026/10/02 20:22:16.162, 1, 44, 1189 MHz, 32.28 W, 0 %, 13247 MiB
2026/10/02 20:22:16.165, 2, 42, 1189 MHz, 33.43 W, 0 %, 13247 MiB
2026/10/02 20:22:17.168, 0, 34, 405 MHz, 24.71 W, 0 %, 0 MiB
2026/10/02 20:22:17.172, 1, 44, 1189 MHz, 32.28 W, 0 %, 13247 MiB
2026/10/02 20:22:17.175, 2, 42, 1189 MHz, 33.43 W, 0 %, 13247 MiB
2026/10/02 20:22:18.181, 0, 34, 405 MHz, 24.95 W, 0 %, 0 MiB
2026/10/02 20:22:18.185, 1, 44, 1189 MHz, 32.52 W, 0 %, 13247 MiB
2026/10/02 20:22:18.188, 2, 42, 1189 MHz, 33.43 W, 0 %, 13247 MiB
2026/10/02 20:22:19.191, 0, 34, 405 MHz, 24.71 W, 0 %, 0 MiB
2026/10/02 20:22:19.194, 1, 44, 1189 MHz, 32.28 W, 0 %, 13247 MiB
2026/10/02 20:22:19.198, 2, 42, 1189 MHz, 33.43 W, 0 %, 13247 MiB
2026/10/02 20:22:20.201, 0, 34, 405 MHz, 24.95 W, 0 %, 0 MiB
2026/10/02 20:22:20.204, 1, 44, 1189 MHz, 32.28 W, 3 %, 13247 MiB
2026/10/02 20:22:20.208, 2, 42, 1189 MHz, 33.43 W, 2 %, 13247 MiB
2026/10/02 20:22:21.211, 0, 34, 405 MHz, 24.95 W, 0 %, 0 MiB
2026/10/02 20:22:21.214, 1, 44, 1189 MHz, 32.28 W, 0 %, 13247 MiB
2026/10/02 20:22:21.217, 2, 42, 1189 MHz, 33.19 W, 0 %, 13247 MiB
2026/10/02 20:22:22.220, 0, 34, 405 MHz, 24.95 W, 0 %, 0 MiB
2026/10/02 20:22:22.224, 1, 44, 1189 MHz, 32.30 W, 2 %, 13247 MiB
2026/10/02 20:22:22.227, 2, 42, 1189 MHz, 33.19 W, 6 %, 13247 MiB
2026/10/02 20:22:23.230, 0, 34, 405 MHz, 24.95 W, 0 %, 0 MiB
2026/10/02 20:22:23.233, 1, 44, 1189 MHz, 32.04 W, 3 %, 13247 MiB
2026/10/02 20:22:23.236, 2, 42, 1189 MHz, 33.43 W, 0 %, 13247 MiB
2026/10/02 20:22:24.240, 0, 34, 405 MHz, 24.95 W, 0 %, 0 MiB
2026/10/02 20:22:24.243, 1, 44, 1189 MHz, 32.28 W, 3 %, 13247 MiB
2026/10/02 20:22:24.246, 2, 42, 1189 MHz, 33.43 W, 2 %, 13247 MiB
2026/10/02 20:22:25.249, 0, 34, 405 MHz, 24.95 W, 0 %, 0 MiB
2026/10/02 20:22:25.253, 1, 44, 1189 MHz, 32.52 W, 5 %, 13247 MiB
2026/10/02 20:22:25.256, 2, 42, 1189 MHz, 33.43 W, 6 %, 13247 MiB
2026/10/02 20:22:26.259, 0, 34, 405 MHz, 24.95 W, 0 %, 0 MiB
2026/10/02 20:22:26.263, 1, 44, 1189 MHz, 32.06 W, 2 %, 13247 MiB
2026/10/02 20:22:26.266, 2, 42, 1189 MHz, 33.19 W, 4 %, 13247 MiB
2026/10/02 20:22:27.269, 0, 34, 405 MHz, 24.71 W, 0 %, 0 MiB
2026/10/02 20:22:27.272, 1, 44, 1189 MHz, 32.75 W, 3 %, 13247 MiB
2026/10/02 20:22:27.275, 2, 42, 1189 MHz, 33.67 W, 3 %, 13247 MiB
2026/10/02 20:22:28.279, 0, 34, 405 MHz, 24.95 W, 0 %, 0 MiB
2026/10/02 20:22:28.282, 1, 44, 1189 MHz, 32.06 W, 6 %, 13247 MiB
2026/10/02 20:22:28.285, 2, 42, 1189 MHz, 33.67 W, 5 %, 13247 MiB
2026/10/02 20:22:29.288, 0, 34, 405 MHz, 24.95 W, 0 %, 0 MiB
2026/10/02 20:22:29.292, 1, 44, 1189 MHz, 32.04 W, 0 %, 13247 MiB
2026/10/02 20:22:29.295, 2, 42, 1189 MHz, 33.43 W, 0 %, 13247 MiB
2026/10/02 20:22:30.298, 0, 34, 405 MHz, 24.95 W, 0 %, 0 MiB
2026/10/02 20:22:30.301, 1, 44, 1189 MHz, 32.04 W, 0 %, 13247 MiB
2026/10/02 20:22:30.304, 2, 42, 1189 MHz, 33.43 W, 0 %, 13247 MiB
2026/10/02 20:22:31.307, 0, 34, 405 MHz, 24.95 W, 0 %, 0 MiB
2026/10/02 20:22:31.311, 1, 44, 1189 MHz, 32.04 W, 0 %, 13247 MiB
2026/10/02 20:22:31.314, 2, 42, 1189 MHz, 33.43 W, 1 %, 13247 MiB
2026/10/02 20:22:32.317, 0, 34, 405 MHz, 24.95 W, 0 %, 0 MiB
2026/10/02 20:22:32.320, 1, 44, 1189 MHz, 32.06 W, 3 %, 13247 MiB
2026/10/02 20:22:32.323, 2, 42, 1189 MHz, 33.19 W, 0 %, 13247 MiB
2026/10/02 20:22:33.327, 0, 34, 405 MHz, 24.95 W, 0 %, 0 MiB
2026/10/02 20:22:33.330, 1, 44, 1189 MHz, 32.04 W, 0 %, 13247 MiB
2026/10/02 20:22:33.333, 2, 42, 1189 MHz, 33.19 W, 1 %, 13247 MiB
2026/10/02 20:22:34.338, 0, 34, 405 MHz, 24.95 W, 0 %, 0 MiB
2026/10/02 20:22:34.341, 1, 44, 1189 MHz, 32.04 W, 1 %, 13247 MiB
2026/10/02 20:22:34.345, 2, 42, 1189 MHz, 33.19 W, 0 %, 13247 MiB
2026/10/02 20:22:35.352, 0, 34, 405 MHz, 24.95 W, 0 %, 0 MiB
2026/10/02 20:22:35.356, 1, 44, 1189 MHz, 32.04 W, 0 %, 13247 MiB
2026/10/02 20:22:35.359, 2, 42, 1189 MHz, 33.43 W, 0 %, 13247 MiB
2026/10/02 20:22:36.363, 0, 34, 405 MHz, 24.95 W, 0 %, 0 MiB
2026/10/02 20:22:36.366, 1, 44, 1189 MHz, 32.04 W, 1 %, 13247 MiB
2026/10/02 20:22:36.369, 2, 42, 1189 MHz, 33.43 W, 0 %, 13247 MiB
2026/10/02 20:22:37.372, 0, 34, 405 MHz, 24.95 W, 0 %, 0 MiB
2026/10/02 20:22:37.375, 1, 44, 1189 MHz, 32.04 W, 0 %, 13247 MiB
2026/10/02 20:22:37.379, 2, 42, 1189 MHz, 33.43 W, 0 %, 13247 MiB
2026/10/02 20:22:38.382, 0, 34, 405 MHz, 24.95 W, 0 %, 0 MiB
2026/10/02 20:22:38.386, 1, 44, 1189 MHz, 32.06 W, 1 %, 13247 MiB
2026/10/02 20:22:38.389, 2, 42, 1189 MHz, 33.43 W, 1 %, 13247 MiB
2026/10/02 20:22:39.392, 0, 34, 405 MHz, 24.96 W, 0 %, 0 MiB
2026/10/02 20:22:39.396, 1, 44, 1189 MHz, 32.04 W, 0 %, 13247 MiB
2026/10/02 20:22:39.399, 2, 42, 1189 MHz, 33.43 W, 0 %, 13247 MiB
2026/10/02 20:22:40.404, 0, 34, 405 MHz, 24.95 W, 0 %, 0 MiB
2026/10/02 20:22:40.407, 1, 44, 1189 MHz, 32.04 W, 2 %, 13247 MiB
2026/10/02 20:22:40.411, 2, 42, 1189 MHz, 33.43 W, 0 %, 13247 MiB
2026/10/02 20:22:41.414, 0, 34, 405 MHz, 24.95 W, 0 %, 0 MiB
2026/10/02 20:22:41.422, 1, 44, 1189 MHz, 32.04 W, 0 %, 13247 MiB
2026/10/02 20:22:41.425, 2, 42, 1189 MHz, 33.19 W, 5 %, 13247 MiB
2026/10/02 20:22:42.428, 0, 34, 405 MHz, 24.95 W, 0 %, 0 MiB
2026/10/02 20:22:42.431, 1, 44, 1189 MHz, 32.04 W, 0 %, 13361 MiB
2026/10/02 20:22:42.436, 2, 42, 1189 MHz, 33.19 W, 0 %, 13361 MiB
2026/10/02 20:22:43.442, 0, 34, 405 MHz, 24.95 W, 0 %, 0 MiB
2026/10/02 20:22:43.446, 1, 44, 1189 MHz, 32.04 W, 13 %, 13361 MiB
2026/10/02 20:22:43.450, 2, 42, 1189 MHz, 33.19 W, 14 %, 13361 MiB
2026/10/02 20:22:44.453, 0, 34, 405 MHz, 24.95 W, 0 %, 0 MiB
2026/10/02 20:22:44.460, 1, 44, 1189 MHz, 32.04 W, 0 %, 15623 MiB
2026/10/02 20:22:44.463, 2, 42, 1189 MHz, 33.19 W, 0 %, 15623 MiB
2026/10/02 20:22:45.466, 0, 34, 405 MHz, 24.95 W, 0 %, 0 MiB
2026/10/02 20:22:45.470, 1, 44, 1189 MHz, 32.04 W, 0 %, 15623 MiB
2026/10/02 20:22:45.475, 2, 42, 1189 MHz, 33.19 W, 0 %, 15623 MiB
2026/10/02 20:22:46.480, 0, 34, 405 MHz, 24.95 W, 0 %, 0 MiB
2026/10/02 20:22:46.484, 1, 44, 1189 MHz, 32.04 W, 0 %, 15623 MiB
2026/10/02 20:22:46.487, 2, 42, 1189 MHz, 33.19 W, 0 %, 15623 MiB
2026/10/02 20:22:47.490, 0, 34, 405 MHz, 24.95 W, 0 %, 0 MiB
2026/10/02 20:22:47.505, 1, 44, 1189 MHz, 32.28 W, 0 %, 15623 MiB
2026/10/02 20:22:47.508, 2, 42, 1189 MHz, 33.19 W, 0 %, 15623 MiB
2026/10/02 20:22:48.512, 0, 34, 405 MHz, 24.95 W, 0 %, 0 MiB
2026/10/02 20:22:48.520, 1, 44, 1189 MHz, 32.28 W, 0 %, 15623 MiB
2026/10/02 20:22:48.523, 2, 42, 1189 MHz, 33.19 W, 0 %, 15623 MiB
2026/10/02 20:22:49.527, 0, 34, 405 MHz, 24.66 W, 0 %, 0 MiB
2026/10/02 20:22:49.530, 1, 46, 1139 MHz, 108.29 W, 52 %, 15861 MiB
2026/10/02 20:22:49.541, 2, 44, 1139 MHz, 101.43 W, 97 %, 15861 MiB
2026/10/02 20:22:50.545, 0, 34, 405 MHz, 24.67 W, 0 %, 0 MiB
2026/10/02 20:22:50.548, 1, 47, 1113 MHz, 125.93 W, 100 %, 15861 MiB
2026/10/02 20:22:50.551, 2, 46, 1113 MHz, 114.20 W, 99 %, 15861 MiB
2026/10/02 20:22:51.554, 0, 34, 405 MHz, 24.66 W, 0 %, 0 MiB
2026/10/02 20:22:51.565, 1, 48, 1189 MHz, 124.84 W, 100 %, 15861 MiB
2026/10/02 20:22:51.568, 2, 46, 1189 MHz, 127.50 W, 98 %, 15861 MiB
2026/10/02 20:22:52.571, 0, 34, 405 MHz, 24.67 W, 0 %, 0 MiB
2026/10/02 20:22:52.584, 1, 49, 1113 MHz, 116.76 W, 100 %, 15861 MiB
2026/10/02 20:22:52.587, 2, 47, 1126 MHz, 117.86 W, 99 %, 15861 MiB
2026/10/02 20:22:53.590, 0, 34, 405 MHz, 24.91 W, 0 %, 0 MiB
2026/10/02 20:22:53.598, 1, 49, 1113 MHz, 133.18 W, 100 %, 15861 MiB
2026/10/02 20:22:53.608, 2, 47, 1113 MHz, 113.00 W, 98 %, 15861 MiB
2026/10/02 20:22:54.611, 0, 34, 405 MHz, 24.67 W, 0 %, 0 MiB
2026/10/02 20:22:54.623, 1, 49, 1189 MHz, 121.80 W, 100 %, 15861 MiB
2026/10/02 20:22:54.626, 2, 47, 1177 MHz, 119.33 W, 99 %, 15861 MiB
2026/10/02 20:22:55.630, 0, 34, 405 MHz, 24.91 W, 0 %, 0 MiB
2026/10/02 20:22:55.636, 1, 50, 1101 MHz, 112.43 W, 100 %, 15861 MiB
2026/10/02 20:22:55.645, 2, 48, 1139 MHz, 117.96 W, 99 %, 15861 MiB
2026/10/02 20:22:56.649, 0, 34, 405 MHz, 24.67 W, 0 %, 0 MiB
2026/10/02 20:22:56.654, 1, 50, 1139 MHz, 129.90 W, 100 %, 15861 MiB
2026/10/02 20:22:56.667, 2, 48, 1113 MHz, 113.30 W, 99 %, 15861 MiB
2026/10/02 20:22:57.670, 0, 34, 405 MHz, 24.71 W, 0 %, 0 MiB
2026/10/02 20:22:57.674, 1, 50, 1101 MHz, 102.98 W, 100 %, 15861 MiB
2026/10/02 20:22:57.685, 2, 48, 1177 MHz, 119.74 W, 99 %, 15861 MiB
2026/10/02 20:22:58.688, 0, 34, 405 MHz, 24.69 W, 0 %, 0 MiB
2026/10/02 20:22:58.694, 1, 50, 1101 MHz, 112.98 W, 100 %, 15861 MiB
2026/10/02 20:22:58.707, 2, 49, 1113 MHz, 115.69 W, 98 %, 15861 MiB
2026/10/02 20:22:59.710, 0, 34, 405 MHz, 24.67 W, 0 %, 0 MiB
2026/10/02 20:22:59.714, 1, 51, 1113 MHz, 120.03 W, 100 %, 16057 MiB
2026/10/02 20:22:59.717, 2, 49, 1113 MHz, 110.38 W, 99 %, 16057 MiB
2026/10/02 20:23:00.721, 0, 34, 405 MHz, 24.91 W, 0 %, 0 MiB
2026/10/02 20:23:00.736, 1, 51, 1126 MHz, 117.29 W, 99 %, 16057 MiB
2026/10/02 20:23:00.750, 2, 49, 1126 MHz, 114.71 W, 98 %, 16057 MiB
2026/10/02 20:23:01.755, 0, 34, 405 MHz, 24.67 W, 0 %, 0 MiB
2026/10/02 20:23:01.758, 1, 51, 1139 MHz, 127.11 W, 99 %, 16057 MiB
2026/10/02 20:23:01.772, 2, 49, 1139 MHz, 128.43 W, 99 %, 16057 MiB
2026/10/02 20:23:02.778, 0, 34, 405 MHz, 24.67 W, 0 %, 0 MiB
2026/10/02 20:23:02.799, 1, 51, 1139 MHz, 118.37 W, 100 %, 16057 MiB
2026/10/02 20:23:02.812, 2, 50, 1126 MHz, 119.51 W, 99 %, 16057 MiB
2026/10/02 20:23:03.817, 0, 34, 405 MHz, 24.67 W, 0 %, 0 MiB
2026/10/02 20:23:03.824, 1, 52, 1101 MHz, 117.27 W, 93 %, 16057 MiB
2026/10/02 20:23:03.837, 2, 50, 1113 MHz, 114.54 W, 93 %, 16057 MiB
2026/10/02 20:23:04.842, 0, 34, 405 MHz, 24.67 W, 0 %, 0 MiB
2026/10/02 20:23:04.845, 1, 52, 1088 MHz, 96.54 W, 100 %, 16057 MiB
2026/10/02 20:23:04.857, 2, 50, 1101 MHz, 111.33 W, 99 %, 16057 MiB
2026/10/02 20:23:05.862, 0, 33, 405 MHz, 24.66 W, 0 %, 0 MiB
2026/10/02 20:23:05.865, 1, 52, 1126 MHz, 127.70 W, 100 %, 16057 MiB
2026/10/02 20:23:05.879, 2, 50, 1088 MHz, 109.21 W, 100 %, 16057 MiB
2026/10/02 20:23:06.884, 0, 34, 405 MHz, 24.67 W, 0 %, 0 MiB
2026/10/02 20:23:06.887, 1, 53, 1088 MHz, 118.16 W, 100 %, 16057 MiB
2026/10/02 20:23:06.899, 2, 51, 1113 MHz, 103.07 W, 99 %, 16057 MiB
2026/10/02 20:23:07.904, 0, 33, 405 MHz, 24.67 W, 0 %, 0 MiB
2026/10/02 20:23:07.907, 1, 52, 1126 MHz, 122.60 W, 100 %, 16057 MiB
2026/10/02 20:23:07.918, 2, 51, 1139 MHz, 125.94 W, 99 %, 16057 MiB
2026/10/02 20:23:08.921, 0, 33, 405 MHz, 24.67 W, 0 %, 0 MiB
2026/10/02 20:23:08.925, 1, 53, 1151 MHz, 132.86 W, 100 %, 16057 MiB
2026/10/02 20:23:08.928, 2, 51, 1151 MHz, 132.14 W, 99 %, 16057 MiB
2026/10/02 20:23:09.938, 0, 33, 405 MHz, 24.67 W, 0 %, 0 MiB
2026/10/02 20:23:09.941, 1, 53, 1101 MHz, 129.91 W, 100 %, 16057 MiB
2026/10/02 20:23:09.945, 2, 51, 1139 MHz, 116.86 W, 99 %, 16057 MiB
2026/10/02 20:23:10.958, 0, 34, 405 MHz, 24.67 W, 0 %, 0 MiB
2026/10/02 20:23:10.961, 1, 53, 1075 MHz, 119.78 W, 100 %, 16057 MiB
2026/10/02 20:23:10.965, 2, 51, 1088 MHz, 118.25 W, 99 %, 16057 MiB
2026/10/02 20:23:11.979, 0, 33, 405 MHz, 24.67 W, 0 %, 0 MiB
2026/10/02 20:23:11.982, 1, 54, 1088 MHz, 117.35 W, 99 %, 16057 MiB
2026/10/02 20:23:11.985, 2, 52, 1113 MHz, 116.17 W, 99 %, 16057 MiB
2026/10/02 20:23:12.992, 0, 34, 405 MHz, 24.67 W, 0 %, 0 MiB
2026/10/02 20:23:12.996, 1, 54, 1113 MHz, 115.77 W, 100 %, 16057 MiB
2026/10/02 20:23:13.004, 2, 52, 1113 MHz, 96.90 W, 98 %, 16057 MiB
2026/10/02 20:23:14.012, 0, 33, 405 MHz, 24.67 W, 0 %, 0 MiB
2026/10/02 20:23:14.016, 1, 54, 1101 MHz, 116.81 W, 100 %, 16057 MiB
2026/10/02 20:23:14.021, 2, 52, 1126 MHz, 103.33 W, 98 %, 16057 MiB
2026/10/02 20:23:15.031, 0, 33, 405 MHz, 24.67 W, 0 %, 0 MiB
2026/10/02 20:23:15.036, 1, 54, 1101 MHz, 122.13 W, 99 %, 16057 MiB
2026/10/02 20:23:15.041, 2, 52, 1139 MHz, 125.10 W, 98 %, 16057 MiB
2026/10/02 20:23:16.054, 0, 33, 405 MHz, 24.67 W, 0 %, 0 MiB
2026/10/02 20:23:16.057, 1, 54, 1101 MHz, 114.41 W, 99 %, 16057 MiB
2026/10/02 20:23:16.065, 2, 52, 1113 MHz, 116.63 W, 99 %, 16057 MiB
2026/10/02 20:23:17.072, 0, 33, 405 MHz, 24.67 W, 0 %, 0 MiB
2026/10/02 20:23:17.075, 1, 54, 1139 MHz, 130.35 W, 99 %, 16057 MiB
2026/10/02 20:23:17.083, 2, 53, 1126 MHz, 115.09 W, 99 %, 16057 MiB
2026/10/02 20:23:18.094, 0, 33, 405 MHz, 24.67 W, 0 %, 0 MiB
2026/10/02 20:23:18.098, 1, 55, 1101 MHz, 130.14 W, 99 %, 16057 MiB
2026/10/02 20:23:18.105, 2, 53, 1113 MHz, 117.80 W, 99 %, 16057 MiB
2026/10/02 20:23:19.116, 0, 34, 405 MHz, 24.67 W, 0 %, 0 MiB
2026/10/02 20:23:19.119, 1, 55, 1151 MHz, 132.24 W, 99 %, 16057 MiB
2026/10/02 20:23:19.127, 2, 53, 1126 MHz, 127.57 W, 99 %, 16057 MiB
2026/10/02 20:23:20.140, 0, 33, 405 MHz, 24.67 W, 0 %, 0 MiB
2026/10/02 20:23:20.143, 1, 55, 1088 MHz, 116.18 W, 99 %, 16057 MiB
2026/10/02 20:23:20.148, 2, 53, 1101 MHz, 97.89 W, 99 %, 16057 MiB
2026/10/02 20:23:21.159, 0, 33, 405 MHz, 24.71 W, 0 %, 0 MiB
2026/10/02 20:23:21.162, 1, 55, 1075 MHz, 116.65 W, 99 %, 16057 MiB
2026/10/02 20:23:21.169, 2, 53, 1088 MHz, 110.65 W, 99 %, 16057 MiB
2026/10/02 20:23:22.180, 0, 33, 405 MHz, 24.67 W, 0 %, 0 MiB
2026/10/02 20:23:22.183, 1, 55, 1088 MHz, 129.21 W, 99 %, 16057 MiB
2026/10/02 20:23:22.193, 2, 53, 1126 MHz, 125.89 W, 99 %, 16057 MiB
2026/10/02 20:23:23.200, 0, 33, 405 MHz, 24.67 W, 0 %, 0 MiB
2026/10/02 20:23:23.203, 1, 56, 1126 MHz, 126.93 W, 100 %, 16057 MiB
2026/10/02 20:23:23.208, 2, 54, 1164 MHz, 132.52 W, 98 %, 16057 MiB
2026/10/02 20:23:24.221, 0, 33, 405 MHz, 24.67 W, 0 %, 0 MiB
2026/10/02 20:23:24.224, 1, 56, 1101 MHz, 118.00 W, 99 %, 16057 MiB
2026/10/02 20:23:24.229, 2, 54, 1088 MHz, 112.87 W, 99 %, 16057 MiB
2026/10/02 20:23:25.240, 0, 33, 405 MHz, 24.67 W, 0 %, 0 MiB
2026/10/02 20:23:25.244, 1, 56, 1101 MHz, 134.73 W, 100 %, 16057 MiB
2026/10/02 20:23:25.251, 2, 54, 1126 MHz, 128.27 W, 99 %, 16057 MiB
2026/10/02 20:23:26.262, 0, 33, 405 MHz, 24.67 W, 0 %, 0 MiB
2026/10/02 20:23:26.265, 1, 56, 1088 MHz, 120.49 W, 99 %, 16057 MiB
2026/10/02 20:23:26.270, 2, 54, 1088 MHz, 116.41 W, 99 %, 16057 MiB
2026/10/02 20:23:27.277, 0, 33, 405 MHz, 24.67 W, 0 %, 0 MiB
2026/10/02 20:23:27.280, 1, 56, 1101 MHz, 112.38 W, 99 %, 16057 MiB
2026/10/02 20:23:27.289, 2, 54, 1113 MHz, 123.24 W, 99 %, 16057 MiB
2026/10/02 20:23:28.299, 0, 33, 405 MHz, 24.69 W, 0 %, 0 MiB
2026/10/02 20:23:28.302, 1, 57, 1101 MHz, 118.15 W, 99 %, 16057 MiB
2026/10/02 20:23:28.310, 2, 54, 1088 MHz, 113.90 W, 99 %, 16057 MiB
2026/10/02 20:23:29.322, 0, 33, 405 MHz, 24.71 W, 0 %, 0 MiB
2026/10/02 20:23:29.325, 1, 56, 1126 MHz, 107.60 W, 99 %, 16057 MiB
2026/10/02 20:23:29.332, 2, 55, 1113 MHz, 113.82 W, 99 %, 16057 MiB
2026/10/02 20:23:30.341, 0, 33, 405 MHz, 24.67 W, 0 %, 0 MiB
2026/10/02 20:23:30.344, 1, 57, 1151 MHz, 132.24 W, 99 %, 16057 MiB
2026/10/02 20:23:30.360, 2, 55, 1088 MHz, 115.99 W, 100 %, 16057 MiB
2026/10/02 20:23:31.365, 0, 34, 405 MHz, 24.67 W, 0 %, 0 MiB
2026/10/02 20:23:31.372, 1, 57, 1101 MHz, 103.47 W, 99 %, 16057 MiB
2026/10/02 20:23:31.383, 2, 55, 1101 MHz, 97.36 W, 99 %, 16057 MiB
2026/10/02 20:23:32.387, 0, 33, 405 MHz, 24.67 W, 0 %, 0 MiB
2026/10/02 20:23:32.392, 1, 57, 1126 MHz, 129.41 W, 99 %, 16057 MiB
2026/10/02 20:23:32.402, 2, 55, 1126 MHz, 128.49 W, 100 %, 16057 MiB
2026/10/02 20:23:33.406, 0, 33, 405 MHz, 24.95 W, 0 %, 0 MiB
2026/10/02 20:23:33.413, 1, 57, 1101 MHz, 116.36 W, 99 %, 16057 MiB
2026/10/02 20:23:33.420, 2, 55, 1101 MHz, 114.83 W, 99 %, 16057 MiB
2026/10/02 20:23:34.424, 0, 33, 405 MHz, 24.95 W, 0 %, 0 MiB
2026/10/02 20:23:34.427, 1, 56, 1189 MHz, 36.05 W, 21 %, 16057 MiB
2026/10/02 20:23:34.433, 2, 54, 1189 MHz, 38.12 W, 33 %, 16057 MiB
2026/10/02 20:23:35.438, 0, 33, 405 MHz, 24.67 W, 0 %, 0 MiB
2026/10/02 20:23:35.443, 1, 57, 1113 MHz, 129.74 W, 100 %, 16057 MiB
2026/10/02 20:23:35.446, 2, 55, 1113 MHz, 130.30 W, 100 %, 16057 MiB
2026/10/02 20:23:36.450, 0, 33, 405 MHz, 24.67 W, 0 %, 0 MiB
2026/10/02 20:23:36.453, 1, 57, 1126 MHz, 128.04 W, 99 %, 16057 MiB
2026/10/02 20:23:36.464, 2, 55, 1088 MHz, 112.61 W, 99 %, 16057 MiB
2026/10/02 20:23:37.467, 0, 33, 405 MHz, 24.69 W, 0 %, 0 MiB
2026/10/02 20:23:37.471, 1, 58, 1101 MHz, 118.46 W, 100 %, 16057 MiB
2026/10/02 20:23:37.481, 2, 56, 1113 MHz, 112.99 W, 99 %, 16057 MiB
2026/10/02 20:23:38.484, 0, 33, 405 MHz, 24.69 W, 0 %, 0 MiB
2026/10/02 20:23:38.490, 1, 58, 1088 MHz, 114.78 W, 99 %, 16057 MiB
2026/10/02 20:23:38.501, 2, 56, 1101 MHz, 105.61 W, 99 %, 16057 MiB
2026/10/02 20:23:39.505, 0, 33, 405 MHz, 24.67 W, 0 %, 0 MiB
2026/10/02 20:23:39.509, 1, 58, 1126 MHz, 101.17 W, 99 %, 16057 MiB
2026/10/02 20:23:39.521, 2, 56, 1139 MHz, 114.05 W, 100 %, 16057 MiB
2026/10/02 20:23:40.524, 0, 33, 405 MHz, 24.66 W, 0 %, 0 MiB
2026/10/02 20:23:40.529, 1, 57, 1101 MHz, 105.93 W, 39 %, 16057 MiB
2026/10/02 20:23:40.541, 2, 55, 1113 MHz, 106.97 W, 32 %, 16057 MiB
2026/10/02 20:23:41.544, 0, 33, 405 MHz, 24.69 W, 0 %, 0 MiB
2026/10/02 20:23:41.550, 1, 58, 1101 MHz, 112.61 W, 100 %, 16057 MiB
2026/10/02 20:23:41.561, 2, 56, 1126 MHz, 120.91 W, 99 %, 16057 MiB
2026/10/02 20:23:42.565, 0, 33, 405 MHz, 24.66 W, 0 %, 0 MiB
2026/10/02 20:23:42.568, 1, 58, 1139 MHz, 122.50 W, 98 %, 16057 MiB
2026/10/02 20:23:42.571, 2, 56, 1164 MHz, 128.66 W, 99 %, 16057 MiB
2026/10/02 20:23:43.574, 0, 33, 405 MHz, 24.67 W, 0 %, 0 MiB
2026/10/02 20:23:43.578, 1, 58, 1126 MHz, 127.40 W, 99 %, 16057 MiB
2026/10/02 20:23:43.585, 2, 56, 1113 MHz, 127.34 W, 99 %, 16057 MiB
2026/10/02 20:23:44.590, 0, 33, 405 MHz, 24.67 W, 0 %, 0 MiB
2026/10/02 20:23:44.593, 1, 58, 1164 MHz, 137.67 W, 100 %, 16057 MiB
2026/10/02 20:23:44.606, 2, 56, 1088 MHz, 127.81 W, 99 %, 16057 MiB
2026/10/02 20:23:45.609, 0, 33, 405 MHz, 24.67 W, 0 %, 0 MiB
2026/10/02 20:23:45.612, 1, 59, 1113 MHz, 125.47 W, 100 %, 16057 MiB
2026/10/02 20:23:45.625, 2, 56, 1088 MHz, 117.49 W, 99 %, 16057 MiB
2026/10/02 20:23:46.630, 0, 33, 405 MHz, 24.67 W, 0 %, 0 MiB
2026/10/02 20:23:46.633, 1, 58, 1113 MHz, 110.10 W, 100 %, 16057 MiB
2026/10/02 20:23:46.643, 2, 56, 1113 MHz, 104.93 W, 99 %, 16057 MiB
2026/10/02 20:23:47.646, 0, 33, 405 MHz, 24.67 W, 0 %, 0 MiB
2026/10/02 20:23:47.658, 1, 59, 1113 MHz, 116.03 W, 99 %, 16057 MiB
2026/10/02 20:23:47.672, 2, 57, 1113 MHz, 122.45 W, 100 %, 16057 MiB
2026/10/02 20:23:48.675, 0, 33, 405 MHz, 24.67 W, 0 %, 0 MiB
2026/10/02 20:23:48.679, 1, 59, 1113 MHz, 127.17 W, 100 %, 16057 MiB
2026/10/02 20:23:48.693, 2, 57, 1113 MHz, 130.59 W, 100 %, 16057 MiB
2026/10/02 20:23:49.696, 0, 33, 405 MHz, 24.67 W, 0 %, 0 MiB
2026/10/02 20:23:49.699, 1, 59, 1164 MHz, 137.75 W, 100 %, 16057 MiB
2026/10/02 20:23:49.714, 2, 57, 1088 MHz, 125.25 W, 100 %, 16057 MiB
2026/10/02 20:23:50.717, 0, 33, 405 MHz, 24.67 W, 0 %, 0 MiB
2026/10/02 20:23:50.721, 1, 59, 1126 MHz, 130.84 W, 100 %, 16057 MiB
2026/10/02 20:23:50.733, 2, 57, 1088 MHz, 115.01 W, 99 %, 16057 MiB
2026/10/02 20:23:51.736, 0, 33, 405 MHz, 24.93 W, 0 %, 0 MiB
2026/10/02 20:23:51.739, 1, 57, 1328 MHz, 44.26 W, 94 %, 283 MiB
2026/10/02 20:23:51.745, 2, 55, 1328 MHz, 46.55 W, 87 %, 283 MiB
2026/10/02 20:23:52.749, 0, 33, 405 MHz, 24.67 W, 0 %, 0 MiB
2026/10/02 20:23:52.764, 1, 56, 1328 MHz, 41.42 W, 0 %, 0 MiB
2026/10/02 20:23:52.768, 2, 54, 1328 MHz, 43.51 W, 6 %, 0 MiB
