timestamp, index, temperature.gpu, clocks.current.sm [MHz], power.draw [W], utilization.gpu [%], memory.used [MiB]
2026/10/02 20:46:58.798, 0, 42, 405 MHz, 26.13 W, 0 %, 0 MiB
2026/10/02 20:46:58.801, 1, 50, 405 MHz, 27.55 W, 0 %, 0 MiB
2026/10/02 20:46:58.804, 2, 48, 405 MHz, 29.64 W, 0 %, 0 MiB
2026/10/02 20:46:59.807, 0, 42, 405 MHz, 26.13 W, 0 %, 0 MiB
2026/10/02 20:46:59.811, 1, 50, 405 MHz, 27.32 W, 0 %, 0 MiB
2026/10/02 20:46:59.814, 2, 48, 405 MHz, 29.66 W, 0 %, 0 MiB
2026/10/02 20:47:00.817, 0, 42, 405 MHz, 26.13 W, 0 %, 0 MiB
2026/10/02 20:47:00.820, 1, 50, 405 MHz, 27.33 W, 0 %, 0 MiB
2026/10/02 20:47:00.823, 2, 48, 405 MHz, 29.66 W, 0 %, 0 MiB
2026/10/02 20:47:01.826, 0, 42, 1189 MHz, 32.05 W, 0 %, 259 MiB
2026/10/02 20:47:01.830, 1, 50, 1189 MHz, 33.47 W, 0 %, 259 MiB
2026/10/02 20:47:01.833, 2, 48, 1189 MHz, 35.33 W, 2 %, 259 MiB
2026/10/02 20:47:02.836, 0, 42, 1189 MHz, 32.05 W, 0 %, 259 MiB
2026/10/02 20:47:02.840, 1, 50, 1189 MHz, 33.46 W, 0 %, 259 MiB
2026/10/02 20:47:02.843, 2, 48, 1189 MHz, 35.30 W, 0 %, 259 MiB
2026/10/02 20:47:03.846, 0, 42, 1189 MHz, 32.05 W, 0 %, 259 MiB
2026/10/02 20:47:03.849, 1, 50, 1189 MHz, 33.94 W, 0 %, 259 MiB
2026/10/02 20:47:03.852, 2, 48, 1189 MHz, 35.33 W, 0 %, 259 MiB
2026/10/02 20:47:04.855, 0, 42, 1189 MHz, 32.05 W, 0 %, 259 MiB
2026/10/02 20:47:04.858, 1, 50, 1189 MHz, 33.94 W, 0 %, 259 MiB
2026/10/02 20:47:04.861, 2, 48, 1189 MHz, 35.33 W, 0 %, 259 MiB
2026/10/02 20:47:05.864, 0, 42, 1189 MHz, 32.05 W, 0 %, 259 MiB
2026/10/02 20:47:05.867, 1, 50, 1189 MHz, 33.94 W, 0 %, 259 MiB
2026/10/02 20:47:05.870, 2, 48, 1189 MHz, 35.33 W, 0 %, 259 MiB
2026/10/02 20:47:06.873, 0, 42, 1189 MHz, 32.05 W, 0 %, 259 MiB
2026/10/02 20:47:06.876, 1, 50, 1189 MHz, 33.47 W, 0 %, 259 MiB
2026/10/02 20:47:06.879, 2, 48, 1189 MHz, 35.33 W, 0 %, 259 MiB
2026/10/02 20:47:07.882, 0, 42, 1189 MHz, 32.05 W, 0 %, 259 MiB
2026/10/02 20:47:07.886, 1, 50, 1189 MHz, 33.47 W, 0 %, 259 MiB
2026/10/02 20:47:07.889, 2, 48, 1189 MHz, 35.33 W, 0 %, 259 MiB
2026/10/02 20:47:08.892, 0, 42, 1189 MHz, 32.05 W, 0 %, 259 MiB
2026/10/02 20:47:08.895, 1, 50, 1189 MHz, 33.94 W, 0 %, 259 MiB
2026/10/02 20:47:08.898, 2, 48, 1189 MHz, 35.33 W, 0 %, 259 MiB
2026/10/02 20:47:09.901, 0, 42, 1189 MHz, 32.05 W, 0 %, 259 MiB
2026/10/02 20:47:09.904, 1, 50, 1189 MHz, 33.94 W, 0 %, 259 MiB
2026/10/02 20:47:09.907, 2, 48, 1189 MHz, 35.33 W, 0 %, 259 MiB
2026/10/02 20:47:10.910, 0, 42, 1189 MHz, 32.05 W, 0 %, 259 MiB
2026/10/02 20:47:10.914, 1, 50, 1189 MHz, 33.94 W, 0 %, 259 MiB
2026/10/02 20:47:10.917, 2, 48, 1189 MHz, 35.33 W, 0 %, 259 MiB
2026/10/02 20:47:11.920, 0, 42, 1189 MHz, 32.05 W, 0 %, 259 MiB
2026/10/02 20:47:11.923, 1, 50, 1189 MHz, 33.47 W, 0 %, 259 MiB
2026/10/02 20:47:11.926, 2, 48, 1189 MHz, 35.09 W, 0 %, 259 MiB
2026/10/02 20:47:12.929, 0, 42, 1189 MHz, 32.05 W, 0 %, 259 MiB
2026/10/02 20:47:12.932, 1, 50, 1189 MHz, 33.71 W, 0 %, 259 MiB
2026/10/02 20:47:12.935, 2, 48, 1189 MHz, 35.33 W, 0 %, 259 MiB
2026/10/02 20:47:13.938, 0, 41, 1189 MHz, 32.05 W, 0 %, 259 MiB
2026/10/02 20:47:13.941, 1, 50, 1189 MHz, 33.94 W, 0 %, 259 MiB
2026/10/02 20:47:13.947, 2, 48, 1189 MHz, 35.33 W, 0 %, 259 MiB
2026/10/02 20:47:14.950, 0, 41, 1189 MHz, 32.05 W, 0 %, 259 MiB
2026/10/02 20:47:14.954, 1, 50, 1189 MHz, 33.94 W, 0 %, 259 MiB
2026/10/02 20:47:14.957, 2, 48, 1189 MHz, 35.09 W, 0 %, 259 MiB
2026/10/02 20:47:15.960, 0, 41, 1189 MHz, 32.05 W, 0 %, 259 MiB
2026/10/02 20:47:15.963, 1, 50, 1189 MHz, 33.47 W, 0 %, 259 MiB
2026/10/02 20:47:15.966, 2, 48, 1189 MHz, 35.33 W, 0 %, 259 MiB
2026/10/02 20:47:16.969, 0, 41, 1189 MHz, 32.05 W, 0 %, 259 MiB
2026/10/02 20:47:16.972, 1, 50, 1189 MHz, 33.94 W, 0 %, 259 MiB
2026/10/02 20:47:16.975, 2, 48, 1189 MHz, 35.09 W, 0 %, 259 MiB
2026/10/02 20:47:17.978, 0, 41, 1189 MHz, 32.05 W, 0 %, 259 MiB
2026/10/02 20:47:17.981, 1, 50, 1189 MHz, 33.94 W, 0 %, 259 MiB
2026/10/02 20:47:17.985, 2, 48, 1189 MHz, 34.85 W, 0 %, 259 MiB
2026/10/02 20:47:18.988, 0, 41, 1189 MHz, 32.05 W, 0 %, 259 MiB
2026/10/02 20:47:18.991, 1, 49, 1189 MHz, 33.71 W, 0 %, 259 MiB
2026/10/02 20:47:18.994, 2, 48, 1189 MHz, 34.85 W, 0 %, 259 MiB
2026/10/02 20:47:19.997, 0, 41, 1189 MHz, 32.05 W, 0 %, 259 MiB
2026/10/02 20:47:20.000, 1, 49, 1189 MHz, 33.94 W, 0 %, 259 MiB
2026/10/02 20:47:20.004, 2, 47, 1189 MHz, 34.85 W, 0 %, 259 MiB
2026/10/02 20:47:21.007, 0, 41, 1189 MHz, 32.05 W, 0 %, 259 MiB
2026/10/02 20:47:21.010, 1, 49, 1189 MHz, 33.71 W, 0 %, 259 MiB
2026/10/02 20:47:21.013, 2, 47, 1189 MHz, 34.85 W, 0 %, 259 MiB
2026/10/02 20:47:22.016, 0, 41, 1189 MHz, 32.05 W, 0 %, 259 MiB
2026/10/02 20:47:22.019, 1, 49, 1189 MHz, 33.47 W, 0 %, 259 MiB
2026/10/02 20:47:22.022, 2, 47, 1189 MHz, 35.09 W, 0 %, 259 MiB
2026/10/02 20:47:23.025, 0, 41, 1189 MHz, 31.81 W, 0 %, 259 MiB
2026/10/02 20:47:23.028, 1, 49, 1189 MHz, 33.94 W, 0 %, 259 MiB
2026/10/02 20:47:23.031, 2, 47, 1189 MHz, 34.85 W, 0 %, 259 MiB
2026/10/02 20:47:24.035, 0, 41, 1189 MHz, 31.81 W, 0 %, 259 MiB
2026/10/02 20:47:24.038, 1, 49, 1189 MHz, 33.23 W, 0 %, 259 MiB
2026/10/02 20:47:24.041, 2, 47, 1189 MHz, 34.85 W, 0 %, 259 MiB
2026/10/02 20:47:25.044, 0, 41, 1189 MHz, 31.81 W, 0 %, 259 MiB
2026/10/02 20:47:25.047, 1, 49, 1189 MHz, 33.23 W, 0 %, 259 MiB
2026/10/02 20:47:25.050, 2, 47, 1189 MHz, 34.85 W, 0 %, 259 MiB
2026/10/02 20:47:26.053, 0, 41, 1189 MHz, 31.81 W, 0 %, 259 MiB
2026/10/02 20:47:26.056, 1, 49, 1189 MHz, 33.23 W, 0 %, 259 MiB
2026/10/02 20:47:26.060, 2, 47, 1189 MHz, 34.85 W, 0 %, 259 MiB
2026/10/02 20:47:27.063, 0, 41, 1189 MHz, 32.05 W, 0 %, 259 MiB
2026/10/02 20:47:27.067, 1, 49, 1189 MHz, 33.23 W, 0 %, 259 MiB
2026/10/02 20:47:27.070, 2, 47, 1189 MHz, 35.09 W, 0 %, 259 MiB
2026/10/02 20:47:28.073, 0, 41, 1189 MHz, 31.81 W, 0 %, 259 MiB
2026/10/02 20:47:28.076, 1, 49, 1189 MHz, 33.23 W, 0 %, 259 MiB
2026/10/02 20:47:28.080, 2, 47, 1189 MHz, 34.85 W, 0 %, 259 MiB
2026/10/02 20:47:29.083, 0, 41, 1189 MHz, 31.81 W, 0 %, 259 MiB
2026/10/02 20:47:29.086, 1, 49, 1189 MHz, 33.23 W, 0 %, 259 MiB
2026/10/02 20:47:29.089, 2, 47, 1189 MHz, 35.09 W, 0 %, 259 MiB
2026/10/02 20:47:30.092, 0, 41, 1189 MHz, 31.81 W, 0 %, 259 MiB
2026/10/02 20:47:30.095, 1, 49, 1189 MHz, 33.23 W, 0 %, 259 MiB
2026/10/02 20:47:30.099, 2, 47, 1189 MHz, 35.09 W, 0 %, 259 MiB
2026/10/02 20:47:31.102, 0, 41, 1189 MHz, 31.81 W, 0 %, 259 MiB
2026/10/02 20:47:31.105, 1, 49, 1189 MHz, 33.23 W, 0 %, 259 MiB
2026/10/02 20:47:31.108, 2, 47, 1189 MHz, 34.85 W, 0 %, 259 MiB
2026/10/02 20:47:32.111, 0, 41, 1189 MHz, 31.81 W, 0 %, 259 MiB
2026/10/02 20:47:32.114, 1, 49, 1189 MHz, 33.47 W, 0 %, 259 MiB
2026/10/02 20:47:32.117, 2, 47, 1189 MHz, 34.85 W, 0 %, 259 MiB
2026/10/02 20:47:33.122, 0, 41, 1189 MHz, 31.81 W, 0 %, 259 MiB
2026/10/02 20:47:33.125, 1, 49, 1189 MHz, 33.47 W, 0 %, 259 MiB
2026/10/02 20:47:33.131, 2, 47, 1189 MHz, 34.61 W, 0 %, 259 MiB
2026/10/02 20:47:34.134, 0, 41, 1189 MHz, 31.81 W, 0 %, 259 MiB
2026/10/02 20:47:34.137, 1, 49, 1189 MHz, 33.23 W, 0 %, 259 MiB
2026/10/02 20:47:34.140, 2, 47, 1189 MHz, 34.61 W, 0 %, 259 MiB
2026/10/02 20:47:35.143, 0, 41, 1189 MHz, 31.81 W, 0 %, 259 MiB
2026/10/02 20:47:35.147, 1, 49, 1189 MHz, 33.47 W, 0 %, 259 MiB
2026/10/02 20:47:35.150, 2, 47, 1189 MHz, 34.61 W, 0 %, 259 MiB
2026/10/02 20:47:36.153, 0, 41, 1189 MHz, 31.81 W, 0 %, 259 MiB
2026/10/02 20:47:36.156, 1, 49, 1189 MHz, 33.47 W, 0 %, 259 MiB
2026/10/02 20:47:36.161, 2, 47, 1189 MHz, 34.61 W, 0 %, 259 MiB
2026/10/02 20:47:37.164, 0, 40, 1189 MHz, 31.81 W, 0 %, 259 MiB
2026/10/02 20:47:37.167, 1, 49, 1189 MHz, 33.47 W, 0 %, 259 MiB
2026/10/02 20:47:37.170, 2, 47, 1189 MHz, 34.85 W, 0 %, 259 MiB
2026/10/02 20:47:38.173, 0, 40, 1189 MHz, 31.81 W, 0 %, 259 MiB
2026/10/02 20:47:38.177, 1, 49, 1189 MHz, 33.47 W, 0 %, 259 MiB
2026/10/02 20:47:38.180, 2, 47, 1189 MHz, 34.61 W, 0 %, 259 MiB
2026/10/02 20:47:39.183, 0, 40, 1189 MHz, 31.81 W, 0 %, 259 MiB
2026/10/02 20:47:39.186, 1, 49, 1189 MHz, 33.47 W, 0 %, 259 MiB
2026/10/02 20:47:39.189, 2, 47, 1189 MHz, 34.61 W, 0 %, 259 MiB
2026/10/02 20:47:40.192, 0, 40, 1189 MHz, 31.81 W, 0 %, 259 MiB
2026/10/02 20:47:40.195, 1, 49, 1189 MHz, 33.23 W, 0 %, 259 MiB
2026/10/02 20:47:40.199, 2, 47, 1189 MHz, 34.61 W, 0 %, 259 MiB
2026/10/02 20:47:41.202, 0, 40, 1189 MHz, 31.81 W, 0 %, 259 MiB
2026/10/02 20:47:41.205, 1, 48, 1189 MHz, 33.23 W, 0 %, 259 MiB
2026/10/02 20:47:41.208, 2, 47, 1189 MHz, 34.61 W, 0 %, 259 MiB
2026/10/02 20:47:42.211, 0, 40, 1189 MHz, 31.81 W, 0 %, 259 MiB
2026/10/02 20:47:42.214, 1, 48, 1189 MHz, 32.99 W, 0 %, 259 MiB
2026/10/02 20:47:42.217, 2, 47, 1189 MHz, 34.61 W, 0 %, 259 MiB
2026/10/02 20:47:43.220, 0, 40, 1189 MHz, 31.81 W, 0 %, 259 MiB
2026/10/02 20:47:43.223, 1, 49, 1189 MHz, 33.25 W, 0 %, 259 MiB
2026/10/02 20:47:43.226, 2, 47, 1189 MHz, 34.61 W, 0 %, 259 MiB
2026/10/02 20:47:44.229, 0, 40, 1189 MHz, 31.81 W, 0 %, 259 MiB
2026/10/02 20:47:44.233, 1, 48, 1189 MHz, 33.23 W, 0 %, 259 MiB
2026/10/02 20:47:44.236, 2, 47, 1189 MHz, 34.61 W, 0 %, 259 MiB
2026/10/02 20:47:45.239, 0, 40, 1189 MHz, 31.81 W, 0 %, 259 MiB
2026/10/02 20:47:45.242, 1, 48, 1189 MHz, 33.23 W, 0 %, 259 MiB
2026/10/02 20:47:45.245, 2, 47, 1189 MHz, 34.59 W, 0 %, 259 MiB
2026/10/02 20:47:46.248, 0, 40, 1189 MHz, 31.81 W, 0 %, 259 MiB
2026/10/02 20:47:46.251, 1, 48, 1189 MHz, 33.23 W, 0 %, 259 MiB
2026/10/02 20:47:46.254, 2, 46, 1189 MHz, 34.61 W, 0 %, 259 MiB
2026/10/02 20:47:47.258, 0, 40, 1189 MHz, 31.81 W, 0 %, 259 MiB
2026/10/02 20:47:47.263, 1, 48, 1189 MHz, 33.23 W, 0 %, 259 MiB
2026/10/02 20:47:47.266, 2, 46, 1189 MHz, 34.61 W, 0 %, 259 MiB
2026/10/02 20:47:48.269, 0, 40, 1189 MHz, 31.81 W, 0 %, 259 MiB
2026/10/02 20:47:48.272, 1, 48, 1189 MHz, 33.23 W, 0 %, 259 MiB
2026/10/02 20:47:48.275, 2, 46, 1189 MHz, 34.61 W, 0 %, 259 MiB
2026/10/02 20:47:49.278, 0, 40, 1189 MHz, 31.81 W, 0 %, 259 MiB
2026/10/02 20:47:49.281, 1, 48, 1189 MHz, 32.99 W, 0 %, 259 MiB
2026/10/02 20:47:49.284, 2, 46, 1189 MHz, 34.62 W, 0 %, 259 MiB
2026/10/02 20:47:50.287, 0, 40, 1189 MHz, 31.81 W, 0 %, 259 MiB
2026/10/02 20:47:50.290, 1, 48, 1189 MHz, 32.99 W, 0 %, 259 MiB
2026/10/02 20:47:50.293, 2, 46, 1189 MHz, 34.61 W, 0 %, 259 MiB
2026/10/02 20:47:51.296, 0, 40, 1189 MHz, 31.81 W, 0 %, 259 MiB
2026/10/02 20:47:51.299, 1, 48, 1189 MHz, 32.99 W, 0 %, 259 MiB
2026/10/02 20:47:51.302, 2, 46, 1189 MHz, 34.61 W, 0 %, 259 MiB
2026/10/02 20:47:52.305, 0, 40, 1189 MHz, 31.81 W, 0 %, 259 MiB
2026/10/02 20:47:52.309, 1, 48, 1189 MHz, 33.01 W, 0 %, 259 MiB
2026/10/02 20:47:52.312, 2, 46, 1189 MHz, 34.61 W, 0 %, 259 MiB
2026/10/02 20:47:53.315, 0, 40, 1189 MHz, 31.81 W, 0 %, 259 MiB
2026/10/02 20:47:53.318, 1, 48, 1189 MHz, 33.01 W, 0 %, 259 MiB
2026/10/02 20:47:53.321, 2, 46, 1189 MHz, 34.62 W, 0 %, 259 MiB
2026/10/02 20:47:54.324, 0, 40, 1189 MHz, 31.81 W, 0 %, 259 MiB
2026/10/02 20:47:54.328, 1, 48, 1189 MHz, 33.23 W, 0 %, 259 MiB
2026/10/02 20:47:54.331, 2, 46, 1189 MHz, 34.61 W, 0 %, 259 MiB
2026/10/02 20:47:55.334, 0, 40, 1189 MHz, 31.81 W, 0 %, 259 MiB
2026/10/02 20:47:55.337, 1, 48, 1189 MHz, 32.99 W, 0 %, 259 MiB
2026/10/02 20:47:55.342, 2, 46, 1189 MHz, 34.38 W, 0 %, 259 MiB
2026/10/02 20:47:56.345, 0, 40, 1189 MHz, 31.81 W, 0 %, 259 MiB
2026/10/02 20:47:56.348, 1, 48, 1189 MHz, 33.23 W, 0 %, 259 MiB
2026/10/02 20:47:56.351, 2, 46, 1189 MHz, 34.38 W, 0 %, 259 MiB
2026/10/02 20:47:57.354, 0, 40, 1189 MHz, 31.81 W, 0 %, 259 MiB
2026/10/02 20:47:57.358, 1, 48, 1189 MHz, 32.99 W, 0 %, 259 MiB
2026/10/02 20:47:57.367, 2, 46, 1189 MHz, 34.36 W, 0 %, 259 MiB
2026/10/02 20:47:58.370, 0, 40, 1189 MHz, 31.57 W, 0 %, 259 MiB
2026/10/02 20:47:58.373, 1, 48, 1189 MHz, 33.23 W, 0 %, 259 MiB
2026/10/02 20:47:58.376, 2, 46, 1189 MHz, 34.38 W, 0 %, 259 MiB
2026/10/02 20:47:59.379, 0, 40, 1189 MHz, 31.81 W, 0 %, 259 MiB
2026/10/02 20:47:59.385, 1, 48, 1189 MHz, 33.23 W, 0 %, 259 MiB
2026/10/02 20:47:59.385, 2, 46, 1189 MHz, 34.61 W, 0 %, 259 MiB
2026/10/02 20:48:00.389, 0, 40, 1189 MHz, 31.81 W, 0 %, 259 MiB
2026/10/02 20:48:00.393, 1, 48, 1189 MHz, 32.99 W, 0 %, 259 MiB
2026/10/02 20:48:00.396, 2, 46, 1189 MHz, 34.38 W, 0 %, 259 MiB
2026/10/02 20:48:01.399, 0, 40, 1189 MHz, 31.57 W, 0 %, 259 MiB
2026/10/02 20:48:01.402, 1, 48, 1189 MHz, 32.99 W, 0 %, 259 MiB
2026/10/02 20:48:01.408, 2, 46, 1189 MHz, 34.38 W, 0 %, 259 MiB
2026/10/02 20:48:02.409, 0, 40, 1189 MHz, 31.81 W, 0 %, 259 MiB
2026/10/02 20:48:02.412, 1, 48, 1189 MHz, 32.99 W, 0 %, 259 MiB
2026/10/02 20:48:02.415, 2, 46, 1189 MHz, 34.38 W, 0 %, 259 MiB
2026/10/02 20:48:03.420, 0, 40, 1189 MHz, 31.81 W, 0 %, 259 MiB
2026/10/02 20:48:03.423, 1, 48, 1189 MHz, 32.99 W, 0 %, 259 MiB
2026/10/02 20:48:03.429, 2, 46, 1189 MHz, 34.36 W, 0 %, 259 MiB
2026/10/02 20:48:04.432, 0, 40, 1189 MHz, 31.57 W, 0 %, 259 MiB
2026/10/02 20:48:04.435, 1, 48, 1189 MHz, 32.99 W, 0 %, 259 MiB
2026/10/02 20:48:04.438, 2, 46, 1189 MHz, 34.38 W, 0 %, 259 MiB
2026/10/02 20:48:05.441, 0, 40, 1189 MHz, 31.57 W, 0 %, 259 MiB
2026/10/02 20:48:05.444, 1, 48, 1189 MHz, 32.99 W, 0 %, 259 MiB
2026/10/02 20:48:05.447, 2, 46, 1189 MHz, 34.36 W, 0 %, 259 MiB
2026/10/02 20:48:06.451, 0, 40, 1189 MHz, 31.57 W, 0 %, 259 MiB
2026/10/02 20:48:06.454, 1, 47, 1189 MHz, 32.99 W, 0 %, 259 MiB
2026/10/02 20:48:06.457, 2, 46, 1189 MHz, 34.38 W, 0 %, 259 MiB
2026/10/02 20:48:07.460, 0, 39, 1189 MHz, 31.57 W, 0 %, 259 MiB
2026/10/02 20:48:07.463, 1, 47, 1189 MHz, 32.99 W, 0 %, 259 MiB
2026/10/02 20:48:07.466, 2, 46, 1189 MHz, 34.38 W, 0 %, 259 MiB
2026/10/02 20:48:08.469, 0, 39, 1189 MHz, 31.57 W, 0 %, 259 MiB
2026/10/02 20:48:08.472, 1, 47, 1189 MHz, 32.99 W, 0 %, 259 MiB
2026/10/02 20:48:08.476, 2, 46, 1189 MHz, 34.38 W, 0 %, 259 MiB
2026/10/02 20:48:09.479, 0, 39, 1189 MHz, 31.57 W, 0 %, 259 MiB
2026/10/02 20:48:09.485, 1, 47, 1189 MHz, 33.23 W, 0 %, 259 MiB
2026/10/02 20:48:09.488, 2, 46, 1189 MHz, 34.38 W, 0 %, 259 MiB
2026/10/02 20:48:10.491, 0, 39, 1189 MHz, 31.57 W, 0 %, 259 MiB
2026/10/02 20:48:10.494, 1, 47, 1189 MHz, 33.23 W, 0 %, 259 MiB
2026/10/02 20:48:10.497, 2, 46, 1189 MHz, 34.38 W, 0 %, 259 MiB
2026/10/02 20:48:11.500, 0, 39, 1189 MHz, 31.57 W, 0 %, 259 MiB
2026/10/02 20:48:11.503, 1, 47, 1189 MHz, 33.23 W, 0 %, 259 MiB
2026/10/02 20:48:11.506, 2, 46, 1189 MHz, 34.38 W, 0 %, 259 MiB
2026/10/02 20:48:12.510, 0, 39, 1189 MHz, 31.57 W, 0 %, 259 MiB
2026/10/02 20:48:12.513, 1, 47, 1189 MHz, 33.23 W, 0 %, 259 MiB
2026/10/02 20:48:12.516, 2, 46, 1189 MHz, 34.38 W, 0 %, 259 MiB
2026/10/02 20:48:13.519, 0, 39, 1189 MHz, 31.57 W, 0 %, 259 MiB
2026/10/02 20:48:13.522, 1, 47, 1189 MHz, 33.23 W, 0 %, 259 MiB
2026/10/02 20:48:13.525, 2, 46, 1189 MHz, 34.38 W, 0 %, 259 MiB
2026/10/02 20:48:14.528, 0, 39, 1189 MHz, 31.57 W, 0 %, 259 MiB
2026/10/02 20:48:14.531, 1, 47, 1189 MHz, 33.23 W, 0 %, 259 MiB
2026/10/02 20:48:14.534, 2, 46, 1189 MHz, 34.38 W, 0 %, 259 MiB
2026/10/02 20:48:15.537, 0, 39, 1189 MHz, 31.57 W, 0 %, 259 MiB
2026/10/02 20:48:15.540, 1, 47, 1189 MHz, 33.23 W, 0 %, 259 MiB
2026/10/02 20:48:15.543, 2, 46, 1189 MHz, 34.38 W, 0 %, 259 MiB
2026/10/02 20:48:16.547, 0, 39, 1189 MHz, 31.57 W, 0 %, 259 MiB
2026/10/02 20:48:16.550, 1, 47, 1189 MHz, 33.23 W, 0 %, 259 MiB
2026/10/02 20:48:16.553, 2, 46, 1189 MHz, 34.38 W, 0 %, 259 MiB
2026/10/02 20:48:17.556, 0, 39, 1189 MHz, 31.57 W, 0 %, 259 MiB
2026/10/02 20:48:17.559, 1, 47, 1189 MHz, 32.99 W, 0 %, 259 MiB
2026/10/02 20:48:17.562, 2, 46, 1189 MHz, 34.38 W, 0 %, 259 MiB
2026/10/02 20:48:18.565, 0, 39, 1189 MHz, 31.57 W, 0 %, 259 MiB
2026/10/02 20:48:18.568, 1, 47, 1189 MHz, 33.23 W, 0 %, 259 MiB
2026/10/02 20:48:18.571, 2, 46, 1189 MHz, 34.38 W, 0 %, 259 MiB
2026/10/02 20:48:19.574, 0, 39, 1189 MHz, 31.57 W, 0 %, 259 MiB
2026/10/02 20:48:19.578, 1, 47, 1189 MHz, 32.99 W, 0 %, 259 MiB
2026/10/02 20:48:19.581, 2, 46, 1189 MHz, 34.38 W, 0 %, 259 MiB
2026/10/02 20:48:20.584, 0, 39, 1189 MHz, 31.57 W, 0 %, 259 MiB
2026/10/02 20:48:20.587, 1, 47, 1189 MHz, 32.99 W, 0 %, 259 MiB
2026/10/02 20:48:20.590, 2, 46, 1189 MHz, 34.38 W, 0 %, 259 MiB
2026/10/02 20:48:21.593, 0, 39, 1189 MHz, 31.57 W, 0 %, 259 MiB
2026/10/02 20:48:21.596, 1, 47, 1189 MHz, 32.99 W, 0 %, 259 MiB
2026/10/02 20:48:21.599, 2, 46, 1189 MHz, 34.38 W, 0 %, 259 MiB
2026/10/02 20:48:22.602, 0, 39, 1189 MHz, 31.57 W, 0 %, 259 MiB
2026/10/02 20:48:22.605, 1, 47, 1189 MHz, 33.01 W, 0 %, 259 MiB
2026/10/02 20:48:22.608, 2, 45, 1189 MHz, 34.38 W, 0 %, 259 MiB
2026/10/02 20:48:23.614, 0, 39, 1189 MHz, 31.57 W, 0 %, 259 MiB
2026/10/02 20:48:23.617, 1, 47, 1189 MHz, 32.99 W, 0 %, 259 MiB
2026/10/02 20:48:23.620, 2, 46, 1189 MHz, 34.38 W, 0 %, 259 MiB
2026/10/02 20:48:24.623, 0, 39, 1189 MHz, 31.57 W, 0 %, 259 MiB
2026/10/02 20:48:24.626, 1, 47, 1189 MHz, 32.99 W, 0 %, 259 MiB
2026/10/02 20:48:24.629, 2, 45, 1189 MHz, 34.38 W, 0 %, 259 MiB
2026/10/02 20:48:25.633, 0, 39, 1189 MHz, 31.57 W, 0 %, 259 MiB
2026/10/02 20:48:25.636, 1, 47, 1189 MHz, 32.99 W, 0 %, 259 MiB
2026/10/02 20:48:25.639, 2, 45, 1189 MHz, 34.14 W, 0 %, 259 MiB
2026/10/02 20:48:26.642, 0, 39, 1189 MHz, 31.57 W, 0 %, 259 MiB
2026/10/02 20:48:26.645, 1, 47, 1189 MHz, 33.23 W, 0 %, 259 MiB
2026/10/02 20:48:26.648, 2, 46, 1189 MHz, 34.38 W, 0 %, 259 MiB
2026/10/02 20:48:27.651, 0, 39, 1189 MHz, 31.57 W, 0 %, 259 MiB
2026/10/02 20:48:27.655, 1, 47, 1189 MHz, 33.23 W, 0 %, 259 MiB
2026/10/02 20:48:27.658, 2, 45, 1189 MHz, 34.36 W, 0 %, 259 MiB
2026/10/02 20:48:28.661, 0, 39, 1189 MHz, 31.57 W, 0 %, 259 MiB
2026/10/02 20:48:28.664, 1, 47, 1189 MHz, 33.23 W, 0 %, 259 MiB
2026/10/02 20:48:28.667, 2, 45, 1189 MHz, 34.38 W, 0 %, 259 MiB
2026/10/02 20:48:29.670, 0, 39, 1189 MHz, 31.57 W, 0 %, 259 MiB
2026/10/02 20:48:29.673, 1, 47, 1189 MHz, 32.99 W, 0 %, 259 MiB
2026/10/02 20:48:29.676, 2, 45, 1189 MHz, 34.38 W, 0 %, 259 MiB
2026/10/02 20:48:30.679, 0, 39, 1189 MHz, 31.57 W, 0 %, 259 MiB
2026/10/02 20:48:30.684, 1, 47, 1189 MHz, 33.23 W, 0 %, 259 MiB
2026/10/02 20:48:30.687, 2, 45, 1189 MHz, 34.38 W, 0 %, 259 MiB
2026/10/02 20:48:31.690, 0, 39, 1189 MHz, 31.57 W, 0 %, 259 MiB
2026/10/02 20:48:31.693, 1, 47, 1189 MHz, 32.99 W, 0 %, 259 MiB
2026/10/02 20:48:31.699, 2, 45, 1189 MHz, 34.38 W, 0 %, 259 MiB
2026/10/02 20:48:32.702, 0, 39, 1189 MHz, 31.57 W, 0 %, 259 MiB
2026/10/02 20:48:32.705, 1, 47, 1189 MHz, 33.01 W, 0 %, 259 MiB
2026/10/02 20:48:32.709, 2, 45, 1189 MHz, 34.38 W, 0 %, 259 MiB
2026/10/02 20:48:33.712, 0, 39, 1189 MHz, 31.57 W, 0 %, 259 MiB
2026/10/02 20:48:33.882, 1, 47, 1189 MHz, 32.99 W, 0 %, 259 MiB
2026/10/02 20:48:33.886, 2, 45, 1189 MHz, 34.38 W, 0 %, 259 MiB
2026/10/02 20:48:34.889, 0, 39, 1189 MHz, 31.57 W, 0 %, 259 MiB
2026/10/02 20:48:34.893, 1, 47, 1189 MHz, 32.99 W, 0 %, 259 MiB
2026/10/02 20:48:34.898, 2, 45, 1189 MHz, 34.38 W, 0 %, 259 MiB
2026/10/02 20:48:35.901, 0, 39, 1189 MHz, 31.57 W, 0 %, 259 MiB
2026/10/02 20:48:35.904, 1, 47, 1189 MHz, 32.99 W, 0 %, 259 MiB
2026/10/02 20:48:35.907, 2, 45, 1189 MHz, 34.38 W, 0 %, 259 MiB
2026/10/02 20:48:36.910, 0, 39, 1189 MHz, 31.57 W, 0 %, 259 MiB
2026/10/02 20:48:36.914, 1, 47, 1189 MHz, 33.01 W, 0 %, 259 MiB
2026/10/02 20:48:36.917, 2, 45, 1189 MHz, 34.38 W, 0 %, 259 MiB
2026/10/02 20:48:37.920, 0, 39, 1189 MHz, 31.57 W, 0 %, 259 MiB
2026/10/02 20:48:37.923, 1, 47, 1189 MHz, 32.75 W, 0 %, 259 MiB
2026/10/02 20:48:37.926, 2, 45, 1189 MHz, 34.38 W, 0 %, 259 MiB
2026/10/02 20:48:38.930, 0, 39, 1189 MHz, 31.57 W, 0 %, 259 MiB
2026/10/02 20:48:38.933, 1, 47, 1189 MHz, 33.00 W, 0 %, 259 MiB
2026/10/02 20:48:38.936, 2, 45, 1189 MHz, 34.38 W, 0 %, 259 MiB
2026/10/02 20:48:39.939, 0, 39, 1189 MHz, 31.57 W, 0 %, 259 MiB
2026/10/02 20:48:39.942, 1, 47, 1189 MHz, 32.75 W, 0 %, 259 MiB
2026/10/02 20:48:39.945, 2, 45, 1189 MHz, 34.38 W, 0 %, 259 MiB
2026/10/02 20:48:40.948, 0, 39, 1189 MHz, 31.57 W, 0 %, 259 MiB
2026/10/02 20:48:40.951, 1, 47, 1189 MHz, 32.99 W, 0 %, 259 MiB
2026/10/02 20:48:40.957, 2, 45, 1189 MHz, 34.14 W, 0 %, 259 MiB
2026/10/02 20:48:41.960, 0, 39, 1189 MHz, 31.57 W, 0 %, 259 MiB
2026/10/02 20:48:41.963, 1, 47, 1189 MHz, 32.99 W, 0 %, 259 MiB
2026/10/02 20:48:41.966, 2, 45, 1189 MHz, 34.14 W, 0 %, 259 MiB
2026/10/02 20:48:42.972, 0, 39, 1189 MHz, 31.57 W, 0 %, 259 MiB
2026/10/02 20:48:42.975, 1, 47, 1189 MHz, 32.99 W, 0 %, 259 MiB
2026/10/02 20:48:42.979, 2, 45, 1189 MHz, 34.38 W, 0 %, 259 MiB
2026/10/02 20:48:43.982, 0, 39, 1189 MHz, 31.57 W, 0 %, 259 MiB
2026/10/02 20:48:43.987, 1, 47, 1189 MHz, 33.01 W, 0 %, 259 MiB
2026/10/02 20:48:43.990, 2, 45, 1189 MHz, 34.38 W, 0 %, 259 MiB
2026/10/02 20:48:44.994, 0, 39, 1189 MHz, 31.57 W, 0 %, 259 MiB
2026/10/02 20:48:44.998, 1, 47, 1189 MHz, 33.01 W, 0 %, 259 MiB
2026/10/02 20:48:45.001, 2, 45, 1189 MHz, 34.14 W, 0 %, 259 MiB
2026/10/02 20:48:46.004, 0, 39, 1189 MHz, 31.57 W, 0 %, 259 MiB
2026/10/02 20:48:46.007, 1, 47, 1189 MHz, 32.75 W, 0 %, 259 MiB
2026/10/02 20:48:46.010, 2, 45, 1189 MHz, 34.14 W, 0 %, 259 MiB
2026/10/02 20:48:47.013, 0, 39, 1189 MHz, 31.57 W, 0 %, 259 MiB
2026/10/02 20:48:47.016, 1, 47, 1189 MHz, 32.75 W, 0 %, 259 MiB
2026/10/02 20:48:47.020, 2, 45, 1189 MHz, 34.12 W, 0 %, 259 MiB
2026/10/02 20:48:48.025, 0, 39, 1189 MHz, 31.57 W, 0 %, 259 MiB
2026/10/02 20:48:48.028, 1, 47, 1189 MHz, 32.75 W, 0 %, 259 MiB
2026/10/02 20:48:48.031, 2, 45, 1189 MHz, 34.14 W, 0 %, 259 MiB
2026/10/02 20:48:49.034, 0, 39, 1189 MHz, 31.57 W, 0 %, 259 MiB
2026/10/02 20:48:49.037, 1, 47, 1189 MHz, 32.77 W, 0 %, 259 MiB
2026/10/02 20:48:49.040, 2, 45, 1189 MHz, 34.14 W, 0 %, 259 MiB
2026/10/02 20:48:50.043, 0, 39, 1189 MHz, 31.57 W, 0 %, 259 MiB
2026/10/02 20:48:50.047, 1, 47, 1189 MHz, 32.75 W, 0 %, 259 MiB
2026/10/02 20:48:50.050, 2, 45, 1189 MHz, 34.14 W, 0 %, 259 MiB
2026/10/02 20:48:51.053, 0, 39, 1189 MHz, 31.57 W, 0 %, 259 MiB
2026/10/02 20:48:51.056, 1, 47, 1189 MHz, 33.00 W, 0 %, 259 MiB
2026/10/02 20:48:51.059, 2, 45, 1189 MHz, 34.14 W, 0 %, 259 MiB
2026/10/02 20:48:52.063, 0, 38, 1189 MHz, 31.57 W, 0 %, 259 MiB
2026/10/02 20:48:52.066, 1, 47, 1189 MHz, 32.99 W, 0 %, 259 MiB
2026/10/02 20:48:52.069, 2, 45, 1189 MHz, 34.14 W, 0 %, 259 MiB
2026/10/02 20:48:53.072, 0, 38, 1189 MHz, 31.57 W, 0 %, 259 MiB
2026/10/02 20:48:53.075, 1, 47, 1189 MHz, 32.99 W, 0 %, 259 MiB
2026/10/02 20:48:53.078, 2, 45, 1189 MHz, 34.14 W, 0 %, 259 MiB
2026/10/02 20:48:54.082, 0, 38, 1189 MHz, 31.57 W, 0 %, 259 MiB
2026/10/02 20:48:54.085, 1, 46, 1189 MHz, 32.99 W, 0 %, 259 MiB
2026/10/02 20:48:54.088, 2, 45, 1189 MHz, 34.14 W, 0 %, 259 MiB
2026/10/02 20:48:55.091, 0, 38, 1189 MHz, 31.34 W, 0 %, 259 MiB
2026/10/02 20:48:55.095, 1, 46, 1189 MHz, 32.99 W, 0 %, 259 MiB
2026/10/02 20:48:55.098, 2, 45, 1189 MHz, 34.14 W, 0 %, 259 MiB
2026/10/02 20:48:56.101, 0, 39, 1189 MHz, 31.57 W, 0 %, 259 MiB
2026/10/02 20:48:56.104, 1, 47, 1189 MHz, 32.99 W, 0 %, 259 MiB
2026/10/02 20:48:56.107, 2, 45, 1189 MHz, 34.14 W, 0 %, 259 MiB
2026/10/02 20:48:57.110, 0, 38, 1189 MHz, 31.34 W, 0 %, 259 MiB
2026/10/02 20:48:57.114, 1, 47, 1189 MHz, 32.77 W, 0 %, 259 MiB
2026/10/02 20:48:57.117, 2, 45, 1189 MHz, 34.14 W, 0 %, 259 MiB
2026/10/02 20:48:58.121, 0, 38, 1189 MHz, 31.59 W, 0 %, 259 MiB
2026/10/02 20:48:58.124, 1, 46, 1189 MHz, 32.99 W, 0 %, 259 MiB
2026/10/02 20:48:58.127, 2, 45, 1189 MHz, 34.14 W, 0 %, 259 MiB
2026/10/02 20:48:59.130, 0, 38, 1189 MHz, 31.57 W, 0 %, 259 MiB
2026/10/02 20:48:59.133, 1, 46, 1189 MHz, 32.99 W, 0 %, 259 MiB
2026/10/02 20:48:59.136, 2, 45, 1189 MHz, 34.14 W, 0 %, 259 MiB
2026/10/02 20:49:00.139, 0, 38, 1189 MHz, 31.57 W, 0 %, 259 MiB
2026/10/02 20:49:00.142, 1, 46, 1189 MHz, 32.99 W, 0 %, 259 MiB
2026/10/02 20:49:00.145, 2, 45, 1189 MHz, 34.14 W, 0 %, 259 MiB
2026/10/02 20:49:01.148, 0, 38, 1189 MHz, 31.57 W, 0 %, 259 MiB
2026/10/02 20:49:01.152, 1, 46, 1189 MHz, 33.01 W, 0 %, 259 MiB
2026/10/02 20:49:01.155, 2, 45, 1189 MHz, 34.14 W, 0 %, 259 MiB
2026/10/02 20:49:02.158, 0, 38, 1189 MHz, 31.34 W, 0 %, 259 MiB
2026/10/02 20:49:02.161, 1, 47, 1189 MHz, 32.99 W, 0 %, 259 MiB
2026/10/02 20:49:02.164, 2, 45, 1189 MHz, 34.14 W, 0 %, 259 MiB
2026/10/02 20:49:03.167, 0, 38, 1189 MHz, 31.34 W, 0 %, 259 MiB
2026/10/02 20:49:03.170, 1, 46, 1189 MHz, 32.99 W, 0 %, 259 MiB
2026/10/02 20:49:03.173, 2, 45, 1189 MHz, 34.14 W, 0 %, 259 MiB
2026/10/02 20:49:04.176, 0, 38, 1189 MHz, 31.57 W, 1 %, 8909 MiB
2026/10/02 20:49:04.180, 1, 46, 1189 MHz, 33.00 W, 0 %, 8909 MiB
2026/10/02 20:49:04.183, 2, 45, 1189 MHz, 34.14 W, 1 %, 8939 MiB
2026/10/02 20:49:05.186, 0, 38, 1189 MHz, 31.57 W, 4 %, 8909 MiB
2026/10/02 20:49:05.189, 1, 46, 1189 MHz, 32.75 W, 0 %, 8909 MiB
2026/10/02 20:49:05.192, 2, 45, 1189 MHz, 34.14 W, 0 %, 8939 MiB
2026/10/02 20:49:06.195, 0, 38, 1189 MHz, 31.57 W, 0 %, 8909 MiB
2026/10/02 20:49:06.198, 1, 46, 1189 MHz, 32.99 W, 5 %, 8909 MiB
2026/10/02 20:49:06.201, 2, 45, 1189 MHz, 34.14 W, 0 %, 8939 MiB
2026/10/02 20:49:07.205, 0, 38, 1189 MHz, 31.57 W, 0 %, 8909 MiB
2026/10/02 20:49:07.208, 1, 46, 1189 MHz, 33.01 W, 1 %, 8909 MiB
2026/10/02 20:49:07.211, 2, 45, 1189 MHz, 33.90 W, 0 %, 8939 MiB
2026/10/02 20:49:08.214, 0, 38, 1189 MHz, 31.59 W, 0 %, 8909 MiB
2026/10/02 20:49:08.217, 1, 46, 1189 MHz, 32.99 W, 1 %, 8909 MiB
2026/10/02 20:49:08.220, 2, 45, 1189 MHz, 34.14 W, 0 %, 8939 MiB
2026/10/02 20:49:09.225, 0, 38, 1189 MHz, 31.57 W, 0 %, 8909 MiB
2026/10/02 20:49:09.228, 1, 46, 1189 MHz, 32.99 W, 0 %, 8909 MiB
2026/10/02 20:49:09.231, 2, 45, 1189 MHz, 34.14 W, 0 %, 8939 MiB
2026/10/02 20:49:10.234, 0, 38, 1189 MHz, 31.57 W, 0 %, 8909 MiB
2026/10/02 20:49:10.237, 1, 46, 1189 MHz, 33.01 W, 0 %, 8909 MiB
2026/10/02 20:49:10.240, 2, 45, 1189 MHz, 34.14 W, 2 %, 8939 MiB
2026/10/02 20:49:11.246, 0, 38, 1189 MHz, 31.57 W, 0 %, 8909 MiB
2026/10/02 20:49:11.249, 1, 46, 1189 MHz, 32.99 W, 0 %, 8909 MiB
2026/10/02 20:49:11.252, 2, 45, 1189 MHz, 34.14 W, 0 %, 8939 MiB
2026/10/02 20:49:12.255, 0, 38, 1189 MHz, 31.57 W, 0 %, 8909 MiB
2026/10/02 20:49:12.258, 1, 46, 1189 MHz, 32.75 W, 0 %, 8909 MiB
2026/10/02 20:49:12.261, 2, 45, 1189 MHz, 34.12 W, 4 %, 8939 MiB
2026/10/02 20:49:13.265, 0, 38, 1189 MHz, 31.57 W, 3 %, 8909 MiB
2026/10/02 20:49:13.268, 1, 46, 1189 MHz, 32.77 W, 3 %, 8909 MiB
2026/10/02 20:49:13.274, 2, 45, 1189 MHz, 34.14 W, 0 %, 8939 MiB
2026/10/02 20:49:14.277, 0, 38, 1189 MHz, 31.57 W, 2 %, 8909 MiB
2026/10/02 20:49:14.280, 1, 46, 1189 MHz, 32.99 W, 1 %, 8909 MiB
2026/10/02 20:49:14.283, 2, 45, 1189 MHz, 34.14 W, 1 %, 8939 MiB
2026/10/02 20:49:15.286, 0, 38, 1189 MHz, 31.34 W, 0 %, 8909 MiB
2026/10/02 20:49:15.289, 1, 46, 1189 MHz, 32.99 W, 0 %, 8909 MiB
2026/10/02 20:49:15.293, 2, 45, 1189 MHz, 34.14 W, 3 %, 8939 MiB
2026/10/02 20:49:16.296, 0, 38, 1189 MHz, 31.57 W, 2 %, 8909 MiB
2026/10/02 20:49:16.299, 1, 46, 1189 MHz, 32.77 W, 1 %, 8909 MiB
2026/10/02 20:49:16.302, 2, 44, 1189 MHz, 34.14 W, 1 %, 8939 MiB
2026/10/02 20:49:17.305, 0, 38, 1189 MHz, 31.57 W, 2 %, 8909 MiB
2026/10/02 20:49:17.308, 1, 46, 1189 MHz, 32.99 W, 0 %, 8909 MiB
2026/10/02 20:49:17.312, 2, 45, 1189 MHz, 34.14 W, 2 %, 8939 MiB
2026/10/02 20:49:18.315, 0, 38, 1189 MHz, 31.57 W, 4 %, 8909 MiB
2026/10/02 20:49:18.319, 1, 46, 1189 MHz, 32.75 W, 3 %, 8909 MiB
2026/10/02 20:49:18.321, 2, 45, 1189 MHz, 34.14 W, 3 %, 8939 MiB
2026/10/02 20:49:19.325, 0, 38, 1189 MHz, 31.57 W, 1 %, 8909 MiB
2026/10/02 20:49:19.328, 1, 46, 1189 MHz, 32.99 W, 2 %, 8909 MiB
2026/10/02 20:49:19.331, 2, 45, 1189 MHz, 34.14 W, 1 %, 8939 MiB
2026/10/02 20:49:20.334, 0, 38, 1189 MHz, 31.57 W, 2 %, 8909 MiB
2026/10/02 20:49:20.337, 1, 46, 1189 MHz, 32.99 W, 1 %, 8909 MiB
2026/10/02 20:49:20.340, 2, 45, 1189 MHz, 34.14 W, 1 %, 8939 MiB
2026/10/02 20:49:21.343, 0, 38, 1189 MHz, 31.34 W, 3 %, 8909 MiB
2026/10/02 20:49:21.346, 1, 46, 1189 MHz, 32.75 W, 3 %, 8909 MiB
2026/10/02 20:49:21.349, 2, 44, 1189 MHz, 34.14 W, 3 %, 8939 MiB
2026/10/02 20:49:22.352, 0, 38, 1189 MHz, 31.57 W, 3 %, 8909 MiB
2026/10/02 20:49:22.355, 1, 46, 1189 MHz, 32.75 W, 1 %, 8909 MiB
2026/10/02 20:49:22.358, 2, 45, 1189 MHz, 34.14 W, 0 %, 8939 MiB
2026/10/02 20:49:23.362, 0, 38, 1189 MHz, 31.34 W, 3 %, 8909 MiB
2026/10/02 20:49:23.365, 1, 46, 1189 MHz, 32.75 W, 1 %, 8909 MiB
2026/10/02 20:49:23.368, 2, 44, 1189 MHz, 34.14 W, 0 %, 8939 MiB
2026/10/02 20:49:24.371, 0, 38, 1189 MHz, 31.34 W, 4 %, 8909 MiB
2026/10/02 20:49:24.374, 1, 46, 1189 MHz, 32.75 W, 3 %, 8909 MiB
2026/10/02 20:49:24.377, 2, 44, 1189 MHz, 34.14 W, 3 %, 8939 MiB
2026/10/02 20:49:25.380, 0, 38, 1189 MHz, 31.57 W, 0 %, 8909 MiB
2026/10/02 20:49:25.383, 1, 46, 1189 MHz, 32.76 W, 3 %, 8909 MiB
2026/10/02 20:49:25.386, 2, 44, 1189 MHz, 34.14 W, 3 %, 8939 MiB
2026/10/02 20:49:26.390, 0, 38, 1189 MHz, 31.57 W, 1 %, 8909 MiB
2026/10/02 20:49:26.393, 1, 46, 1189 MHz, 32.52 W, 2 %, 8909 MiB
2026/10/02 20:49:26.396, 2, 44, 1189 MHz, 34.14 W, 1 %, 8939 MiB
2026/10/02 20:49:27.399, 0, 38, 1189 MHz, 31.57 W, 1 %, 8909 MiB
2026/10/02 20:49:27.402, 1, 46, 1189 MHz, 32.75 W, 3 %, 8909 MiB
2026/10/02 20:49:27.405, 2, 44, 1189 MHz, 34.14 W, 0 %, 8939 MiB
2026/10/02 20:49:28.408, 0, 38, 1189 MHz, 31.57 W, 1 %, 8909 MiB
2026/10/02 20:49:28.411, 1, 46, 1189 MHz, 32.75 W, 0 %, 8909 MiB
2026/10/02 20:49:28.414, 2, 44, 1189 MHz, 34.14 W, 1 %, 8939 MiB
2026/10/02 20:49:29.420, 0, 38, 1189 MHz, 31.57 W, 2 %, 8909 MiB
2026/10/02 20:49:29.423, 1, 46, 1189 MHz, 32.75 W, 2 %, 8909 MiB
2026/10/02 20:49:29.426, 2, 44, 1189 MHz, 34.14 W, 1 %, 8939 MiB
2026/10/02 20:49:30.429, 0, 38, 1189 MHz, 31.34 W, 0 %, 8909 MiB
2026/10/02 20:49:30.432, 1, 46, 1189 MHz, 32.99 W, 0 %, 8909 MiB
2026/10/02 20:49:30.435, 2, 44, 1189 MHz, 34.14 W, 2 %, 8939 MiB
2026/10/02 20:49:31.438, 0, 38, 1189 MHz, 31.57 W, 1 %, 8909 MiB
2026/10/02 20:49:31.441, 1, 46, 1189 MHz, 32.99 W, 0 %, 8909 MiB
2026/10/02 20:49:31.444, 2, 44, 1189 MHz, 34.14 W, 0 %, 8939 MiB
2026/10/02 20:49:32.449, 0, 38, 1189 MHz, 31.32 W, 4 %, 8909 MiB
2026/10/02 20:49:32.452, 1, 46, 1189 MHz, 32.97 W, 1 %, 8909 MiB
2026/10/02 20:49:32.455, 2, 44, 1189 MHz, 34.12 W, 0 %, 8939 MiB
2026/10/02 20:49:33.458, 0, 38, 1189 MHz, 31.34 W, 1 %, 8909 MiB
2026/10/02 20:49:33.462, 1, 46, 1189 MHz, 32.99 W, 2 %, 8909 MiB
2026/10/02 20:49:33.471, 2, 44, 1189 MHz, 34.12 W, 1 %, 8939 MiB
2026/10/02 20:49:34.474, 0, 38, 1189 MHz, 31.34 W, 4 %, 8909 MiB
2026/10/02 20:49:34.477, 1, 46, 1189 MHz, 33.00 W, 2 %, 8909 MiB
2026/10/02 20:49:34.480, 2, 44, 1189 MHz, 34.14 W, 3 %, 8939 MiB
2026/10/02 20:49:35.484, 0, 38, 1189 MHz, 31.34 W, 0 %, 8909 MiB
2026/10/02 20:49:35.492, 1, 46, 1189 MHz, 32.99 W, 0 %, 8909 MiB
2026/10/02 20:49:35.492, 2, 44, 1189 MHz, 34.14 W, 3 %, 8939 MiB
2026/10/02 20:49:36.496, 0, 38, 1189 MHz, 31.57 W, 1 %, 8909 MiB
2026/10/02 20:49:36.499, 1, 46, 1189 MHz, 32.75 W, 0 %, 8909 MiB
2026/10/02 20:49:36.502, 2, 44, 1189 MHz, 34.14 W, 2 %, 8939 MiB
2026/10/02 20:49:37.507, 0, 38, 1189 MHz, 31.57 W, 1 %, 8909 MiB
2026/10/02 20:49:37.512, 1, 46, 1189 MHz, 32.77 W, 1 %, 8909 MiB
2026/10/02 20:49:37.515, 2, 44, 1189 MHz, 34.14 W, 0 %, 8939 MiB
2026/10/02 20:49:38.516, 0, 38, 1189 MHz, 31.34 W, 1 %, 8909 MiB
2026/10/02 20:49:38.519, 1, 46, 1189 MHz, 32.52 W, 0 %, 8909 MiB
2026/10/02 20:49:38.523, 2, 44, 1189 MHz, 34.14 W, 2 %, 8939 MiB
2026/10/02 20:49:39.527, 0, 38, 1189 MHz, 31.57 W, 1 %, 8909 MiB
2026/10/02 20:49:39.530, 1, 46, 1189 MHz, 32.75 W, 1 %, 8909 MiB
2026/10/02 20:49:39.533, 2, 44, 1189 MHz, 34.14 W, 2 %, 8939 MiB
2026/10/02 20:49:40.536, 0, 38, 1189 MHz, 31.57 W, 0 %, 8909 MiB
2026/10/02 20:49:40.539, 1, 46, 1189 MHz, 32.99 W, 0 %, 8909 MiB
2026/10/02 20:49:40.542, 2, 44, 1189 MHz, 34.14 W, 0 %, 8939 MiB
2026/10/02 20:49:41.545, 0, 38, 1189 MHz, 31.34 W, 4 %, 8909 MiB
2026/10/02 20:49:41.549, 1, 46, 1189 MHz, 32.99 W, 3 %, 8909 MiB
2026/10/02 20:49:41.552, 2, 44, 1189 MHz, 34.14 W, 3 %, 8939 MiB
2026/10/02 20:49:42.555, 0, 38, 1189 MHz, 31.10 W, 0 %, 8909 MiB
2026/10/02 20:49:42.558, 1, 46, 1189 MHz, 32.52 W, 3 %, 8909 MiB
2026/10/02 20:49:42.561, 2, 44, 1189 MHz, 34.14 W, 2 %, 8939 MiB
2026/10/02 20:49:43.564, 0, 38, 1189 MHz, 31.57 W, 2 %, 8909 MiB
2026/10/02 20:49:43.567, 1, 46, 1189 MHz, 32.75 W, 2 %, 8909 MiB
2026/10/02 20:49:43.570, 2, 44, 1189 MHz, 33.90 W, 2 %, 8939 MiB
2026/10/02 20:49:44.574, 0, 38, 1189 MHz, 31.10 W, 2 %, 8909 MiB
2026/10/02 20:49:44.577, 1, 46, 1189 MHz, 32.75 W, 5 %, 8909 MiB
2026/10/02 20:49:44.580, 2, 44, 1189 MHz, 33.90 W, 0 %, 8939 MiB
2026/10/02 20:49:45.583, 0, 38, 1189 MHz, 31.34 W, 0 %, 8909 MiB
2026/10/02 20:49:45.586, 1, 46, 1189 MHz, 32.75 W, 1 %, 8909 MiB
2026/10/02 20:49:45.589, 2, 44, 1189 MHz, 34.14 W, 3 %, 8939 MiB
2026/10/02 20:49:46.592, 0, 38, 1189 MHz, 31.57 W, 1 %, 8909 MiB
2026/10/02 20:49:46.595, 1, 46, 1189 MHz, 33.01 W, 3 %, 8909 MiB
2026/10/02 20:49:46.598, 2, 44, 1189 MHz, 33.90 W, 2 %, 8939 MiB
2026/10/02 20:49:47.602, 0, 38, 1189 MHz, 31.57 W, 2 %, 8909 MiB
2026/10/02 20:49:47.605, 1, 46, 1189 MHz, 32.99 W, 2 %, 8909 MiB
2026/10/02 20:49:47.608, 2, 44, 1189 MHz, 34.12 W, 3 %, 8939 MiB
2026/10/02 20:49:48.611, 0, 38, 1189 MHz, 31.34 W, 3 %, 8909 MiB
2026/10/02 20:49:48.615, 1, 46, 1189 MHz, 32.99 W, 1 %, 8909 MiB
2026/10/02 20:49:48.618, 2, 44, 1189 MHz, 33.90 W, 1 %, 8939 MiB
2026/10/02 20:49:49.621, 0, 38, 1189 MHz, 31.34 W, 1 %, 8909 MiB
2026/10/02 20:49:49.624, 1, 46, 1189 MHz, 32.75 W, 0 %, 8909 MiB
2026/10/02 20:49:49.627, 2, 44, 1189 MHz, 33.90 W, 2 %, 8939 MiB
2026/10/02 20:49:50.630, 0, 38, 1189 MHz, 31.34 W, 1 %, 8909 MiB
2026/10/02 20:49:50.633, 1, 46, 1189 MHz, 32.75 W, 0 %, 8909 MiB
2026/10/02 20:49:50.636, 2, 44, 1189 MHz, 33.90 W, 0 %, 8939 MiB
2026/10/02 20:49:51.642, 0, 38, 1189 MHz, 31.34 W, 3 %, 8909 MiB
2026/10/02 20:49:51.645, 1, 46, 1189 MHz, 32.99 W, 1 %, 8909 MiB
2026/10/02 20:49:51.649, 2, 44, 1189 MHz, 34.14 W, 2 %, 8939 MiB
2026/10/02 20:49:52.653, 0, 38, 1189 MHz, 31.57 W, 1 %, 8909 MiB
2026/10/02 20:49:52.656, 1, 46, 1189 MHz, 32.75 W, 1 %, 8909 MiB
2026/10/02 20:49:52.659, 2, 44, 1189 MHz, 33.90 W, 1 %, 8939 MiB
2026/10/02 20:49:53.662, 0, 38, 1189 MHz, 31.34 W, 2 %, 8909 MiB
2026/10/02 20:49:53.665, 1, 46, 1189 MHz, 32.75 W, 0 %, 8909 MiB
2026/10/02 20:49:53.668, 2, 44, 1189 MHz, 33.90 W, 0 %, 8939 MiB
2026/10/02 20:49:54.672, 0, 38, 1189 MHz, 31.34 W, 3 %, 8909 MiB
2026/10/02 20:49:54.675, 1, 46, 1189 MHz, 32.52 W, 1 %, 8909 MiB
2026/10/02 20:49:54.682, 2, 44, 1189 MHz, 34.14 W, 0 %, 8939 MiB
2026/10/02 20:49:55.685, 0, 38, 1189 MHz, 31.34 W, 1 %, 8909 MiB
2026/10/02 20:49:55.690, 1, 46, 1189 MHz, 32.52 W, 1 %, 8909 MiB
2026/10/02 20:49:55.693, 2, 44, 1189 MHz, 34.14 W, 1 %, 8939 MiB
2026/10/02 20:49:56.696, 0, 38, 1189 MHz, 31.34 W, 3 %, 8909 MiB
2026/10/02 20:49:56.700, 1, 46, 1189 MHz, 32.75 W, 0 %, 8909 MiB
2026/10/02 20:49:56.703, 2, 44, 1189 MHz, 33.90 W, 3 %, 8939 MiB
2026/10/02 20:49:57.706, 0, 38, 1189 MHz, 31.34 W, 3 %, 8909 MiB
2026/10/02 20:49:57.709, 1, 46, 1189 MHz, 32.53 W, 2 %, 8909 MiB
2026/10/02 20:49:57.712, 2, 44, 1189 MHz, 33.90 W, 0 %, 8939 MiB
2026/10/02 20:49:58.715, 0, 38, 1189 MHz, 31.34 W, 1 %, 8909 MiB
2026/10/02 20:49:58.718, 1, 46, 1189 MHz, 32.75 W, 1 %, 8909 MiB
2026/10/02 20:49:58.721, 2, 44, 1189 MHz, 33.90 W, 2 %, 8939 MiB
2026/10/02 20:49:59.724, 0, 38, 1189 MHz, 31.34 W, 2 %, 8909 MiB
2026/10/02 20:49:59.728, 1, 46, 1189 MHz, 32.99 W, 4 %, 8909 MiB
2026/10/02 20:49:59.731, 2, 44, 1189 MHz, 33.90 W, 0 %, 8939 MiB
2026/10/02 20:50:00.734, 0, 38, 1189 MHz, 31.34 W, 3 %, 8909 MiB
2026/10/02 20:50:00.737, 1, 45, 1189 MHz, 32.75 W, 3 %, 8909 MiB
2026/10/02 20:50:00.740, 2, 44, 1189 MHz, 33.90 W, 0 %, 8939 MiB
2026/10/02 20:50:01.744, 0, 38, 1189 MHz, 31.34 W, 2 %, 8909 MiB
2026/10/02 20:50:01.747, 1, 45, 1189 MHz, 32.75 W, 2 %, 8909 MiB
2026/10/02 20:50:01.750, 2, 44, 1189 MHz, 33.90 W, 2 %, 8939 MiB
2026/10/02 20:50:02.753, 0, 38, 1189 MHz, 31.34 W, 4 %, 8909 MiB
2026/10/02 20:50:02.756, 1, 46, 1189 MHz, 32.52 W, 3 %, 8909 MiB
2026/10/02 20:50:02.760, 2, 44, 1189 MHz, 33.90 W, 3 %, 8939 MiB
2026/10/02 20:50:03.763, 0, 38, 1189 MHz, 31.10 W, 1 %, 8909 MiB
2026/10/02 20:50:03.766, 1, 46, 1189 MHz, 32.52 W, 0 %, 8909 MiB
2026/10/02 20:50:03.773, 2, 44, 1189 MHz, 33.90 W, 0 %, 8939 MiB
2026/10/02 20:50:04.776, 0, 38, 1189 MHz, 31.34 W, 2 %, 8909 MiB
2026/10/02 20:50:04.780, 1, 45, 1189 MHz, 32.75 W, 1 %, 8909 MiB
2026/10/02 20:50:04.783, 2, 44, 1189 MHz, 33.90 W, 1 %, 8939 MiB
2026/10/02 20:50:05.787, 0, 38, 1189 MHz, 31.34 W, 1 %, 8909 MiB
2026/10/02 20:50:05.790, 1, 45, 1189 MHz, 32.77 W, 0 %, 8909 MiB
2026/10/02 20:50:05.793, 2, 44, 1189 MHz, 33.90 W, 2 %, 8939 MiB
2026/10/02 20:50:06.796, 0, 38, 1189 MHz, 31.34 W, 2 %, 8909 MiB
2026/10/02 20:50:06.800, 1, 45, 1189 MHz, 32.52 W, 0 %, 8909 MiB
2026/10/02 20:50:06.804, 2, 44, 1189 MHz, 33.90 W, 0 %, 8939 MiB
2026/10/02 20:50:07.807, 0, 37, 1189 MHz, 31.34 W, 3 %, 8909 MiB
2026/10/02 20:50:07.810, 1, 45, 1189 MHz, 32.77 W, 1 %, 8909 MiB
2026/10/02 20:50:07.813, 2, 44, 1189 MHz, 33.90 W, 0 %, 8939 MiB
2026/10/02 20:50:08.816, 0, 37, 1189 MHz, 31.34 W, 2 %, 8909 MiB
2026/10/02 20:50:08.819, 1, 45, 1189 MHz, 32.75 W, 2 %, 8909 MiB
2026/10/02 20:50:08.822, 2, 44, 1189 MHz, 33.90 W, 1 %, 8939 MiB
2026/10/02 20:50:09.825, 0, 37, 1189 MHz, 31.34 W, 4 %, 8909 MiB
2026/10/02 20:50:09.829, 1, 45, 1189 MHz, 32.54 W, 3 %, 8909 MiB
2026/10/02 20:50:09.832, 2, 44, 1189 MHz, 33.90 W, 3 %, 8939 MiB
2026/10/02 20:50:10.835, 0, 37, 1189 MHz, 31.10 W, 1 %, 8909 MiB
2026/10/02 20:50:10.838, 1, 45, 1189 MHz, 32.28 W, 3 %, 8909 MiB
2026/10/02 20:50:10.841, 2, 44, 1189 MHz, 33.90 W, 1 %, 8939 MiB
2026/10/02 20:50:11.844, 0, 38, 1189 MHz, 31.10 W, 2 %, 8909 MiB
2026/10/02 20:50:11.847, 1, 45, 1189 MHz, 32.75 W, 1 %, 8909 MiB
2026/10/02 20:50:11.850, 2, 44, 1189 MHz, 33.90 W, 2 %, 8939 MiB
2026/10/02 20:50:12.853, 0, 37, 1189 MHz, 31.34 W, 4 %, 8909 MiB
2026/10/02 20:50:12.856, 1, 45, 1189 MHz, 32.77 W, 4 %, 8909 MiB
2026/10/02 20:50:12.860, 2, 44, 1189 MHz, 33.90 W, 3 %, 8939 MiB
2026/10/02 20:50:13.865, 0, 37, 1189 MHz, 31.34 W, 0 %, 8909 MiB
2026/10/02 20:50:13.869, 1, 45, 1189 MHz, 32.77 W, 2 %, 8909 MiB
2026/10/02 20:50:13.872, 2, 44, 1189 MHz, 33.90 W, 3 %, 8939 MiB
2026/10/02 20:50:14.875, 0, 37, 1189 MHz, 31.34 W, 1 %, 8909 MiB
2026/10/02 20:50:14.878, 1, 45, 1189 MHz, 32.75 W, 2 %, 8909 MiB
2026/10/02 20:50:14.881, 2, 44, 1189 MHz, 33.90 W, 2 %, 8939 MiB
2026/10/02 20:50:15.884, 0, 37, 1189 MHz, 31.34 W, 0 %, 8909 MiB
2026/10/02 20:50:15.887, 1, 45, 1189 MHz, 32.75 W, 2 %, 8909 MiB
2026/10/02 20:50:15.890, 2, 44, 1189 MHz, 33.90 W, 2 %, 8939 MiB
2026/10/02 20:50:16.895, 0, 37, 1189 MHz, 31.10 W, 2 %, 8909 MiB
2026/10/02 20:50:16.898, 1, 45, 1189 MHz, 32.99 W, 0 %, 8909 MiB
2026/10/02 20:50:16.901, 2, 44, 1189 MHz, 33.90 W, 0 %, 8939 MiB
2026/10/02 20:50:17.904, 0, 37, 1189 MHz, 31.10 W, 5 %, 8909 MiB
2026/10/02 20:50:17.908, 1, 45, 1189 MHz, 32.75 W, 3 %, 8909 MiB
2026/10/02 20:50:17.911, 2, 44, 1189 MHz, 33.90 W, 3 %, 8939 MiB
2026/10/02 20:50:18.914, 0, 37, 1189 MHz, 31.34 W, 2 %, 8909 MiB
2026/10/02 20:50:18.917, 1, 45, 1189 MHz, 32.75 W, 2 %, 8909 MiB
2026/10/02 20:50:18.920, 2, 44, 1189 MHz, 33.90 W, 0 %, 8939 MiB
2026/10/02 20:50:19.923, 0, 37, 1189 MHz, 31.34 W, 2 %, 8909 MiB
2026/10/02 20:50:19.927, 1, 45, 1189 MHz, 32.75 W, 2 %, 8909 MiB
2026/10/02 20:50:19.930, 2, 44, 1189 MHz, 33.90 W, 0 %, 8939 MiB
2026/10/02 20:50:20.934, 0, 37, 1189 MHz, 31.34 W, 2 %, 8909 MiB
2026/10/02 20:50:20.937, 1, 45, 1189 MHz, 32.52 W, 0 %, 8909 MiB
2026/10/02 20:50:20.940, 2, 44, 1189 MHz, 33.90 W, 3 %, 8939 MiB
2026/10/02 20:50:21.943, 0, 37, 1189 MHz, 31.34 W, 4 %, 8909 MiB
2026/10/02 20:50:21.946, 1, 45, 1189 MHz, 32.75 W, 1 %, 8909 MiB
2026/10/02 20:50:21.949, 2, 44, 1189 MHz, 33.90 W, 1 %, 8939 MiB
2026/10/02 20:50:22.953, 0, 37, 1189 MHz, 31.34 W, 1 %, 8909 MiB
2026/10/02 20:50:22.959, 1, 45, 1189 MHz, 32.77 W, 1 %, 8909 MiB
2026/10/02 20:50:22.962, 2, 44, 1189 MHz, 33.90 W, 1 %, 8939 MiB
2026/10/02 20:50:23.965, 0, 37, 1189 MHz, 31.10 W, 1 %, 8909 MiB
2026/10/02 20:50:23.968, 1, 45, 1189 MHz, 32.76 W, 3 %, 8909 MiB
2026/10/02 20:50:23.973, 2, 44, 1189 MHz, 33.90 W, 0 %, 8939 MiB
2026/10/02 20:50:24.976, 0, 37, 1189 MHz, 31.34 W, 3 %, 8909 MiB
2026/10/02 20:50:24.979, 1, 45, 1189 MHz, 32.75 W, 3 %, 8909 MiB
2026/10/02 20:50:24.982, 2, 44, 1189 MHz, 33.90 W, 0 %, 8939 MiB
2026/10/02 20:50:25.985, 0, 37, 1189 MHz, 31.34 W, 2 %, 8909 MiB
2026/10/02 20:50:25.988, 1, 45, 1189 MHz, 32.75 W, 0 %, 8909 MiB
2026/10/02 20:50:25.991, 2, 44, 1189 MHz, 33.67 W, 1 %, 8939 MiB
2026/10/02 20:50:26.995, 0, 37, 1189 MHz, 31.34 W, 4 %, 8909 MiB
2026/10/02 20:50:26.998, 1, 45, 1189 MHz, 32.52 W, 3 %, 8909 MiB
2026/10/02 20:50:27.001, 2, 44, 1189 MHz, 33.90 W, 3 %, 8939 MiB
2026/10/02 20:50:28.004, 0, 37, 1189 MHz, 31.34 W, 0 %, 8909 MiB
2026/10/02 20:50:28.007, 1, 45, 1189 MHz, 32.52 W, 0 %, 8909 MiB
2026/10/02 20:50:28.012, 2, 44, 1189 MHz, 33.90 W, 2 %, 8939 MiB
2026/10/02 20:50:29.015, 0, 37, 1189 MHz, 31.34 W, 1 %, 8909 MiB
2026/10/02 20:50:29.018, 1, 45, 1189 MHz, 32.52 W, 1 %, 8909 MiB
2026/10/02 20:50:29.021, 2, 44, 1189 MHz, 33.90 W, 1 %, 8939 MiB
2026/10/02 20:50:30.024, 0, 37, 1189 MHz, 31.34 W, 1 %, 8909 MiB
2026/10/02 20:50:30.028, 1, 45, 1189 MHz, 32.75 W, 3 %, 8909 MiB
2026/10/02 20:50:30.031, 2, 44, 1189 MHz, 33.90 W, 1 %, 8939 MiB
2026/10/02 20:50:31.034, 0, 37, 1189 MHz, 31.34 W, 3 %, 8909 MiB
2026/10/02 20:50:31.037, 1, 45, 1189 MHz, 32.75 W, 6 %, 8909 MiB
2026/10/02 20:50:31.040, 2, 44, 1189 MHz, 34.14 W, 4 %, 8939 MiB
2026/10/02 20:50:32.043, 0, 37, 1189 MHz, 31.34 W, 2 %, 8909 MiB
2026/10/02 20:50:32.046, 1, 45, 1189 MHz, 32.75 W, 0 %, 8909 MiB
2026/10/02 20:50:32.049, 2, 44, 1189 MHz, 33.67 W, 1 %, 8939 MiB
2026/10/02 20:50:33.052, 0, 37, 1189 MHz, 31.10 W, 1 %, 8909 MiB
2026/10/02 20:50:33.056, 1, 45, 1189 MHz, 32.52 W, 0 %, 8909 MiB
2026/10/02 20:50:33.059, 2, 44, 1189 MHz, 33.90 W, 1 %, 8939 MiB
2026/10/02 20:50:34.062, 0, 37, 1189 MHz, 31.34 W, 1 %, 8909 MiB
2026/10/02 20:50:34.065, 1, 45, 1189 MHz, 32.52 W, 3 %, 8909 MiB
2026/10/02 20:50:34.068, 2, 44, 1189 MHz, 33.90 W, 1 %, 8939 MiB
2026/10/02 20:50:35.071, 0, 37, 1189 MHz, 31.34 W, 1 %, 8909 MiB
2026/10/02 20:50:35.074, 1, 45, 1189 MHz, 32.52 W, 0 %, 8909 MiB
2026/10/02 20:50:35.077, 2, 44, 1189 MHz, 33.90 W, 2 %, 8939 MiB
2026/10/02 20:50:36.081, 0, 37, 1189 MHz, 31.34 W, 1 %, 8909 MiB
2026/10/02 20:50:36.084, 1, 45, 1189 MHz, 32.52 W, 2 %, 8909 MiB
2026/10/02 20:50:36.087, 2, 44, 1189 MHz, 33.90 W, 1 %, 8939 MiB
2026/10/02 20:50:37.091, 0, 37, 1189 MHz, 31.34 W, 0 %, 8909 MiB
2026/10/02 20:50:37.094, 1, 45, 1189 MHz, 32.52 W, 1 %, 8909 MiB
2026/10/02 20:50:37.097, 2, 44, 1189 MHz, 33.90 W, 3 %, 8939 MiB
2026/10/02 20:50:38.100, 0, 37, 1189 MHz, 31.34 W, 2 %, 8909 MiB
2026/10/02 20:50:38.104, 1, 45, 1189 MHz, 32.75 W, 0 %, 8909 MiB
2026/10/02 20:50:38.107, 2, 44, 1189 MHz, 34.14 W, 0 %, 8939 MiB
2026/10/02 20:50:39.110, 0, 37, 1189 MHz, 31.34 W, 3 %, 8909 MiB
2026/10/02 20:50:39.113, 1, 45, 1189 MHz, 32.75 W, 1 %, 8909 MiB
2026/10/02 20:50:39.116, 2, 44, 1189 MHz, 33.90 W, 1 %, 8939 MiB
2026/10/02 20:50:40.119, 0, 37, 1189 MHz, 31.34 W, 1 %, 8909 MiB
2026/10/02 20:50:40.122, 1, 45, 1189 MHz, 32.52 W, 1 %, 8909 MiB
2026/10/02 20:50:40.125, 2, 44, 1189 MHz, 33.90 W, 2 %, 8939 MiB
2026/10/02 20:50:41.128, 0, 37, 1189 MHz, 31.34 W, 1 %, 8909 MiB
2026/10/02 20:50:41.131, 1, 45, 1189 MHz, 32.52 W, 0 %, 8909 MiB
2026/10/02 20:50:41.134, 2, 44, 1189 MHz, 33.90 W, 0 %, 8939 MiB
2026/10/02 20:50:42.137, 0, 37, 1189 MHz, 31.34 W, 3 %, 8909 MiB
2026/10/02 20:50:42.141, 1, 45, 1189 MHz, 32.52 W, 1 %, 8909 MiB
2026/10/02 20:50:42.144, 2, 44, 1189 MHz, 33.90 W, 0 %, 8939 MiB
2026/10/02 20:50:43.147, 0, 37, 1189 MHz, 31.34 W, 2 %, 8909 MiB
2026/10/02 20:50:43.150, 1, 45, 1189 MHz, 32.75 W, 2 %, 8909 MiB
2026/10/02 20:50:43.153, 2, 44, 1189 MHz, 33.90 W, 1 %, 8939 MiB
2026/10/02 20:50:44.156, 0, 37, 1189 MHz, 31.34 W, 5 %, 8909 MiB
2026/10/02 20:50:44.159, 1, 45, 1189 MHz, 32.28 W, 3 %, 8909 MiB
2026/10/02 20:50:44.162, 2, 44, 1189 MHz, 33.90 W, 3 %, 8939 MiB
2026/10/02 20:50:45.165, 0, 37, 1189 MHz, 31.34 W, 0 %, 8985 MiB
2026/10/02 20:50:45.169, 1, 45, 1189 MHz, 32.77 W, 0 %, 8985 MiB
2026/10/02 20:50:45.172, 2, 44, 1189 MHz, 33.90 W, 0 %, 9015 MiB
2026/10/02 20:50:46.175, 0, 37, 1189 MHz, 31.34 W, 0 %, 8985 MiB
2026/10/02 20:50:46.178, 1, 45, 1189 MHz, 32.75 W, 0 %, 8985 MiB
2026/10/02 20:50:46.181, 2, 44, 1189 MHz, 33.90 W, 0 %, 9015 MiB
2026/10/02 20:50:47.184, 0, 37, 1189 MHz, 31.10 W, 1 %, 11447 MiB
2026/10/02 20:50:47.188, 1, 45, 1189 MHz, 32.75 W, 0 %, 11447 MiB
2026/10/02 20:50:47.191, 2, 44, 1189 MHz, 33.90 W, 1 %, 11497 MiB
2026/10/02 20:50:48.194, 0, 37, 1189 MHz, 31.34 W, 0 %, 11447 MiB
2026/10/02 20:50:48.197, 1, 45, 1189 MHz, 32.28 W, 0 %, 11447 MiB
2026/10/02 20:50:48.200, 2, 44, 1189 MHz, 33.90 W, 0 %, 11497 MiB
2026/10/02 20:50:49.203, 0, 37, 1189 MHz, 31.34 W, 0 %, 11447 MiB
2026/10/02 20:50:49.208, 1, 45, 1189 MHz, 32.52 W, 0 %, 11447 MiB
2026/10/02 20:50:49.211, 2, 44, 1189 MHz, 33.65 W, 0 %, 11497 MiB
2026/10/02 20:50:50.214, 0, 37, 1189 MHz, 31.34 W, 0 %, 11447 MiB
2026/10/02 20:50:50.217, 1, 45, 1189 MHz, 32.28 W, 0 %, 11447 MiB
2026/10/02 20:50:50.220, 2, 44, 1189 MHz, 33.67 W, 0 %, 11497 MiB
2026/10/02 20:50:51.223, 0, 37, 1189 MHz, 31.34 W, 0 %, 11447 MiB
2026/10/02 20:50:51.226, 1, 45, 1189 MHz, 32.28 W, 0 %, 11447 MiB
2026/10/02 20:50:51.229, 2, 44, 1189 MHz, 33.67 W, 0 %, 11497 MiB
2026/10/02 20:50:52.232, 0, 37, 1189 MHz, 31.57 W, 0 %, 11447 MiB
2026/10/02 20:50:52.235, 1, 45, 1189 MHz, 32.75 W, 0 %, 11447 MiB
2026/10/02 20:50:52.238, 2, 44, 1189 MHz, 33.90 W, 0 %, 11497 MiB
2026/10/02 20:50:53.242, 0, 38, 1189 MHz, 70.85 W, 85 %, 11699 MiB
2026/10/02 20:50:53.247, 1, 46, 1215 MHz, 35.36 W, 51 %, 11699 MiB
2026/10/02 20:50:53.250, 2, 45, 1189 MHz, 36.96 W, 43 %, 11749 MiB
2026/10/02 20:50:54.259, 0, 39, 1189 MHz, 41.42 W, 91 %, 11721 MiB
2026/10/02 20:50:54.275, 1, 47, 1215 MHz, 112.95 W, 53 %, 11721 MiB
2026/10/02 20:50:54.278, 2, 45, 1303 MHz, 43.94 W, 48 %, 11771 MiB
2026/10/02 20:50:55.281, 0, 39, 1252 MHz, 100.17 W, 95 %, 11721 MiB
2026/10/02 20:50:55.284, 1, 47, 1278 MHz, 54.30 W, 39 %, 11721 MiB
2026/10/02 20:50:55.291, 2, 46, 1240 MHz, 82.14 W, 42 %, 11771 MiB
2026/10/02 20:50:56.298, 0, 40, 1189 MHz, 48.76 W, 93 %, 11721 MiB
2026/10/02 20:50:56.302, 1, 48, 1202 MHz, 78.19 W, 46 %, 11721 MiB
2026/10/02 20:50:56.305, 2, 46, 1240 MHz, 45.13 W, 44 %, 11771 MiB
2026/10/02 20:50:57.308, 0, 39, 1240 MHz, 113.29 W, 92 %, 11721 MiB
2026/10/02 20:50:57.311, 1, 48, 1278 MHz, 50.70 W, 42 %, 11721 MiB
2026/10/02 20:50:57.318, 2, 47, 1189 MHz, 60.65 W, 42 %, 11771 MiB
2026/10/02 20:50:58.324, 0, 40, 1290 MHz, 46.10 W, 88 %, 11721 MiB
2026/10/02 20:50:58.328, 1, 48, 1290 MHz, 112.86 W, 43 %, 11721 MiB
2026/10/02 20:50:58.331, 2, 46, 1290 MHz, 43.44 W, 45 %, 11771 MiB
2026/10/02 20:50:59.334, 0, 40, 1240 MHz, 107.48 W, 87 %, 11721 MiB
2026/10/02 20:50:59.337, 1, 48, 1189 MHz, 43.87 W, 45 %, 11721 MiB
2026/10/02 20:50:59.349, 2, 47, 1202 MHz, 57.62 W, 46 %, 11771 MiB
2026/10/02 20:51:00.352, 0, 40, 1189 MHz, 44.80 W, 86 %, 11721 MiB
2026/10/02 20:51:00.356, 1, 48, 1265 MHz, 38.18 W, 49 %, 11721 MiB
2026/10/02 20:51:00.361, 2, 47, 1303 MHz, 53.53 W, 54 %, 11771 MiB
2026/10/02 20:51:01.370, 0, 40, 1252 MHz, 143.25 W, 93 %, 11721 MiB
2026/10/02 20:51:01.373, 1, 48, 1177 MHz, 75.58 W, 44 %, 11721 MiB
2026/10/02 20:51:01.376, 2, 47, 1240 MHz, 139.89 W, 45 %, 11771 MiB
2026/10/02 20:51:02.379, 0, 40, 1240 MHz, 38.58 W, 95 %, 11721 MiB
2026/10/02 20:51:02.383, 1, 48, 1189 MHz, 102.76 W, 49 %, 11721 MiB
2026/10/02 20:51:02.389, 2, 47, 1189 MHz, 49.48 W, 46 %, 11771 MiB
2026/10/02 20:51:03.395, 0, 41, 1215 MHz, 69.24 W, 92 %, 11721 MiB
2026/10/02 20:51:03.398, 1, 49, 1189 MHz, 40.79 W, 53 %, 11721 MiB
2026/10/02 20:51:03.401, 2, 47, 1189 MHz, 59.48 W, 40 %, 11771 MiB
2026/10/02 20:51:04.404, 0, 41, 1290 MHz, 54.85 W, 97 %, 11721 MiB
2026/10/02 20:51:04.410, 1, 49, 1189 MHz, 78.28 W, 42 %, 11721 MiB
2026/10/02 20:51:04.413, 2, 48, 1215 MHz, 45.36 W, 37 %, 11771 MiB
2026/10/02 20:51:05.420, 0, 41, 1177 MHz, 101.44 W, 90 %, 11721 MiB
2026/10/02 20:51:05.428, 1, 49, 1202 MHz, 44.58 W, 49 %, 11721 MiB
2026/10/02 20:51:05.431, 2, 48, 1164 MHz, 64.15 W, 48 %, 11771 MiB
2026/10/02 20:51:06.434, 0, 41, 1278 MHz, 157.80 W, 96 %, 11721 MiB
2026/10/02 20:51:06.444, 1, 49, 1139 MHz, 54.46 W, 46 %, 11721 MiB
2026/10/02 20:51:06.452, 2, 48, 1151 MHz, 72.35 W, 44 %, 11771 MiB
2026/10/02 20:51:07.455, 0, 41, 1240 MHz, 91.71 W, 93 %, 11721 MiB
2026/10/02 20:51:07.462, 1, 49, 1202 MHz, 138.63 W, 43 %, 11721 MiB
2026/10/02 20:51:07.465, 2, 47, 1189 MHz, 117.68 W, 42 %, 11771 MiB
2026/10/02 20:51:08.471, 0, 41, 1189 MHz, 97.30 W, 77 %, 11901 MiB
2026/10/02 20:51:08.474, 1, 49, 1227 MHz, 48.04 W, 41 %, 11901 MiB
2026/10/02 20:51:08.479, 2, 48, 1265 MHz, 81.87 W, 45 %, 11951 MiB
2026/10/02 20:51:09.482, 0, 41, 1189 MHz, 43.80 W, 94 %, 11901 MiB
2026/10/02 20:51:09.486, 1, 49, 1189 MHz, 95.67 W, 56 %, 11901 MiB
2026/10/02 20:51:09.489, 2, 48, 1202 MHz, 55.34 W, 46 %, 11951 MiB
2026/10/02 20:51:10.494, 0, 42, 1215 MHz, 117.14 W, 95 %, 11901 MiB
2026/10/02 20:51:10.504, 1, 49, 1189 MHz, 45.03 W, 47 %, 11901 MiB
2026/10/02 20:51:10.515, 2, 48, 1189 MHz, 50.97 W, 47 %, 11951 MiB
2026/10/02 20:51:11.520, 0, 42, 1202 MHz, 133.56 W, 94 %, 11901 MiB
2026/10/02 20:51:11.532, 1, 50, 1202 MHz, 52.28 W, 50 %, 11901 MiB
2026/10/02 20:51:11.535, 2, 48, 1290 MHz, 64.15 W, 43 %, 11951 MiB
2026/10/02 20:51:12.547, 0, 41, 1316 MHz, 137.17 W, 85 %, 11901 MiB
2026/10/02 20:51:12.554, 1, 50, 1202 MHz, 96.50 W, 41 %, 11901 MiB
2026/10/02 20:51:12.557, 2, 48, 1290 MHz, 151.53 W, 47 %, 11951 MiB
2026/10/02 20:51:13.564, 0, 42, 1278 MHz, 67.53 W, 91 %, 11901 MiB
2026/10/02 20:51:13.567, 1, 50, 1202 MHz, 98.34 W, 50 %, 11901 MiB
2026/10/02 20:51:13.581, 2, 48, 1278 MHz, 143.83 W, 43 %, 11951 MiB
2026/10/02 20:51:14.584, 0, 42, 1189 MHz, 54.46 W, 90 %, 11901 MiB
2026/10/02 20:51:14.588, 1, 50, 1265 MHz, 70.42 W, 49 %, 11901 MiB
2026/10/02 20:51:14.592, 2, 48, 1189 MHz, 42.76 W, 50 %, 11951 MiB
2026/10/02 20:51:15.600, 0, 42, 1202 MHz, 69.71 W, 94 %, 11901 MiB
2026/10/02 20:51:15.605, 1, 50, 1189 MHz, 64.85 W, 50 %, 11901 MiB
2026/10/02 20:51:15.605, 2, 49, 1202 MHz, 60.18 W, 43 %, 11951 MiB
2026/10/02 20:51:16.608, 0, 43, 1202 MHz, 67.11 W, 93 %, 11901 MiB
2026/10/02 20:51:16.612, 1, 51, 1202 MHz, 52.69 W, 44 %, 11901 MiB
2026/10/02 20:51:16.617, 2, 49, 1252 MHz, 50.28 W, 42 %, 11951 MiB
2026/10/02 20:51:17.624, 0, 42, 1202 MHz, 90.81 W, 92 %, 11901 MiB
2026/10/02 20:51:17.629, 1, 50, 1189 MHz, 107.54 W, 49 %, 11901 MiB
2026/10/02 20:51:17.640, 2, 49, 1189 MHz, 123.44 W, 46 %, 11951 MiB
2026/10/02 20:51:18.643, 0, 43, 1265 MHz, 50.19 W, 86 %, 11901 MiB
2026/10/02 20:51:18.652, 1, 50, 1202 MHz, 77.45 W, 42 %, 11901 MiB
2026/10/02 20:51:18.655, 2, 49, 1202 MHz, 44.65 W, 43 %, 11951 MiB
2026/10/02 20:51:19.658, 0, 43, 1189 MHz, 101.28 W, 91 %, 11901 MiB
2026/10/02 20:51:19.662, 1, 50, 1189 MHz, 50.32 W, 51 %, 11901 MiB
2026/10/02 20:51:19.665, 2, 49, 1189 MHz, 77.62 W, 43 %, 11951 MiB
2026/10/02 20:51:20.671, 0, 43, 1189 MHz, 66.64 W, 92 %, 11901 MiB
2026/10/02 20:51:20.680, 1, 51, 1202 MHz, 60.22 W, 49 %, 11901 MiB
2026/10/02 20:51:20.683, 2, 49, 1202 MHz, 50.26 W, 50 %, 11951 MiB
2026/10/02 20:51:21.686, 0, 43, 1278 MHz, 134.46 W, 92 %, 11901 MiB
2026/10/02 20:51:21.689, 1, 51, 1202 MHz, 104.17 W, 43 %, 11901 MiB
2026/10/02 20:51:21.692, 2, 49, 1265 MHz, 143.68 W, 43 %, 11951 MiB
2026/10/02 20:51:22.702, 0, 43, 1278 MHz, 40.01 W, 92 %, 11901 MiB
2026/10/02 20:51:22.707, 1, 50, 1189 MHz, 113.32 W, 46 %, 11901 MiB
2026/10/02 20:51:22.710, 2, 49, 1189 MHz, 69.52 W, 42 %, 11951 MiB
2026/10/02 20:51:23.713, 0, 43, 1189 MHz, 55.80 W, 93 %, 11901 MiB
2026/10/02 20:51:23.717, 1, 50, 1189 MHz, 94.92 W, 48 %, 11901 MiB
2026/10/02 20:51:23.728, 2, 49, 1189 MHz, 45.10 W, 47 %, 11951 MiB
2026/10/02 20:51:24.731, 0, 43, 1189 MHz, 125.16 W, 83 %, 11901 MiB
2026/10/02 20:51:24.734, 1, 51, 1151 MHz, 76.75 W, 45 %, 11901 MiB
2026/10/02 20:51:24.737, 2, 50, 1189 MHz, 133.06 W, 51 %, 11951 MiB
2026/10/02 20:51:25.746, 0, 43, 1202 MHz, 47.28 W, 92 %, 11901 MiB
2026/10/02 20:51:25.751, 1, 51, 1290 MHz, 116.15 W, 42 %, 11901 MiB
2026/10/02 20:51:25.754, 2, 49, 1316 MHz, 100.32 W, 42 %, 11951 MiB
2026/10/02 20:51:26.771, 0, 44, 1290 MHz, 79.91 W, 91 %, 11901 MiB
2026/10/02 20:51:26.777, 1, 51, 1265 MHz, 83.75 W, 49 %, 11901 MiB
2026/10/02 20:51:26.780, 2, 49, 1290 MHz, 101.62 W, 49 %, 11951 MiB
2026/10/02 20:51:27.783, 0, 44, 1316 MHz, 103.72 W, 95 %, 11901 MiB
2026/10/02 20:51:27.790, 1, 51, 1189 MHz, 42.92 W, 47 %, 11901 MiB
2026/10/02 20:51:27.801, 2, 50, 1252 MHz, 59.19 W, 43 %, 11951 MiB
2026/10/02 20:51:28.804, 0, 44, 1303 MHz, 39.06 W, 85 %, 11901 MiB
2026/10/02 20:51:28.814, 1, 51, 1265 MHz, 135.50 W, 44 %, 11901 MiB
2026/10/02 20:51:28.817, 2, 50, 1202 MHz, 78.99 W, 44 %, 11951 MiB
2026/10/02 20:51:29.820, 0, 44, 1290 MHz, 87.19 W, 90 %, 11901 MiB
2026/10/02 20:51:29.824, 1, 51, 1189 MHz, 43.10 W, 61 %, 11901 MiB
2026/10/02 20:51:29.831, 2, 50, 1189 MHz, 61.08 W, 50 %, 11951 MiB
2026/10/02 20:51:30.834, 0, 44, 1303 MHz, 113.59 W, 80 %, 11901 MiB
2026/10/02 20:51:30.844, 1, 51, 1215 MHz, 44.78 W, 42 %, 11901 MiB
2026/10/02 20:51:30.852, 2, 50, 1189 MHz, 58.25 W, 57 %, 11951 MiB
2026/10/02 20:51:31.855, 0, 44, 1278 MHz, 76.18 W, 89 %, 11901 MiB
2026/10/02 20:51:31.863, 1, 52, 1189 MHz, 112.15 W, 49 %, 11901 MiB
2026/10/02 20:51:31.878, 2, 50, 1189 MHz, 127.54 W, 50 %, 11951 MiB
2026/10/02 20:51:32.881, 0, 44, 1189 MHz, 80.77 W, 91 %, 11901 MiB
2026/10/02 20:51:32.884, 1, 52, 1278 MHz, 79.51 W, 43 %, 11901 MiB
2026/10/02 20:51:32.887, 2, 50, 1227 MHz, 99.61 W, 44 %, 11951 MiB
2026/10/02 20:51:33.890, 0, 44, 1189 MHz, 135.90 W, 96 %, 11901 MiB
2026/10/02 20:51:33.893, 1, 52, 1189 MHz, 56.75 W, 50 %, 11901 MiB
2026/10/02 20:51:33.899, 2, 50, 1139 MHz, 79.56 W, 46 %, 11951 MiB
2026/10/02 20:51:34.905, 0, 44, 1189 MHz, 49.47 W, 94 %, 11901 MiB
2026/10/02 20:51:34.910, 1, 52, 1189 MHz, 37.26 W, 43 %, 11901 MiB
2026/10/02 20:51:34.921, 2, 51, 1189 MHz, 58.76 W, 41 %, 11951 MiB
2026/10/02 20:51:35.924, 0, 44, 1278 MHz, 49.68 W, 94 %, 11901 MiB
2026/10/02 20:51:35.934, 1, 52, 1189 MHz, 100.95 W, 50 %, 11901 MiB
2026/10/02 20:51:35.937, 2, 51, 1189 MHz, 60.92 W, 46 %, 11951 MiB
2026/10/02 20:51:36.943, 0, 44, 1189 MHz, 81.31 W, 96 %, 11901 MiB
2026/10/02 20:51:36.947, 1, 52, 1189 MHz, 130.47 W, 45 %, 11901 MiB
2026/10/02 20:51:36.950, 2, 50, 1252 MHz, 119.46 W, 43 %, 11951 MiB
2026/10/02 20:51:37.953, 0, 44, 1202 MHz, 95.56 W, 71 %, 11901 MiB
2026/10/02 20:51:37.962, 1, 52, 1303 MHz, 42.92 W, 45 %, 11901 MiB
2026/10/02 20:51:37.965, 2, 51, 1252 MHz, 55.97 W, 48 %, 11951 MiB
2026/10/02 20:51:38.970, 0, 44, 1189 MHz, 134.96 W, 95 %, 11901 MiB
2026/10/02 20:51:38.975, 1, 52, 1139 MHz, 56.03 W, 48 %, 11901 MiB
2026/10/02 20:51:38.984, 2, 51, 1202 MHz, 66.74 W, 47 %, 11951 MiB
2026/10/02 20:51:39.992, 0, 44, 1202 MHz, 54.90 W, 88 %, 11901 MiB
2026/10/02 20:51:39.996, 1, 52, 1303 MHz, 43.56 W, 43 %, 11901 MiB
2026/10/02 20:51:39.999, 2, 51, 1278 MHz, 48.60 W, 42 %, 11951 MiB
2026/10/02 20:51:41.004, 0, 45, 1189 MHz, 46.34 W, 93 %, 11901 MiB
2026/10/02 20:51:41.010, 1, 52, 1189 MHz, 111.31 W, 49 %, 11901 MiB
2026/10/02 20:51:41.019, 2, 51, 1290 MHz, 75.24 W, 48 %, 11951 MiB
2026/10/02 20:51:42.022, 0, 45, 1215 MHz, 49.91 W, 91 %, 11901 MiB
2026/10/02 20:51:42.027, 1, 53, 1189 MHz, 99.77 W, 43 %, 11901 MiB
2026/10/02 20:51:42.031, 2, 51, 1303 MHz, 47.92 W, 43 %, 11951 MiB
2026/10/02 20:51:43.038, 0, 45, 1189 MHz, 83.25 W, 97 %, 11901 MiB
2026/10/02 20:51:43.041, 1, 53, 1240 MHz, 44.56 W, 41 %, 11901 MiB
2026/10/02 20:51:43.048, 2, 51, 1189 MHz, 52.85 W, 39 %, 11951 MiB
2026/10/02 20:51:44.053, 0, 45, 1290 MHz, 43.52 W, 80 %, 11901 MiB
2026/10/02 20:51:44.057, 1, 52, 1215 MHz, 121.46 W, 38 %, 11901 MiB
2026/10/02 20:51:44.060, 2, 51, 1290 MHz, 48.57 W, 54 %, 11951 MiB
2026/10/02 20:51:45.063, 0, 45, 1202 MHz, 104.55 W, 92 %, 11901 MiB
2026/10/02 20:51:45.066, 1, 53, 1278 MHz, 51.55 W, 58 %, 11901 MiB
2026/10/02 20:51:45.073, 2, 51, 1202 MHz, 66.23 W, 49 %, 11951 MiB
2026/10/02 20:51:46.077, 0, 45, 1290 MHz, 72.84 W, 89 %, 11901 MiB
2026/10/02 20:51:46.080, 1, 52, 1189 MHz, 130.03 W, 47 %, 11901 MiB
2026/10/02 20:51:46.084, 2, 51, 1227 MHz, 105.91 W, 43 %, 11951 MiB
2026/10/02 20:51:47.087, 0, 46, 1202 MHz, 44.95 W, 91 %, 11901 MiB
2026/10/02 20:51:47.091, 1, 53, 1278 MHz, 122.92 W, 43 %, 11901 MiB
2026/10/02 20:51:47.094, 2, 51, 1189 MHz, 78.86 W, 43 %, 11951 MiB
2026/10/02 20:51:48.100, 0, 45, 1240 MHz, 51.31 W, 93 %, 11901 MiB
2026/10/02 20:51:48.104, 1, 53, 1202 MHz, 89.10 W, 41 %, 11901 MiB
2026/10/02 20:51:48.110, 2, 51, 1290 MHz, 47.69 W, 48 %, 11951 MiB
2026/10/02 20:51:49.113, 0, 46, 1177 MHz, 64.08 W, 94 %, 11901 MiB
2026/10/02 20:51:49.124, 1, 53, 1215 MHz, 100.24 W, 46 %, 11901 MiB
2026/10/02 20:51:49.132, 2, 51, 1189 MHz, 44.41 W, 41 %, 11951 MiB
2026/10/02 20:51:50.135, 0, 46, 1189 MHz, 51.06 W, 95 %, 11901 MiB
2026/10/02 20:51:50.139, 1, 53, 1202 MHz, 38.40 W, 43 %, 11901 MiB
2026/10/02 20:51:50.141, 2, 52, 1164 MHz, 74.91 W, 44 %, 11951 MiB
2026/10/02 20:51:51.152, 0, 45, 1265 MHz, 147.12 W, 94 %, 11901 MiB
2026/10/02 20:51:51.155, 1, 53, 1189 MHz, 52.79 W, 48 %, 11901 MiB
2026/10/02 20:51:51.162, 2, 52, 1227 MHz, 76.50 W, 46 %, 11951 MiB
2026/10/02 20:51:52.168, 0, 46, 1189 MHz, 79.02 W, 95 %, 11901 MiB
2026/10/02 20:51:52.171, 1, 53, 1303 MHz, 60.37 W, 47 %, 11901 MiB
2026/10/02 20:51:52.179, 2, 52, 1189 MHz, 94.09 W, 46 %, 11951 MiB
2026/10/02 20:51:53.182, 0, 45, 1189 MHz, 128.81 W, 78 %, 11901 MiB
2026/10/02 20:51:53.193, 1, 53, 1164 MHz, 61.81 W, 51 %, 11901 MiB
2026/10/02 20:51:53.201, 2, 52, 1189 MHz, 95.56 W, 64 %, 11951 MiB
2026/10/02 20:51:54.204, 0, 46, 1189 MHz, 44.71 W, 96 %, 11901 MiB
2026/10/02 20:51:54.210, 1, 53, 1240 MHz, 104.08 W, 46 %, 11901 MiB
2026/10/02 20:51:54.214, 2, 52, 1189 MHz, 75.82 W, 46 %, 11951 MiB
2026/10/02 20:51:55.218, 0, 46, 1265 MHz, 48.46 W, 76 %, 11901 MiB
2026/10/02 20:51:55.222, 1, 53, 1290 MHz, 133.36 W, 42 %, 11901 MiB
2026/10/02 20:51:55.226, 2, 52, 1189 MHz, 43.88 W, 62 %, 11951 MiB
2026/10/02 20:51:56.229, 0, 46, 1151 MHz, 62.94 W, 89 %, 11901 MiB
2026/10/02 20:51:56.240, 1, 53, 1189 MHz, 85.95 W, 48 %, 11901 MiB
2026/10/02 20:51:56.246, 2, 52, 1189 MHz, 45.57 W, 41 %, 11951 MiB
2026/10/02 20:51:57.249, 0, 46, 1189 MHz, 99.66 W, 92 %, 11901 MiB
2026/10/02 20:51:57.252, 1, 53, 1189 MHz, 52.06 W, 47 %, 11901 MiB
2026/10/02 20:51:57.256, 2, 52, 1189 MHz, 75.84 W, 42 %, 11951 MiB
2026/10/02 20:51:58.267, 0, 46, 1316 MHz, 146.10 W, 94 %, 11901 MiB
2026/10/02 20:51:58.277, 1, 54, 1139 MHz, 69.52 W, 42 %, 11901 MiB
2026/10/02 20:51:58.280, 2, 52, 1290 MHz, 98.54 W, 43 %, 11951 MiB
2026/10/02 20:51:59.290, 0, 46, 1227 MHz, 119.07 W, 92 %, 11901 MiB
2026/10/02 20:51:59.293, 1, 53, 1189 MHz, 88.35 W, 44 %, 11901 MiB
2026/10/02 20:51:59.296, 2, 52, 1303 MHz, 147.18 W, 48 %, 11951 MiB
2026/10/02 20:52:00.299, 0, 46, 1303 MHz, 51.34 W, 96 %, 11901 MiB
2026/10/02 20:52:00.310, 1, 54, 1189 MHz, 101.59 W, 48 %, 11901 MiB
2026/10/02 20:52:00.313, 2, 52, 1202 MHz, 42.52 W, 45 %, 11951 MiB
2026/10/02 20:52:01.318, 0, 46, 1303 MHz, 128.00 W, 77 %, 11901 MiB
2026/10/02 20:52:01.321, 1, 54, 1240 MHz, 116.52 W, 48 %, 11901 MiB
2026/10/02 20:52:01.324, 2, 52, 1189 MHz, 122.78 W, 59 %, 11951 MiB
2026/10/02 20:52:02.327, 0, 47, 1290 MHz, 63.04 W, 90 %, 11901 MiB
2026/10/02 20:52:02.331, 1, 54, 1189 MHz, 78.66 W, 54 %, 11901 MiB
2026/10/02 20:52:02.337, 2, 52, 1227 MHz, 45.80 W, 40 %, 11951 MiB
2026/10/02 20:52:03.344, 0, 46, 1189 MHz, 102.81 W, 97 %, 11901 MiB
2026/10/02 20:52:03.347, 1, 54, 1202 MHz, 50.83 W, 42 %, 11901 MiB
2026/10/02 20:52:03.350, 2, 52, 1215 MHz, 97.38 W, 49 %, 11951 MiB
2026/10/02 20:52:04.353, 0, 46, 1290 MHz, 45.66 W, 78 %, 11901 MiB
2026/10/02 20:52:04.358, 1, 54, 1189 MHz, 120.05 W, 44 %, 11901 MiB
2026/10/02 20:52:04.363, 2, 52, 1189 MHz, 74.15 W, 56 %, 11951 MiB
2026/10/02 20:52:05.368, 0, 47, 1177 MHz, 101.90 W, 85 %, 11901 MiB
2026/10/02 20:52:05.371, 1, 54, 1202 MHz, 49.73 W, 68 %, 11901 MiB
2026/10/02 20:52:05.374, 2, 53, 1215 MHz, 72.59 W, 44 %, 11951 MiB
2026/10/02 20:52:06.380, 0, 47, 1303 MHz, 53.19 W, 94 %, 11901 MiB
2026/10/02 20:52:06.386, 1, 54, 1189 MHz, 94.97 W, 40 %, 11901 MiB
2026/10/02 20:52:06.389, 2, 53, 1189 MHz, 45.12 W, 48 %, 11951 MiB
2026/10/02 20:52:07.392, 0, 46, 1240 MHz, 67.58 W, 87 %, 11901 MiB
2026/10/02 20:52:07.396, 1, 54, 1215 MHz, 41.26 W, 41 %, 11901 MiB
2026/10/02 20:52:07.399, 2, 53, 1265 MHz, 53.57 W, 44 %, 11951 MiB
2026/10/02 20:52:08.404, 0, 47, 1265 MHz, 107.73 W, 90 %, 11901 MiB
2026/10/02 20:52:08.415, 1, 54, 1189 MHz, 45.26 W, 58 %, 11901 MiB
2026/10/02 20:52:08.418, 2, 53, 1189 MHz, 56.83 W, 49 %, 11951 MiB
2026/10/02 20:52:09.425, 0, 47, 1202 MHz, 51.78 W, 90 %, 11901 MiB
2026/10/02 20:52:09.433, 1, 54, 1189 MHz, 102.06 W, 45 %, 11901 MiB
2026/10/02 20:52:09.440, 2, 53, 1189 MHz, 78.55 W, 49 %, 11951 MiB
2026/10/02 20:52:10.447, 0, 47, 1215 MHz, 55.40 W, 92 %, 11901 MiB
2026/10/02 20:52:10.451, 1, 54, 1303 MHz, 54.11 W, 46 %, 11901 MiB
2026/10/02 20:52:10.457, 2, 53, 1189 MHz, 46.75 W, 43 %, 11951 MiB
2026/10/02 20:52:11.460, 0, 47, 1189 MHz, 42.34 W, 92 %, 11901 MiB
2026/10/02 20:52:11.464, 1, 54, 1316 MHz, 137.71 W, 43 %, 11901 MiB
2026/10/02 20:52:11.467, 2, 53, 1265 MHz, 68.34 W, 43 %, 11951 MiB
2026/10/02 20:52:12.473, 0, 47, 1202 MHz, 136.81 W, 92 %, 11901 MiB
2026/10/02 20:52:12.477, 1, 55, 1202 MHz, 58.44 W, 46 %, 11901 MiB
2026/10/02 20:52:12.485, 2, 53, 1202 MHz, 73.77 W, 43 %, 11951 MiB
2026/10/02 20:52:13.493, 0, 47, 1189 MHz, 96.33 W, 94 %, 11901 MiB
2026/10/02 20:52:13.497, 1, 55, 1265 MHz, 140.31 W, 51 %, 11901 MiB
2026/10/02 20:52:13.500, 2, 53, 1189 MHz, 116.74 W, 43 %, 11951 MiB
2026/10/02 20:52:14.506, 0, 47, 1189 MHz, 132.91 W, 93 %, 11901 MiB
2026/10/02 20:52:14.512, 1, 55, 1126 MHz, 137.57 W, 45 %, 11901 MiB
2026/10/02 20:52:14.521, 2, 53, 1227 MHz, 79.65 W, 43 %, 11951 MiB
2026/10/02 20:52:15.528, 0, 48, 1088 MHz, 98.58 W, 95 %, 11901 MiB
2026/10/02 20:52:15.532, 1, 54, 1215 MHz, 37.47 W, 46 %, 11901 MiB
2026/10/02 20:52:15.538, 2, 53, 1189 MHz, 39.96 W, 51 %, 11951 MiB
2026/10/02 20:52:16.546, 0, 47, 1303 MHz, 153.95 W, 77 %, 11901 MiB
2026/10/02 20:52:16.549, 1, 55, 1202 MHz, 84.17 W, 49 %, 11901 MiB
2026/10/02 20:52:16.552, 2, 53, 1189 MHz, 126.01 W, 58 %, 11951 MiB
2026/10/02 20:52:17.561, 0, 47, 1189 MHz, 109.37 W, 97 %, 11901 MiB
2026/10/02 20:52:17.566, 1, 55, 1189 MHz, 126.35 W, 54 %, 11901 MiB
2026/10/02 20:52:17.567, 2, 53, 1202 MHz, 122.26 W, 49 %, 11951 MiB
2026/10/02 20:52:18.570, 0, 47, 1290 MHz, 152.40 W, 74 %, 11901 MiB
2026/10/02 20:52:18.573, 1, 55, 1202 MHz, 70.43 W, 51 %, 11901 MiB
2026/10/02 20:52:18.583, 2, 53, 1164 MHz, 104.51 W, 62 %, 11951 MiB
2026/10/02 20:52:19.586, 0, 47, 1202 MHz, 66.91 W, 86 %, 11901 MiB
2026/10/02 20:52:19.591, 1, 55, 1189 MHz, 63.27 W, 57 %, 11901 MiB
2026/10/02 20:52:19.599, 2, 53, 1202 MHz, 50.77 W, 48 %, 11951 MiB
2026/10/02 20:52:20.602, 0, 48, 1151 MHz, 57.69 W, 98 %, 11901 MiB
2026/10/02 20:52:20.607, 1, 55, 1189 MHz, 81.24 W, 51 %, 11901 MiB
2026/10/02 20:52:20.611, 2, 53, 1189 MHz, 46.51 W, 43 %, 11951 MiB
2026/10/02 20:52:21.618, 0, 48, 1215 MHz, 80.71 W, 77 %, 11901 MiB
2026/10/02 20:52:21.622, 1, 55, 1189 MHz, 67.45 W, 48 %, 11901 MiB
2026/10/02 20:52:21.625, 2, 53, 1189 MHz, 99.45 W, 58 %, 11951 MiB
2026/10/02 20:52:22.629, 0, 48, 1290 MHz, 60.81 W, 87 %, 11901 MiB
2026/10/02 20:52:22.637, 1, 55, 1189 MHz, 40.04 W, 65 %, 11901 MiB
2026/10/02 20:52:22.642, 2, 53, 1189 MHz, 46.98 W, 41 %, 11951 MiB
2026/10/02 20:52:23.649, 0, 48, 1202 MHz, 73.43 W, 97 %, 11901 MiB
2026/10/02 20:52:23.650, 1, 55, 1189 MHz, 39.37 W, 44 %, 11901 MiB
2026/10/02 20:52:23.653, 2, 53, 1189 MHz, 51.21 W, 40 %, 11951 MiB
2026/10/02 20:52:24.656, 0, 47, 1189 MHz, 68.98 W, 74 %, 11901 MiB
2026/10/02 20:52:24.660, 1, 55, 1189 MHz, 135.54 W, 43 %, 11901 MiB
2026/10/02 20:52:24.671, 2, 54, 1189 MHz, 125.30 W, 66 %, 11951 MiB
2026/10/02 20:52:25.674, 0, 47, 1202 MHz, 51.44 W, 97 %, 11901 MiB
2026/10/02 20:52:25.677, 1, 55, 1189 MHz, 127.96 W, 42 %, 11901 MiB
2026/10/02 20:52:25.680, 2, 54, 1202 MHz, 136.28 W, 41 %, 11951 MiB
2026/10/02 20:52:26.703, 0, 47, 1265 MHz, 130.32 W, 75 %, 11901 MiB
2026/10/02 20:52:26.710, 1, 55, 1189 MHz, 49.28 W, 49 %, 11901 MiB
2026/10/02 20:52:26.713, 2, 54, 1202 MHz, 73.72 W, 62 %, 11951 MiB
2026/10/02 20:52:27.718, 0, 48, 1189 MHz, 54.85 W, 85 %, 11901 MiB
2026/10/02 20:52:27.722, 1, 55, 1240 MHz, 84.40 W, 51 %, 11901 MiB
2026/10/02 20:52:27.725, 2, 54, 1189 MHz, 47.93 W, 45 %, 11951 MiB
2026/10/02 20:52:28.738, 0, 48, 1189 MHz, 50.33 W, 98 %, 11901 MiB
2026/10/02 20:52:28.742, 1, 55, 1202 MHz, 78.90 W, 47 %, 11901 MiB
2026/10/02 20:52:28.745, 2, 53, 1189 MHz, 46.28 W, 50 %, 11951 MiB
2026/10/02 20:52:29.748, 0, 48, 1202 MHz, 44.71 W, 74 %, 11901 MiB
2026/10/02 20:52:29.756, 1, 55, 1316 MHz, 113.14 W, 45 %, 11901 MiB
2026/10/02 20:52:29.759, 2, 54, 1189 MHz, 65.38 W, 50 %, 11951 MiB
2026/10/02 20:52:30.764, 0, 48, 1189 MHz, 86.97 W, 90 %, 11901 MiB
2026/10/02 20:52:30.776, 1, 55, 1202 MHz, 48.06 W, 54 %, 11901 MiB
2026/10/02 20:52:30.779, 2, 54, 1227 MHz, 67.18 W, 49 %, 11951 MiB
2026/10/02 20:52:31.785, 0, 48, 1240 MHz, 105.73 W, 91 %, 11901 MiB
2026/10/02 20:52:31.789, 1, 55, 1202 MHz, 54.50 W, 41 %, 11901 MiB
2026/10/02 20:52:31.792, 2, 54, 1189 MHz, 91.21 W, 50 %, 11951 MiB
2026/10/02 20:52:32.795, 0, 48, 1303 MHz, 79.24 W, 82 %, 11901 MiB
2026/10/02 20:52:32.798, 1, 55, 1202 MHz, 40.79 W, 51 %, 11901 MiB
2026/10/02 20:52:32.807, 2, 54, 1265 MHz, 51.44 W, 49 %, 11951 MiB
2026/10/02 20:52:33.812, 0, 48, 1189 MHz, 100.92 W, 92 %, 11901 MiB
2026/10/02 20:52:33.815, 1, 55, 1189 MHz, 53.12 W, 34 %, 11901 MiB
2026/10/02 20:52:33.818, 2, 54, 1278 MHz, 93.60 W, 45 %, 11951 MiB
2026/10/02 20:52:34.821, 0, 48, 1252 MHz, 113.02 W, 89 %, 11901 MiB
2026/10/02 20:52:34.826, 1, 55, 1189 MHz, 51.58 W, 33 %, 11901 MiB
2026/10/02 20:52:34.829, 2, 54, 1189 MHz, 74.42 W, 44 %, 11951 MiB
2026/10/02 20:52:35.834, 0, 48, 1202 MHz, 108.28 W, 90 %, 11901 MiB
2026/10/02 20:52:35.838, 1, 55, 1189 MHz, 47.56 W, 60 %, 11901 MiB
2026/10/02 20:52:35.841, 2, 54, 1240 MHz, 74.66 W, 41 %, 11951 MiB
2026/10/02 20:52:36.844, 0, 48, 1202 MHz, 43.32 W, 94 %, 11901 MiB
2026/10/02 20:52:36.848, 1, 55, 1189 MHz, 95.18 W, 39 %, 11901 MiB
2026/10/02 20:52:36.854, 2, 54, 1189 MHz, 79.33 W, 32 %, 11951 MiB
2026/10/02 20:52:37.858, 0, 48, 1189 MHz, 46.13 W, 82 %, 11901 MiB
2026/10/02 20:52:37.862, 1, 55, 1189 MHz, 100.61 W, 39 %, 11901 MiB
2026/10/02 20:52:37.865, 2, 54, 1215 MHz, 60.45 W, 57 %, 11951 MiB
2026/10/02 20:52:38.868, 0, 48, 1189 MHz, 44.71 W, 81 %, 11901 MiB
2026/10/02 20:52:38.872, 1, 56, 1189 MHz, 102.46 W, 72 %, 11901 MiB
2026/10/02 20:52:38.875, 2, 54, 1189 MHz, 79.29 W, 48 %, 11951 MiB
2026/10/02 20:52:39.880, 0, 49, 1215 MHz, 56.94 W, 95 %, 11901 MiB
2026/10/02 20:52:39.886, 1, 55, 1202 MHz, 79.64 W, 44 %, 11901 MiB
2026/10/02 20:52:39.890, 2, 54, 1189 MHz, 51.71 W, 42 %, 11951 MiB
2026/10/02 20:52:40.893, 0, 48, 1278 MHz, 50.36 W, 61 %, 11901 MiB
2026/10/02 20:52:40.899, 1, 56, 1215 MHz, 105.24 W, 43 %, 11901 MiB
2026/10/02 20:52:40.904, 2, 54, 1189 MHz, 80.07 W, 63 %, 11951 MiB
2026/10/02 20:52:41.909, 0, 49, 1151 MHz, 86.55 W, 98 %, 11901 MiB
2026/10/02 20:52:41.913, 1, 56, 1189 MHz, 45.26 W, 44 %, 11901 MiB
2026/10/02 20:52:41.916, 2, 54, 1189 MHz, 67.21 W, 44 %, 11951 MiB
2026/10/02 20:52:42.919, 0, 48, 1265 MHz, 150.54 W, 69 %, 11901 MiB
2026/10/02 20:52:42.928, 1, 56, 1189 MHz, 54.45 W, 40 %, 11901 MiB
2026/10/02 20:52:42.931, 2, 54, 1139 MHz, 80.50 W, 66 %, 11951 MiB
2026/10/02 20:52:43.938, 0, 48, 1189 MHz, 121.43 W, 83 %, 11901 MiB
2026/10/02 20:52:43.941, 1, 56, 1151 MHz, 50.71 W, 48 %, 11901 MiB
2026/10/02 20:52:43.951, 2, 54, 1189 MHz, 60.92 W, 50 %, 11951 MiB
2026/10/02 20:52:44.959, 0, 48, 1189 MHz, 127.43 W, 97 %, 11901 MiB
2026/10/02 20:52:44.969, 1, 56, 1215 MHz, 72.52 W, 42 %, 11901 MiB
2026/10/02 20:52:44.972, 2, 54, 1189 MHz, 109.65 W, 44 %, 11951 MiB
2026/10/02 20:52:45.983, 0, 48, 1290 MHz, 157.88 W, 71 %, 11901 MiB
2026/10/02 20:52:45.999, 1, 56, 1189 MHz, 59.57 W, 33 %, 11901 MiB
2026/10/02 20:52:46.002, 2, 55, 1164 MHz, 92.57 W, 43 %, 11951 MiB
2026/10/02 20:52:47.008, 0, 48, 1240 MHz, 147.05 W, 93 %, 11901 MiB
2026/10/02 20:52:47.015, 1, 56, 1189 MHz, 63.02 W, 62 %, 11901 MiB
2026/10/02 20:52:47.018, 2, 54, 1139 MHz, 94.15 W, 35 %, 11951 MiB
2026/10/02 20:52:48.025, 0, 49, 1303 MHz, 42.29 W, 94 %, 11901 MiB
2026/10/02 20:52:48.028, 1, 56, 1252 MHz, 139.44 W, 41 %, 11901 MiB
2026/10/02 20:52:48.031, 2, 54, 1189 MHz, 82.62 W, 39 %, 11951 MiB
2026/10/02 20:52:49.034, 0, 48, 1316 MHz, 45.12 W, 62 %, 11901 MiB
2026/10/02 20:52:49.038, 1, 56, 1202 MHz, 120.67 W, 37 %, 11901 MiB
2026/10/02 20:52:49.044, 2, 54, 1303 MHz, 54.59 W, 63 %, 11951 MiB
2026/10/02 20:52:50.047, 0, 49, 1252 MHz, 103.39 W, 98 %, 11901 MiB
2026/10/02 20:52:50.050, 1, 56, 1202 MHz, 55.92 W, 42 %, 11901 MiB
2026/10/02 20:52:50.053, 2, 54, 1189 MHz, 109.37 W, 46 %, 11951 MiB
2026/10/02 20:52:51.057, 0, 49, 1189 MHz, 44.95 W, 72 %, 11901 MiB
2026/10/02 20:52:51.065, 1, 56, 1278 MHz, 115.53 W, 42 %, 11901 MiB
2026/10/02 20:52:51.070, 2, 55, 1202 MHz, 58.13 W, 62 %, 11951 MiB
2026/10/02 20:52:52.073, 0, 49, 1177 MHz, 78.11 W, 81 %, 11901 MiB
2026/10/02 20:52:52.076, 1, 56, 1189 MHz, 44.78 W, 64 %, 11901 MiB
2026/10/02 20:52:52.079, 2, 55, 1265 MHz, 54.98 W, 44 %, 11951 MiB
2026/10/02 20:52:53.092, 0, 49, 1189 MHz, 109.14 W, 98 %, 11901 MiB
2026/10/02 20:52:53.095, 1, 56, 1189 MHz, 114.26 W, 57 %, 11901 MiB
2026/10/02 20:52:53.098, 2, 54, 1189 MHz, 121.65 W, 56 %, 11951 MiB
2026/10/02 20:52:54.101, 0, 49, 1189 MHz, 36.98 W, 89 %, 11901 MiB
2026/10/02 20:52:54.107, 1, 56, 1202 MHz, 74.89 W, 46 %, 11901 MiB
2026/10/02 20:52:54.110, 2, 55, 1177 MHz, 46.75 W, 48 %, 11951 MiB
2026/10/02 20:52:55.117, 0, 49, 1189 MHz, 41.96 W, 93 %, 11901 MiB
2026/10/02 20:52:55.123, 1, 57, 1101 MHz, 74.38 W, 50 %, 11901 MiB
2026/10/02 20:52:55.126, 2, 55, 1189 MHz, 41.88 W, 47 %, 11951 MiB
2026/10/02 20:52:56.131, 0, 49, 1113 MHz, 133.00 W, 94 %, 11901 MiB
2026/10/02 20:52:56.139, 1, 57, 1189 MHz, 38.83 W, 46 %, 11901 MiB
2026/10/02 20:52:56.146, 2, 55, 1189 MHz, 47.93 W, 44 %, 11951 MiB
2026/10/02 20:52:57.149, 0, 49, 1189 MHz, 51.53 W, 93 %, 11901 MiB
2026/10/02 20:52:57.156, 1, 56, 1189 MHz, 38.83 W, 44 %, 11901 MiB
2026/10/02 20:52:57.161, 2, 55, 1113 MHz, 123.83 W, 45 %, 11951 MiB
2026/10/02 20:52:58.168, 0, 49, 1240 MHz, 133.14 W, 95 %, 11901 MiB
2026/10/02 20:52:58.176, 1, 56, 1189 MHz, 132.09 W, 59 %, 11901 MiB
2026/10/02 20:52:58.188, 2, 55, 1177 MHz, 131.72 W, 43 %, 11951 MiB
2026/10/02 20:52:59.191, 0, 49, 1202 MHz, 42.11 W, 92 %, 11901 MiB
2026/10/02 20:52:59.196, 1, 56, 1278 MHz, 124.85 W, 45 %, 11901 MiB
2026/10/02 20:52:59.198, 2, 55, 1189 MHz, 96.31 W, 49 %, 11951 MiB
2026/10/02 20:53:00.207, 0, 49, 1189 MHz, 135.86 W, 92 %, 11901 MiB
2026/10/02 20:53:00.210, 1, 56, 1240 MHz, 60.25 W, 49 %, 11901 MiB
2026/10/02 20:53:00.217, 2, 55, 1164 MHz, 101.82 W, 43 %, 11951 MiB
2026/10/02 20:53:01.220, 0, 49, 1189 MHz, 40.69 W, 91 %, 11901 MiB
2026/10/02 20:53:01.224, 1, 56, 1303 MHz, 154.51 W, 43 %, 11901 MiB
2026/10/02 20:53:01.238, 2, 55, 1316 MHz, 136.58 W, 43 %, 11951 MiB
2026/10/02 20:53:02.243, 0, 49, 1227 MHz, 49.62 W, 92 %, 11901 MiB
2026/10/02 20:53:02.246, 1, 56, 1290 MHz, 117.48 W, 43 %, 11901 MiB
2026/10/02 20:53:02.255, 2, 55, 1290 MHz, 93.73 W, 42 %, 11951 MiB
2026/10/02 20:53:03.265, 0, 49, 1240 MHz, 83.54 W, 92 %, 11901 MiB
2026/10/02 20:53:03.268, 1, 56, 1189 MHz, 73.71 W, 50 %, 11901 MiB
2026/10/02 20:53:03.271, 2, 55, 1252 MHz, 109.57 W, 50 %, 11951 MiB
2026/10/02 20:53:04.276, 0, 49, 1177 MHz, 88.84 W, 94 %, 11901 MiB
2026/10/02 20:53:04.282, 1, 57, 1189 MHz, 43.63 W, 42 %, 11901 MiB
2026/10/02 20:53:04.296, 2, 55, 1215 MHz, 53.33 W, 43 %, 11951 MiB
2026/10/02 20:53:05.299, 0, 50, 1290 MHz, 117.37 W, 91 %, 11901 MiB
2026/10/02 20:53:05.314, 1, 57, 1189 MHz, 47.39 W, 44 %, 11901 MiB
2026/10/02 20:53:05.317, 2, 55, 1189 MHz, 61.27 W, 44 %, 11951 MiB
2026/10/02 20:53:06.324, 0, 49, 1189 MHz, 78.12 W, 89 %, 11901 MiB
2026/10/02 20:53:06.330, 1, 56, 1189 MHz, 41.71 W, 36 %, 11901 MiB
2026/10/02 20:53:06.333, 2, 55, 1189 MHz, 51.72 W, 44 %, 11951 MiB
2026/10/02 20:53:07.341, 0, 49, 1202 MHz, 49.65 W, 77 %, 11901 MiB
2026/10/02 20:53:07.345, 1, 57, 1252 MHz, 108.26 W, 75 %, 11901 MiB
2026/10/02 20:53:07.350, 2, 55, 1202 MHz, 62.12 W, 43 %, 11951 MiB
2026/10/02 20:53:08.355, 0, 49, 1189 MHz, 53.76 W, 98 %, 11901 MiB
2026/10/02 20:53:08.358, 1, 56, 1215 MHz, 135.79 W, 44 %, 11901 MiB
2026/10/02 20:53:08.361, 2, 55, 1189 MHz, 98.81 W, 48 %, 11951 MiB
2026/10/02 20:53:09.365, 0, 49, 1189 MHz, 88.60 W, 68 %, 11901 MiB
2026/10/02 20:53:09.369, 1, 57, 1202 MHz, 45.70 W, 47 %, 11901 MiB
2026/10/02 20:53:09.374, 2, 55, 1189 MHz, 69.06 W, 68 %, 11951 MiB
2026/10/02 20:53:10.379, 0, 50, 1189 MHz, 57.42 W, 81 %, 11901 MiB
2026/10/02 20:53:10.382, 1, 57, 1189 MHz, 72.82 W, 58 %, 11901 MiB
2026/10/02 20:53:10.385, 2, 55, 1189 MHz, 48.40 W, 59 %, 11951 MiB
2026/10/02 20:53:11.391, 0, 50, 1164 MHz, 50.12 W, 94 %, 11901 MiB
2026/10/02 20:53:11.395, 1, 56, 1189 MHz, 100.89 W, 50 %, 11901 MiB
2026/10/02 20:53:11.398, 2, 55, 1189 MHz, 73.17 W, 43 %, 11951 MiB
2026/10/02 20:53:12.410, 0, 50, 1189 MHz, 37.19 W, 91 %, 11901 MiB
2026/10/02 20:53:12.415, 1, 57, 1189 MHz, 36.04 W, 45 %, 11901 MiB
2026/10/02 20:53:12.420, 2, 56, 1088 MHz, 82.06 W, 44 %, 11951 MiB
2026/10/02 20:53:13.425, 0, 50, 1126 MHz, 116.78 W, 96 %, 11901 MiB
2026/10/02 20:53:13.431, 1, 57, 1101 MHz, 121.59 W, 64 %, 11901 MiB
2026/10/02 20:53:13.439, 2, 56, 1126 MHz, 52.65 W, 43 %, 11951 MiB
2026/10/02 20:53:14.456, 0, 49, 1189 MHz, 135.40 W, 95 %, 11901 MiB
2026/10/02 20:53:14.461, 1, 57, 1126 MHz, 94.46 W, 46 %, 11901 MiB
2026/10/02 20:53:14.468, 2, 55, 1164 MHz, 132.36 W, 51 %, 11951 MiB
2026/10/02 20:53:15.471, 0, 49, 1189 MHz, 75.04 W, 92 %, 11901 MiB
2026/10/02 20:53:15.482, 1, 57, 1189 MHz, 46.21 W, 45 %, 11901 MiB
2026/10/02 20:53:15.485, 2, 55, 1316 MHz, 63.72 W, 45 %, 11951 MiB
2026/10/02 20:53:16.488, 0, 49, 1189 MHz, 46.37 W, 88 %, 11901 MiB
2026/10/02 20:53:16.492, 1, 57, 1278 MHz, 112.23 W, 44 %, 11901 MiB
2026/10/02 20:53:16.495, 2, 55, 1278 MHz, 46.50 W, 42 %, 11951 MiB
2026/10/02 20:53:17.502, 0, 50, 1290 MHz, 95.08 W, 92 %, 11901 MiB
2026/10/02 20:53:17.526, 1, 57, 1278 MHz, 54.62 W, 44 %, 11901 MiB
2026/10/02 20:53:17.529, 2, 55, 1252 MHz, 71.17 W, 49 %, 11951 MiB
2026/10/02 20:53:18.532, 0, 49, 1316 MHz, 154.29 W, 93 %, 11901 MiB
2026/10/02 20:53:18.535, 1, 57, 1202 MHz, 76.26 W, 43 %, 11901 MiB
2026/10/02 20:53:18.545, 2, 55, 1164 MHz, 99.53 W, 43 %, 11951 MiB
2026/10/02 20:53:19.553, 0, 49, 1252 MHz, 61.95 W, 89 %, 11901 MiB
2026/10/02 20:53:19.556, 1, 57, 1189 MHz, 46.61 W, 40 %, 11901 MiB
2026/10/02 20:53:19.559, 2, 55, 1189 MHz, 47.22 W, 49 %, 11951 MiB
2026/10/02 20:53:20.566, 0, 50, 1189 MHz, 49.17 W, 83 %, 11901 MiB
2026/10/02 20:53:20.572, 1, 57, 1189 MHz, 89.51 W, 75 %, 11901 MiB
2026/10/02 20:53:20.575, 2, 55, 1189 MHz, 45.80 W, 39 %, 11951 MiB
2026/10/02 20:53:21.578, 0, 50, 1215 MHz, 44.24 W, 98 %, 11901 MiB
2026/10/02 20:53:21.581, 1, 57, 1189 MHz, 112.00 W, 39 %, 11901 MiB
2026/10/02 20:53:21.585, 2, 55, 1303 MHz, 61.33 W, 46 %, 11951 MiB
2026/10/02 20:53:22.589, 0, 49, 1252 MHz, 86.54 W, 67 %, 11901 MiB
2026/10/02 20:53:22.593, 1, 57, 1240 MHz, 98.78 W, 47 %, 11901 MiB
2026/10/02 20:53:22.596, 2, 55, 1189 MHz, 99.07 W, 72 %, 11951 MiB
2026/10/02 20:53:23.599, 0, 50, 1189 MHz, 49.88 W, 94 %, 11901 MiB
2026/10/02 20:53:23.602, 1, 57, 1189 MHz, 102.71 W, 46 %, 11901 MiB
2026/10/02 20:53:23.605, 2, 55, 1189 MHz, 39.24 W, 47 %, 11951 MiB
2026/10/02 20:53:24.612, 0, 50, 1189 MHz, 43.76 W, 93 %, 11901 MiB
2026/10/02 20:53:24.619, 1, 57, 1189 MHz, 38.12 W, 45 %, 11901 MiB
2026/10/02 20:53:24.622, 2, 56, 1088 MHz, 120.16 W, 47 %, 11951 MiB
2026/10/02 20:53:25.625, 0, 50, 1202 MHz, 54.74 W, 93 %, 11901 MiB
2026/10/02 20:53:25.628, 1, 57, 1189 MHz, 123.60 W, 47 %, 11901 MiB
2026/10/02 20:53:25.631, 2, 55, 1189 MHz, 102.55 W, 44 %, 11951 MiB
2026/10/02 20:53:26.638, 0, 49, 1278 MHz, 94.29 W, 95 %, 11901 MiB
2026/10/02 20:53:26.641, 1, 57, 1189 MHz, 133.97 W, 42 %, 11901 MiB
2026/10/02 20:53:26.644, 2, 55, 1189 MHz, 109.24 W, 42 %, 11951 MiB
2026/10/02 20:53:27.647, 0, 50, 1202 MHz, 77.14 W, 93 %, 11901 MiB
2026/10/02 20:53:27.651, 1, 57, 1189 MHz, 70.47 W, 44 %, 11901 MiB
2026/10/02 20:53:27.662, 2, 56, 1189 MHz, 83.22 W, 48 %, 11951 MiB
2026/10/02 20:53:28.667, 0, 50, 1189 MHz, 41.63 W, 94 %, 11901 MiB
2026/10/02 20:53:28.670, 1, 57, 1252 MHz, 135.34 W, 41 %, 11901 MiB
2026/10/02 20:53:28.673, 2, 56, 1189 MHz, 85.89 W, 32 %, 11951 MiB
2026/10/02 20:53:29.678, 0, 50, 1265 MHz, 49.18 W, 63 %, 11901 MiB
2026/10/02 20:53:29.686, 1, 57, 1240 MHz, 106.87 W, 49 %, 11901 MiB
2026/10/02 20:53:29.689, 2, 56, 1189 MHz, 49.02 W, 76 %, 11951 MiB
2026/10/02 20:53:30.692, 0, 50, 1240 MHz, 124.58 W, 75 %, 11901 MiB
2026/10/02 20:53:30.695, 1, 57, 1303 MHz, 96.68 W, 57 %, 11901 MiB
2026/10/02 20:53:30.707, 2, 55, 1164 MHz, 119.67 W, 45 %, 11951 MiB
2026/10/02 20:53:31.713, 0, 50, 1189 MHz, 54.62 W, 92 %, 11901 MiB
2026/10/02 20:53:31.716, 1, 57, 1202 MHz, 88.15 W, 44 %, 11901 MiB
2026/10/02 20:53:31.719, 2, 56, 1240 MHz, 48.37 W, 71 %, 11951 MiB
2026/10/02 20:53:32.727, 0, 50, 1189 MHz, 39.98 W, 92 %, 11901 MiB
2026/10/02 20:53:32.731, 1, 58, 1189 MHz, 126.39 W, 74 %, 11901 MiB
2026/10/02 20:53:32.734, 2, 55, 1278 MHz, 93.27 W, 50 %, 11951 MiB
2026/10/02 20:53:33.737, 0, 51, 1101 MHz, 130.96 W, 94 %, 11901 MiB
2026/10/02 20:53:33.741, 1, 58, 1189 MHz, 47.52 W, 45 %, 11901 MiB
2026/10/02 20:53:33.750, 2, 56, 1189 MHz, 61.97 W, 52 %, 11951 MiB
2026/10/02 20:53:34.754, 0, 50, 1189 MHz, 72.71 W, 92 %, 11901 MiB
2026/10/02 20:53:34.761, 1, 58, 1240 MHz, 140.41 W, 45 %, 11901 MiB
2026/10/02 20:53:34.764, 2, 56, 1202 MHz, 122.63 W, 47 %, 11951 MiB
2026/10/02 20:53:35.772, 0, 50, 1303 MHz, 47.04 W, 94 %, 11901 MiB
2026/10/02 20:53:35.778, 1, 57, 1252 MHz, 125.35 W, 49 %, 11901 MiB
2026/10/02 20:53:35.781, 2, 55, 1240 MHz, 45.80 W, 46 %, 11951 MiB
2026/10/02 20:53:36.784, 0, 50, 1202 MHz, 102.84 W, 91 %, 11901 MiB
2026/10/02 20:53:36.788, 1, 57, 1240 MHz, 47.39 W, 42 %, 11901 MiB
2026/10/02 20:53:36.795, 2, 56, 1189 MHz, 60.84 W, 44 %, 11951 MiB
2026/10/02 20:53:37.800, 0, 50, 1227 MHz, 78.29 W, 90 %, 11901 MiB
2026/10/02 20:53:37.804, 1, 58, 1303 MHz, 47.60 W, 56 %, 11901 MiB
2026/10/02 20:53:37.807, 2, 55, 1189 MHz, 56.91 W, 44 %, 11951 MiB
2026/10/02 20:53:38.810, 0, 50, 1278 MHz, 87.29 W, 95 %, 11901 MiB
2026/10/02 20:53:38.813, 1, 57, 1227 MHz, 144.50 W, 49 %, 11901 MiB
2026/10/02 20:53:38.822, 2, 55, 1227 MHz, 133.87 W, 40 %, 11951 MiB
2026/10/02 20:53:39.828, 0, 50, 1240 MHz, 80.90 W, 61 %, 11901 MiB
2026/10/02 20:53:39.831, 1, 57, 1202 MHz, 90.81 W, 46 %, 11901 MiB
2026/10/02 20:53:39.839, 2, 56, 1189 MHz, 105.38 W, 68 %, 11951 MiB
2026/10/02 20:53:40.842, 0, 51, 1088 MHz, 75.48 W, 93 %, 11901 MiB
2026/10/02 20:53:40.854, 1, 57, 1189 MHz, 55.49 W, 44 %, 11901 MiB
2026/10/02 20:53:40.861, 2, 56, 1189 MHz, 39.24 W, 45 %, 11951 MiB
2026/10/02 20:53:41.864, 0, 50, 1126 MHz, 110.71 W, 93 %, 11901 MiB
2026/10/02 20:53:41.867, 1, 58, 1189 MHz, 48.49 W, 46 %, 11901 MiB
2026/10/02 20:53:41.874, 2, 56, 1037 MHz, 119.71 W, 43 %, 11951 MiB
2026/10/02 20:53:42.890, 0, 51, 1227 MHz, 69.00 W, 93 %, 11901 MiB
2026/10/02 20:53:42.896, 1, 58, 1252 MHz, 44.45 W, 49 %, 11901 MiB
2026/10/02 20:53:42.901, 2, 56, 1164 MHz, 53.09 W, 43 %, 11951 MiB
2026/10/02 20:53:43.910, 0, 50, 1189 MHz, 85.07 W, 90 %, 11901 MiB
2026/10/02 20:53:43.915, 1, 57, 1278 MHz, 49.97 W, 44 %, 11901 MiB
2026/10/02 20:53:43.918, 2, 56, 1189 MHz, 64.43 W, 49 %, 11951 MiB
2026/10/02 20:53:44.921, 0, 50, 1303 MHz, 105.63 W, 84 %, 11901 MiB
2026/10/02 20:53:44.924, 1, 57, 1227 MHz, 134.50 W, 41 %, 11901 MiB
2026/10/02 20:53:44.933, 2, 55, 1189 MHz, 123.66 W, 38 %, 11951 MiB
2026/10/02 20:53:45.936, 0, 50, 1189 MHz, 104.82 W, 100 %, 11901 MiB
2026/10/02 20:53:45.946, 1, 58, 1240 MHz, 48.55 W, 41 %, 11901 MiB
2026/10/02 20:53:45.949, 2, 56, 1151 MHz, 64.63 W, 51 %, 11951 MiB
2026/10/02 20:53:46.958, 0, 50, 1215 MHz, 99.05 W, 81 %, 11901 MiB
2026/10/02 20:53:46.962, 1, 58, 1189 MHz, 48.98 W, 36 %, 11901 MiB
2026/10/02 20:53:46.965, 2, 56, 1240 MHz, 87.62 W, 62 %, 11951 MiB
2026/10/02 20:53:47.968, 0, 50, 1189 MHz, 102.42 W, 93 %, 11901 MiB
2026/10/02 20:53:47.971, 1, 58, 1151 MHz, 103.65 W, 76 %, 11901 MiB
2026/10/02 20:53:47.978, 2, 56, 1290 MHz, 152.72 W, 42 %, 11951 MiB
2026/10/02 20:53:48.987, 0, 51, 1189 MHz, 51.30 W, 96 %, 11901 MiB
2026/10/02 20:53:48.992, 1, 58, 1189 MHz, 39.54 W, 48 %, 11901 MiB
2026/10/02 20:53:48.995, 2, 57, 1088 MHz, 117.36 W, 61 %, 11951 MiB
2026/10/02 20:53:49.998, 0, 51, 1164 MHz, 84.67 W, 93 %, 11901 MiB
2026/10/02 20:53:50.002, 1, 58, 1189 MHz, 46.45 W, 44 %, 11901 MiB
2026/10/02 20:53:50.005, 2, 56, 1189 MHz, 57.06 W, 43 %, 11951 MiB
2026/10/02 20:53:51.015, 0, 50, 1252 MHz, 89.26 W, 92 %, 11901 MiB
2026/10/02 20:53:51.018, 1, 58, 1189 MHz, 69.02 W, 43 %, 11901 MiB
2026/10/02 20:53:51.021, 2, 56, 1189 MHz, 94.08 W, 46 %, 11951 MiB
2026/10/02 20:53:52.029, 0, 50, 1265 MHz, 48.46 W, 92 %, 11901 MiB
2026/10/02 20:53:52.034, 1, 58, 1189 MHz, 112.00 W, 55 %, 11901 MiB
2026/10/02 20:53:52.040, 2, 56, 1240 MHz, 53.69 W, 48 %, 11951 MiB
2026/10/02 20:53:53.043, 0, 50, 1303 MHz, 79.48 W, 94 %, 11901 MiB
2026/10/02 20:53:53.046, 1, 57, 1189 MHz, 131.40 W, 46 %, 11901 MiB
2026/10/02 20:53:53.049, 2, 56, 1189 MHz, 106.67 W, 32 %, 11951 MiB
2026/10/02 20:53:54.054, 0, 50, 1240 MHz, 86.31 W, 61 %, 11901 MiB
2026/10/02 20:53:54.061, 1, 58, 1265 MHz, 48.34 W, 55 %, 11901 MiB
2026/10/02 20:53:54.066, 2, 56, 1139 MHz, 62.54 W, 81 %, 11951 MiB
2026/10/02 20:53:55.069, 0, 51, 1189 MHz, 43.79 W, 95 %, 11901 MiB
2026/10/02 20:53:55.072, 1, 58, 1088 MHz, 114.82 W, 48 %, 11901 MiB
2026/10/02 20:53:55.077, 2, 56, 1189 MHz, 42.76 W, 43 %, 11951 MiB
2026/10/02 20:53:56.082, 0, 50, 1215 MHz, 72.71 W, 92 %, 11901 MiB
2026/10/02 20:53:56.087, 1, 58, 1202 MHz, 125.50 W, 44 %, 11901 MiB
2026/10/02 20:53:56.090, 2, 56, 1265 MHz, 123.26 W, 42 %, 11951 MiB
2026/10/02 20:53:57.098, 0, 50, 1189 MHz, 40.95 W, 93 %, 11901 MiB
2026/10/02 20:53:57.102, 1, 58, 1189 MHz, 126.32 W, 43 %, 11901 MiB
2026/10/02 20:53:57.107, 2, 56, 1202 MHz, 90.58 W, 45 %, 11951 MiB
2026/10/02 20:53:58.110, 0, 50, 1202 MHz, 44.00 W, 88 %, 11901 MiB
2026/10/02 20:53:58.113, 1, 58, 1202 MHz, 127.45 W, 30 %, 11901 MiB
2026/10/02 20:53:58.116, 2, 56, 1252 MHz, 71.84 W, 43 %, 11951 MiB
2026/10/02 20:53:59.121, 0, 51, 1189 MHz, 127.18 W, 69 %, 11901 MiB
2026/10/02 20:53:59.125, 1, 58, 1189 MHz, 72.79 W, 49 %, 11901 MiB
2026/10/02 20:53:59.134, 2, 56, 1227 MHz, 123.56 W, 51 %, 11951 MiB
2026/10/02 20:54:00.137, 0, 51, 1189 MHz, 138.63 W, 98 %, 11901 MiB
2026/10/02 20:54:00.140, 1, 58, 1151 MHz, 55.83 W, 40 %, 11901 MiB
2026/10/02 20:54:00.143, 2, 56, 1139 MHz, 70.00 W, 62 %, 11951 MiB
2026/10/02 20:54:01.154, 0, 51, 1189 MHz, 39.06 W, 92 %, 11901 MiB
2026/10/02 20:54:01.157, 1, 58, 1227 MHz, 38.59 W, 54 %, 11901 MiB
2026/10/02 20:54:01.160, 2, 57, 1088 MHz, 118.06 W, 43 %, 11951 MiB
2026/10/02 20:54:02.170, 0, 51, 1189 MHz, 56.23 W, 92 %, 11901 MiB
2026/10/02 20:54:02.174, 1, 58, 1189 MHz, 85.85 W, 48 %, 11901 MiB
2026/10/02 20:54:02.177, 2, 56, 1189 MHz, 51.67 W, 43 %, 11951 MiB
2026/10/02 20:54:03.180, 0, 51, 1189 MHz, 52.89 W, 89 %, 11901 MiB
2026/10/02 20:54:03.183, 1, 58, 1215 MHz, 98.61 W, 49 %, 11901 MiB
2026/10/02 20:54:03.186, 2, 56, 1189 MHz, 80.43 W, 49 %, 11951 MiB
2026/10/02 20:54:04.191, 0, 51, 1189 MHz, 78.87 W, 70 %, 11901 MiB
2026/10/02 20:54:04.195, 1, 58, 1278 MHz, 46.68 W, 44 %, 11901 MiB
2026/10/02 20:54:04.200, 2, 56, 1189 MHz, 55.06 W, 42 %, 11951 MiB
2026/10/02 20:54:05.212, 0, 51, 1189 MHz, 48.95 W, 97 %, 11901 MiB
2026/10/02 20:54:05.215, 1, 57, 1189 MHz, 80.49 W, 28 %, 11901 MiB
2026/10/02 20:54:05.221, 2, 56, 1189 MHz, 47.22 W, 32 %, 11951 MiB
2026/10/02 20:54:06.224, 0, 51, 1189 MHz, 131.07 W, 57 %, 11901 MiB
2026/10/02 20:54:06.237, 1, 58, 1215 MHz, 51.15 W, 40 %, 11901 MiB
2026/10/02 20:54:06.245, 2, 57, 1139 MHz, 66.04 W, 79 %, 11951 MiB
2026/10/02 20:54:07.249, 0, 51, 1126 MHz, 129.87 W, 93 %, 11901 MiB
2026/10/02 20:54:07.265, 1, 58, 1189 MHz, 42.59 W, 47 %, 11901 MiB
2026/10/02 20:54:07.268, 2, 57, 1088 MHz, 60.09 W, 44 %, 11951 MiB
2026/10/02 20:54:08.271, 0, 51, 1316 MHz, 127.46 W, 93 %, 11901 MiB
2026/10/02 20:54:08.274, 1, 58, 1202 MHz, 54.41 W, 43 %, 11901 MiB
2026/10/02 20:54:08.277, 2, 57, 1290 MHz, 84.44 W, 42 %, 11951 MiB
2026/10/02 20:54:09.282, 0, 51, 1215 MHz, 157.41 W, 91 %, 11901 MiB
2026/10/02 20:54:09.287, 1, 58, 1189 MHz, 57.47 W, 47 %, 11901 MiB
2026/10/02 20:54:09.294, 2, 57, 1278 MHz, 101.10 W, 43 %, 11951 MiB
2026/10/02 20:54:10.298, 0, 51, 1202 MHz, 80.66 W, 78 %, 11901 MiB
2026/10/02 20:54:10.307, 1, 58, 1189 MHz, 50.86 W, 29 %, 11901 MiB
2026/10/02 20:54:10.312, 2, 57, 1240 MHz, 58.47 W, 62 %, 11951 MiB
2026/10/02 20:54:11.315, 0, 51, 1202 MHz, 47.78 W, 70 %, 11901 MiB
2026/10/02 20:54:11.319, 1, 58, 1189 MHz, 101.89 W, 73 %, 11901 MiB
2026/10/02 20:54:11.322, 2, 57, 1189 MHz, 80.64 W, 50 %, 11951 MiB
2026/10/02 20:54:12.329, 0, 51, 1088 MHz, 120.54 W, 95 %, 11901 MiB
2026/10/02 20:54:12.332, 1, 58, 1189 MHz, 36.94 W, 50 %, 11901 MiB
2026/10/02 20:54:12.336, 2, 57, 1189 MHz, 42.29 W, 43 %, 11951 MiB
2026/10/02 20:54:13.339, 0, 51, 1189 MHz, 76.89 W, 95 %, 11901 MiB
2026/10/02 20:54:13.347, 1, 58, 1189 MHz, 130.94 W, 47 %, 11901 MiB
2026/10/02 20:54:13.359, 2, 56, 1189 MHz, 126.03 W, 43 %, 11951 MiB
2026/10/02 20:54:14.362, 0, 51, 1278 MHz, 114.47 W, 92 %, 11901 MiB
2026/10/02 20:54:14.375, 1, 58, 1303 MHz, 51.35 W, 44 %, 11901 MiB
2026/10/02 20:54:14.379, 2, 56, 1265 MHz, 70.47 W, 44 %, 11951 MiB
2026/10/02 20:54:15.382, 0, 51, 1240 MHz, 58.44 W, 67 %, 11901 MiB
2026/10/02 20:54:15.390, 1, 58, 1290 MHz, 83.95 W, 45 %, 11901 MiB
2026/10/02 20:54:15.393, 2, 56, 1189 MHz, 47.45 W, 63 %, 11951 MiB
2026/10/02 20:54:16.396, 0, 51, 1189 MHz, 82.53 W, 98 %, 11901 MiB
2026/10/02 20:54:16.401, 1, 58, 1189 MHz, 46.91 W, 31 %, 11901 MiB
2026/10/02 20:54:16.404, 2, 56, 1252 MHz, 77.91 W, 59 %, 11951 MiB
2026/10/02 20:54:17.407, 0, 51, 1189 MHz, 36.49 W, 94 %, 11901 MiB
2026/10/02 20:54:17.412, 1, 58, 1290 MHz, 40.05 W, 45 %, 11901 MiB
2026/10/02 20:54:17.418, 2, 57, 1101 MHz, 62.03 W, 48 %, 11951 MiB
2026/10/02 20:54:18.421, 0, 51, 1189 MHz, 80.82 W, 92 %, 11901 MiB
2026/10/02 20:54:18.427, 1, 58, 1240 MHz, 147.49 W, 47 %, 11901 MiB
2026/10/02 20:54:18.430, 2, 56, 1252 MHz, 113.69 W, 43 %, 11951 MiB
2026/10/02 20:54:19.437, 0, 51, 1189 MHz, 85.79 W, 88 %, 11901 MiB
2026/10/02 20:54:19.443, 1, 58, 1189 MHz, 63.16 W, 49 %, 11901 MiB
2026/10/02 20:54:19.447, 2, 57, 1278 MHz, 104.43 W, 44 %, 11951 MiB
2026/10/02 20:54:20.451, 0, 51, 1189 MHz, 110.18 W, 68 %, 11901 MiB
2026/10/02 20:54:20.454, 1, 58, 1189 MHz, 48.77 W, 48 %, 11901 MiB
2026/10/02 20:54:20.459, 2, 56, 1290 MHz, 78.85 W, 43 %, 11951 MiB
2026/10/02 20:54:21.462, 0, 51, 1189 MHz, 78.60 W, 97 %, 11901 MiB
2026/10/02 20:54:21.466, 1, 58, 1189 MHz, 64.35 W, 44 %, 11901 MiB
2026/10/02 20:54:21.472, 2, 56, 1189 MHz, 111.77 W, 33 %, 11951 MiB
2026/10/02 20:54:22.479, 0, 51, 1189 MHz, 35.06 W, 61 %, 11901 MiB
2026/10/02 20:54:22.490, 1, 58, 1189 MHz, 36.28 W, 62 %, 11901 MiB
2026/10/02 20:54:22.493, 2, 57, 1088 MHz, 71.85 W, 74 %, 11951 MiB
2026/10/02 20:54:23.503, 0, 51, 1290 MHz, 129.01 W, 93 %, 11901 MiB
2026/10/02 20:54:23.511, 1, 58, 1290 MHz, 162.50 W, 42 %, 11901 MiB
2026/10/02 20:54:23.519, 2, 56, 1189 MHz, 128.03 W, 43 %, 11951 MiB
2026/10/02 20:54:24.525, 0, 51, 1227 MHz, 65.22 W, 95 %, 11901 MiB
2026/10/02 20:54:24.534, 1, 58, 1189 MHz, 42.68 W, 47 %, 11901 MiB
2026/10/02 20:54:24.537, 2, 57, 1189 MHz, 51.71 W, 43 %, 11951 MiB
2026/10/02 20:54:25.540, 0, 51, 1252 MHz, 79.44 W, 95 %, 11901 MiB
2026/10/02 20:54:25.544, 1, 58, 1189 MHz, 75.14 W, 31 %, 11901 MiB
2026/10/02 20:54:25.546, 2, 56, 1189 MHz, 94.54 W, 31 %, 11951 MiB
2026/10/02 20:54:26.552, 0, 51, 1240 MHz, 45.90 W, 55 %, 11901 MiB
2026/10/02 20:54:26.558, 1, 58, 1202 MHz, 94.19 W, 49 %, 11901 MiB
2026/10/02 20:54:26.561, 2, 57, 1189 MHz, 76.47 W, 84 %, 11951 MiB
2026/10/02 20:54:27.564, 0, 52, 1189 MHz, 48.25 W, 94 %, 11901 MiB
2026/10/02 20:54:27.567, 1, 59, 1101 MHz, 120.13 W, 49 %, 11901 MiB
2026/10/02 20:54:27.574, 2, 57, 1189 MHz, 43.47 W, 43 %, 11951 MiB
2026/10/02 20:54:28.577, 0, 51, 1278 MHz, 74.38 W, 93 %, 11901 MiB
2026/10/02 20:54:28.588, 1, 58, 1189 MHz, 43.60 W, 44 %, 11901 MiB
2026/10/02 20:54:28.591, 2, 57, 1189 MHz, 54.27 W, 48 %, 11951 MiB
2026/10/02 20:54:29.598, 0, 51, 1278 MHz, 90.21 W, 90 %, 11901 MiB
2026/10/02 20:54:29.602, 1, 58, 1215 MHz, 46.68 W, 56 %, 11901 MiB
2026/10/02 20:54:29.607, 2, 57, 1139 MHz, 61.36 W, 50 %, 11951 MiB
2026/10/02 20:54:30.610, 0, 51, 1252 MHz, 130.80 W, 98 %, 11901 MiB
2026/10/02 20:54:30.613, 1, 59, 1177 MHz, 104.59 W, 47 %, 11901 MiB
2026/10/02 20:54:30.616, 2, 57, 1252 MHz, 147.31 W, 41 %, 11951 MiB
2026/10/02 20:54:31.625, 0, 51, 1215 MHz, 116.48 W, 87 %, 11901 MiB
2026/10/02 20:54:31.628, 1, 58, 1189 MHz, 102.80 W, 40 %, 11901 MiB
2026/10/02 20:54:31.636, 2, 57, 1189 MHz, 134.22 W, 62 %, 11951 MiB
2026/10/02 20:54:32.647, 0, 52, 1088 MHz, 126.55 W, 92 %, 11901 MiB
2026/10/02 20:54:32.651, 1, 59, 1101 MHz, 120.85 W, 63 %, 11901 MiB
2026/10/02 20:54:32.655, 2, 57, 1088 MHz, 73.61 W, 42 %, 11951 MiB
2026/10/02 20:54:33.666, 0, 51, 1189 MHz, 116.56 W, 86 %, 11901 MiB
2026/10/02 20:54:33.669, 1, 59, 1290 MHz, 106.02 W, 44 %, 11901 MiB
2026/10/02 20:54:33.682, 2, 57, 1303 MHz, 92.97 W, 43 %, 11951 MiB
2026/10/02 20:54:34.694, 0, 51, 1227 MHz, 50.08 W, 98 %, 11901 MiB
2026/10/02 20:54:34.698, 1, 58, 1290 MHz, 127.37 W, 43 %, 11901 MiB
2026/10/02 20:54:34.701, 2, 57, 1303 MHz, 48.35 W, 44 %, 11951 MiB
2026/10/02 20:54:35.704, 0, 51, 1189 MHz, 77.82 W, 77 %, 11901 MiB
2026/10/02 20:54:35.707, 1, 58, 1189 MHz, 45.02 W, 34 %, 11901 MiB
2026/10/02 20:54:35.710, 2, 57, 1227 MHz, 62.07 W, 62 %, 11951 MiB
2026/10/02 20:54:36.718, 0, 51, 1265 MHz, 35.77 W, 67 %, 11901 MiB
2026/10/02 20:54:36.725, 1, 59, 1088 MHz, 96.26 W, 64 %, 11901 MiB
2026/10/02 20:54:36.728, 2, 57, 1189 MHz, 39.77 W, 61 %, 11951 MiB
2026/10/02 20:54:37.736, 0, 51, 1189 MHz, 46.13 W, 93 %, 11901 MiB
2026/10/02 20:54:37.742, 1, 58, 1189 MHz, 108.79 W, 42 %, 11901 MiB
2026/10/02 20:54:37.745, 2, 57, 1189 MHz, 50.68 W, 44 %, 11951 MiB
2026/10/02 20:54:38.749, 0, 52, 1215 MHz, 82.36 W, 93 %, 11901 MiB
2026/10/02 20:54:38.752, 1, 59, 1189 MHz, 45.50 W, 42 %, 11901 MiB
2026/10/02 20:54:38.755, 2, 57, 1189 MHz, 54.74 W, 44 %, 11951 MiB
2026/10/02 20:54:39.765, 0, 51, 1303 MHz, 124.58 W, 94 %, 11901 MiB
2026/10/02 20:54:39.768, 1, 58, 1202 MHz, 125.55 W, 42 %, 11901 MiB
2026/10/02 20:54:39.771, 2, 57, 1189 MHz, 125.49 W, 23 %, 11951 MiB
2026/10/02 20:54:40.774, 0, 51, 1278 MHz, 38.11 W, 60 %, 11901 MiB
2026/10/02 20:54:40.777, 1, 58, 1189 MHz, 110.37 W, 63 %, 11901 MiB
2026/10/02 20:54:40.783, 2, 57, 1189 MHz, 70.92 W, 81 %, 11951 MiB
2026/10/02 20:54:41.788, 0, 51, 1189 MHz, 125.95 W, 92 %, 11901 MiB
2026/10/02 20:54:41.792, 1, 59, 1151 MHz, 155.11 W, 44 %, 11901 MiB
2026/10/02 20:54:41.795, 2, 57, 1240 MHz, 148.66 W, 43 %, 11951 MiB
2026/10/02 20:54:42.798, 0, 51, 1202 MHz, 99.69 W, 95 %, 11901 MiB
2026/10/02 20:54:42.801, 1, 58, 1215 MHz, 58.84 W, 43 %, 11901 MiB
2026/10/02 20:54:42.806, 2, 57, 1189 MHz, 76.50 W, 43 %, 11951 MiB
2026/10/02 20:54:43.811, 0, 52, 1151 MHz, 107.87 W, 94 %, 11901 MiB
2026/10/02 20:54:43.817, 1, 58, 1189 MHz, 78.34 W, 41 %, 11901 MiB
2026/10/02 20:54:43.818, 2, 57, 1139 MHz, 88.10 W, 22 %, 11951 MiB
2026/10/02 20:54:44.821, 0, 51, 1265 MHz, 73.32 W, 65 %, 11901 MiB
2026/10/02 20:54:44.824, 1, 58, 1189 MHz, 138.22 W, 63 %, 11901 MiB
2026/10/02 20:54:44.836, 2, 57, 1189 MHz, 123.58 W, 76 %, 11951 MiB
2026/10/02 20:54:45.839, 0, 51, 1189 MHz, 136.80 W, 93 %, 11901 MiB
2026/10/02 20:54:45.842, 1, 59, 1126 MHz, 131.69 W, 63 %, 11901 MiB
2026/10/02 20:54:45.855, 2, 57, 1177 MHz, 137.35 W, 41 %, 11951 MiB
2026/10/02 20:54:46.863, 0, 51, 1189 MHz, 99.45 W, 91 %, 11901 MiB
2026/10/02 20:54:46.866, 1, 58, 1303 MHz, 60.73 W, 45 %, 11901 MiB
2026/10/02 20:54:46.872, 2, 57, 1189 MHz, 71.41 W, 43 %, 11951 MiB
2026/10/02 20:54:47.879, 0, 52, 1227 MHz, 48.26 W, 62 %, 11901 MiB
2026/10/02 20:54:47.884, 1, 59, 1252 MHz, 108.21 W, 48 %, 11901 MiB
2026/10/02 20:54:47.892, 2, 57, 1189 MHz, 78.11 W, 44 %, 11951 MiB
2026/10/02 20:54:48.895, 0, 52, 1189 MHz, 123.67 W, 97 %, 11901 MiB
2026/10/02 20:54:48.898, 1, 59, 1151 MHz, 99.05 W, 43 %, 11901 MiB
2026/10/02 20:54:48.901, 2, 57, 1189 MHz, 130.35 W, 58 %, 11951 MiB
2026/10/02 20:54:49.906, 0, 52, 1151 MHz, 128.61 W, 93 %, 11901 MiB
2026/10/02 20:54:49.919, 1, 59, 1139 MHz, 62.10 W, 51 %, 11901 MiB
2026/10/02 20:54:49.922, 2, 58, 1037 MHz, 118.13 W, 62 %, 11951 MiB
2026/10/02 20:54:50.932, 0, 52, 1189 MHz, 50.12 W, 93 %, 11901 MiB
2026/10/02 20:54:50.937, 1, 58, 1189 MHz, 82.60 W, 47 %, 11901 MiB
2026/10/02 20:54:50.940, 2, 57, 1252 MHz, 46.98 W, 42 %, 11951 MiB
2026/10/02 20:54:51.946, 0, 51, 1240 MHz, 112.60 W, 50 %, 11901 MiB
2026/10/02 20:54:51.953, 1, 59, 1202 MHz, 49.93 W, 45 %, 11901 MiB
2026/10/02 20:54:51.960, 2, 57, 1240 MHz, 74.42 W, 42 %, 11951 MiB
2026/10/02 20:54:52.964, 0, 52, 1189 MHz, 139.84 W, 94 %, 11901 MiB
2026/10/02 20:54:52.967, 1, 59, 1265 MHz, 62.61 W, 47 %, 11901 MiB
2026/10/02 20:54:52.970, 2, 57, 1126 MHz, 63.01 W, 38 %, 11951 MiB
2026/10/02 20:54:53.985, 0, 52, 1088 MHz, 127.96 W, 94 %, 11901 MiB
2026/10/02 20:54:53.988, 1, 59, 1101 MHz, 72.58 W, 47 %, 11901 MiB
2026/10/02 20:54:53.991, 2, 58, 1088 MHz, 122.06 W, 44 %, 11951 MiB
2026/10/02 20:54:54.999, 0, 51, 1240 MHz, 100.39 W, 92 %, 11901 MiB
2026/10/02 20:54:55.002, 1, 59, 1202 MHz, 61.83 W, 43 %, 11901 MiB
2026/10/02 20:54:55.006, 2, 57, 1189 MHz, 90.62 W, 45 %, 11951 MiB
2026/10/02 20:54:56.010, 0, 52, 1227 MHz, 83.48 W, 84 %, 11901 MiB
2026/10/02 20:54:56.017, 1, 58, 1189 MHz, 44.55 W, 23 %, 11901 MiB
2026/10/02 20:54:56.020, 2, 57, 1202 MHz, 64.34 W, 55 %, 11951 MiB
2026/10/02 20:54:57.023, 0, 51, 1290 MHz, 108.67 W, 64 %, 11901 MiB
2026/10/02 20:54:57.026, 1, 59, 1189 MHz, 128.71 W, 64 %, 11901 MiB
2026/10/02 20:54:57.037, 2, 57, 1177 MHz, 143.26 W, 63 %, 11951 MiB
2026/10/02 20:54:58.044, 0, 51, 1177 MHz, 135.16 W, 93 %, 11901 MiB
2026/10/02 20:54:58.048, 1, 59, 1164 MHz, 134.73 W, 42 %, 11901 MiB
2026/10/02 20:54:58.058, 2, 58, 1189 MHz, 137.04 W, 43 %, 11951 MiB
2026/10/02 20:54:59.064, 0, 51, 1227 MHz, 55.92 W, 91 %, 11901 MiB
2026/10/02 20:54:59.068, 1, 59, 1189 MHz, 84.93 W, 44 %, 11901 MiB
2026/10/02 20:54:59.078, 2, 57, 1202 MHz, 101.46 W, 44 %, 11951 MiB
2026/10/02 20:55:00.085, 0, 51, 1189 MHz, 130.59 W, 98 %, 11901 MiB
2026/10/02 20:55:00.088, 1, 59, 1177 MHz, 70.67 W, 47 %, 11901 MiB
2026/10/02 20:55:00.096, 2, 57, 1189 MHz, 113.02 W, 40 %, 11951 MiB
2026/10/02 20:55:01.099, 0, 51, 1215 MHz, 74.07 W, 88 %, 11901 MiB
2026/10/02 20:55:01.106, 1, 59, 1189 MHz, 134.60 W, 37 %, 11901 MiB
2026/10/02 20:55:01.109, 2, 57, 1189 MHz, 113.30 W, 64 %, 11951 MiB
2026/10/02 20:55:02.112, 0, 51, 1240 MHz, 44.21 W, 94 %, 11901 MiB
2026/10/02 20:55:02.115, 1, 59, 1252 MHz, 135.48 W, 48 %, 11901 MiB
2026/10/02 20:55:02.120, 2, 57, 1189 MHz, 92.45 W, 48 %, 11951 MiB
2026/10/02 20:55:03.123, 0, 51, 1265 MHz, 150.17 W, 93 %, 11901 MiB
2026/10/02 20:55:03.134, 1, 59, 1151 MHz, 53.95 W, 41 %, 11901 MiB
2026/10/02 20:55:03.145, 2, 57, 1189 MHz, 58.72 W, 31 %, 11951 MiB
2026/10/02 20:55:04.154, 0, 52, 1189 MHz, 56.78 W, 100 %, 11901 MiB
2026/10/02 20:55:04.158, 1, 58, 1189 MHz, 41.74 W, 25 %, 11901 MiB
2026/10/02 20:55:04.164, 2, 57, 1189 MHz, 51.68 W, 31 %, 11951 MiB
2026/10/02 20:55:05.167, 0, 51, 1189 MHz, 36.72 W, 92 %, 11901 MiB
2026/10/02 20:55:05.170, 1, 59, 1189 MHz, 36.70 W, 64 %, 11901 MiB
2026/10/02 20:55:05.173, 2, 58, 1088 MHz, 117.59 W, 81 %, 11951 MiB
2026/10/02 20:55:06.176, 0, 52, 1189 MHz, 68.24 W, 91 %, 11901 MiB
2026/10/02 20:55:06.179, 1, 59, 1290 MHz, 157.20 W, 42 %, 11901 MiB
2026/10/02 20:55:06.182, 2, 57, 1252 MHz, 110.27 W, 41 %, 11951 MiB
2026/10/02 20:55:07.185, 0, 51, 1189 MHz, 70.17 W, 50 %, 11901 MiB
2026/10/02 20:55:07.194, 1, 59, 1189 MHz, 64.14 W, 35 %, 11901 MiB
2026/10/02 20:55:07.197, 2, 57, 1189 MHz, 96.51 W, 50 %, 11951 MiB
2026/10/02 20:55:08.204, 0, 51, 1278 MHz, 117.28 W, 63 %, 11901 MiB
2026/10/02 20:55:08.208, 1, 59, 1189 MHz, 49.96 W, 81 %, 11901 MiB
2026/10/02 20:55:08.215, 2, 57, 1202 MHz, 66.27 W, 47 %, 11951 MiB
2026/10/02 20:55:09.222, 0, 52, 1151 MHz, 144.02 W, 97 %, 11901 MiB
2026/10/02 20:55:09.225, 1, 59, 1088 MHz, 113.37 W, 49 %, 11901 MiB
2026/10/02 20:55:09.235, 2, 58, 1088 MHz, 127.42 W, 43 %, 11951 MiB
2026/10/02 20:55:10.243, 0, 52, 1252 MHz, 73.20 W, 92 %, 11901 MiB
2026/10/02 20:55:10.247, 1, 59, 1215 MHz, 47.15 W, 42 %, 11901 MiB
2026/10/02 20:55:10.250, 2, 57, 1202 MHz, 58.80 W, 47 %, 11951 MiB
2026/10/02 20:55:11.253, 0, 51, 1303 MHz, 119.44 W, 63 %, 11901 MiB
2026/10/02 20:55:11.261, 1, 59, 1151 MHz, 106.86 W, 33 %, 11901 MiB
2026/10/02 20:55:11.264, 2, 58, 1227 MHz, 133.49 W, 64 %, 11951 MiB
2026/10/02 20:55:12.267, 0, 52, 1189 MHz, 35.29 W, 88 %, 11901 MiB
2026/10/02 20:55:12.270, 1, 59, 1101 MHz, 115.99 W, 47 %, 11901 MiB
2026/10/02 20:55:12.273, 2, 57, 1189 MHz, 40.19 W, 62 %, 11951 MiB
2026/10/02 20:55:13.276, 0, 51, 1303 MHz, 161.44 W, 94 %, 11901 MiB
2026/10/02 20:55:13.280, 1, 59, 1189 MHz, 56.77 W, 45 %, 11901 MiB
2026/10/02 20:55:13.287, 2, 57, 1139 MHz, 76.07 W, 46 %, 11951 MiB
2026/10/02 20:55:14.294, 0, 51, 1189 MHz, 67.58 W, 91 %, 11901 MiB
2026/10/02 20:55:14.298, 1, 59, 1227 MHz, 50.13 W, 76 %, 11901 MiB
2026/10/02 20:55:14.304, 2, 57, 1202 MHz, 50.02 W, 31 %, 11951 MiB
2026/10/02 20:55:15.309, 0, 52, 1177 MHz, 136.53 W, 100 %, 11901 MiB
2026/10/02 20:55:15.316, 1, 59, 1164 MHz, 58.63 W, 25 %, 11901 MiB
2026/10/02 20:55:15.319, 2, 57, 1227 MHz, 93.25 W, 67 %, 11951 MiB
2026/10/02 20:55:16.325, 0, 52, 1126 MHz, 131.14 W, 91 %, 11901 MiB
2026/10/02 20:55:16.337, 1, 59, 1101 MHz, 72.34 W, 64 %, 11901 MiB
2026/10/02 20:55:16.347, 2, 58, 1063 MHz, 118.35 W, 43 %, 11951 MiB
2026/10/02 20:55:17.350, 0, 52, 1189 MHz, 87.08 W, 92 %, 11901 MiB
2026/10/02 20:55:17.376, 1, 59, 1189 MHz, 49.22 W, 50 %, 11901 MiB
2026/10/02 20:55:17.380, 2, 57, 1189 MHz, 59.71 W, 42 %, 11951 MiB
2026/10/02 20:55:18.392, 0, 51, 1189 MHz, 96.42 W, 49 %, 11901 MiB
2026/10/02 20:55:18.403, 1, 59, 1189 MHz, 44.76 W, 30 %, 11901 MiB
2026/10/02 20:55:18.411, 2, 58, 1189 MHz, 55.88 W, 45 %, 11951 MiB
2026/10/02 20:55:19.415, 0, 51, 1189 MHz, 39.72 W, 96 %, 11901 MiB
2026/10/02 20:55:19.421, 1, 59, 1189 MHz, 130.49 W, 82 %, 11901 MiB
2026/10/02 20:55:19.424, 2, 57, 1290 MHz, 113.01 W, 50 %, 11951 MiB
2026/10/02 20:55:20.429, 0, 52, 1189 MHz, 99.67 W, 93 %, 11901 MiB
2026/10/02 20:55:20.439, 1, 59, 1189 MHz, 133.73 W, 42 %, 11901 MiB
2026/10/02 20:55:20.442, 2, 57, 1189 MHz, 132.46 W, 48 %, 11951 MiB
2026/10/02 20:55:21.455, 0, 52, 1278 MHz, 63.14 W, 91 %, 11901 MiB
2026/10/02 20:55:21.458, 1, 59, 1189 MHz, 131.43 W, 44 %, 11901 MiB
2026/10/02 20:55:21.461, 2, 57, 1227 MHz, 102.48 W, 47 %, 11951 MiB
2026/10/02 20:55:22.464, 0, 52, 1126 MHz, 57.22 W, 45 %, 11901 MiB
2026/10/02 20:55:22.468, 1, 59, 1290 MHz, 88.85 W, 50 %, 11901 MiB
2026/10/02 20:55:22.471, 2, 58, 1202 MHz, 48.84 W, 89 %, 11951 MiB
2026/10/02 20:55:23.479, 0, 52, 1126 MHz, 135.17 W, 94 %, 11901 MiB
2026/10/02 20:55:23.484, 1, 59, 1088 MHz, 120.49 W, 45 %, 11901 MiB
2026/10/02 20:55:23.487, 2, 58, 1113 MHz, 128.93 W, 48 %, 11951 MiB
2026/10/02 20:55:24.490, 0, 52, 1177 MHz, 62.85 W, 91 %, 11901 MiB
2026/10/02 20:55:24.500, 1, 59, 1189 MHz, 93.98 W, 47 %, 11901 MiB
2026/10/02 20:55:24.503, 2, 57, 1202 MHz, 49.81 W, 43 %, 11951 MiB
2026/10/02 20:55:25.506, 0, 52, 1265 MHz, 46.58 W, 57 %, 11901 MiB
2026/10/02 20:55:25.510, 1, 59, 1189 MHz, 106.44 W, 93 %, 11901 MiB
2026/10/02 20:55:25.513, 2, 57, 1265 MHz, 48.10 W, 43 %, 11951 MiB
2026/10/02 20:55:26.520, 0, 52, 1088 MHz, 120.78 W, 94 %, 11901 MiB
2026/10/02 20:55:26.530, 1, 59, 1189 MHz, 37.41 W, 51 %, 11901 MiB
2026/10/02 20:55:26.544, 2, 57, 1189 MHz, 40.90 W, 44 %, 11951 MiB
2026/10/02 20:55:27.547, 0, 51, 1265 MHz, 127.07 W, 91 %, 11901 MiB
2026/10/02 20:55:27.550, 1, 59, 1202 MHz, 117.04 W, 44 %, 11901 MiB
2026/10/02 20:55:27.553, 2, 57, 1202 MHz, 129.85 W, 42 %, 11951 MiB
2026/10/02 20:55:28.556, 0, 52, 1177 MHz, 82.83 W, 98 %, 11901 MiB
2026/10/02 20:55:28.560, 1, 59, 1252 MHz, 46.44 W, 46 %, 11901 MiB
2026/10/02 20:55:28.568, 2, 58, 1189 MHz, 50.77 W, 34 %, 11951 MiB
2026/10/02 20:55:29.576, 0, 51, 1189 MHz, 37.17 W, 86 %, 11901 MiB
2026/10/02 20:55:29.579, 1, 59, 1316 MHz, 135.63 W, 44 %, 11901 MiB
2026/10/02 20:55:29.585, 2, 58, 1189 MHz, 67.39 W, 58 %, 11951 MiB
2026/10/02 20:55:30.588, 0, 50, 1290 MHz, 37.72 W, 9 %, 11901 MiB
2026/10/02 20:55:30.592, 1, 58, 1278 MHz, 39.37 W, 10 %, 11901 MiB
2026/10/02 20:55:30.595, 2, 56, 1189 MHz, 38.60 W, 9 %, 11951 MiB
2026/10/02 20:55:31.598, 0, 51, 1278 MHz, 122.71 W, 45 %, 11901 MiB
2026/10/02 20:55:31.601, 1, 58, 1290 MHz, 119.09 W, 42 %, 11901 MiB
2026/10/02 20:55:31.609, 2, 56, 1240 MHz, 133.66 W, 43 %, 11951 MiB
2026/10/02 20:55:32.616, 0, 52, 1139 MHz, 70.18 W, 98 %, 11901 MiB
2026/10/02 20:55:32.619, 1, 58, 1189 MHz, 47.79 W, 36 %, 11901 MiB
2026/10/02 20:55:32.629, 2, 57, 1189 MHz, 46.28 W, 30 %, 11951 MiB
2026/10/02 20:55:33.637, 0, 52, 1101 MHz, 133.62 W, 94 %, 11901 MiB
2026/10/02 20:55:33.640, 1, 59, 1088 MHz, 91.67 W, 45 %, 11901 MiB
2026/10/02 20:55:33.651, 2, 57, 1088 MHz, 118.94 W, 55 %, 11951 MiB
2026/10/02 20:55:34.654, 0, 52, 1126 MHz, 80.60 W, 94 %, 11901 MiB
2026/10/02 20:55:34.660, 1, 59, 1189 MHz, 44.28 W, 42 %, 11901 MiB
2026/10/02 20:55:34.668, 2, 57, 1164 MHz, 57.03 W, 43 %, 11951 MiB
2026/10/02 20:55:35.677, 0, 51, 1189 MHz, 72.73 W, 63 %, 11901 MiB
2026/10/02 20:55:35.685, 1, 59, 1189 MHz, 41.74 W, 34 %, 11901 MiB
2026/10/02 20:55:35.690, 2, 57, 1189 MHz, 53.81 W, 78 %, 11951 MiB
2026/10/02 20:55:36.696, 0, 52, 1088 MHz, 54.13 W, 97 %, 11901 MiB
2026/10/02 20:55:36.706, 1, 59, 1088 MHz, 114.36 W, 48 %, 11901 MiB
2026/10/02 20:55:36.715, 2, 58, 1189 MHz, 44.89 W, 47 %, 11951 MiB
2026/10/02 20:55:37.722, 0, 51, 1227 MHz, 57.02 W, 94 %, 11901 MiB
2026/10/02 20:55:37.725, 1, 59, 1227 MHz, 44.30 W, 43 %, 11901 MiB
2026/10/02 20:55:37.728, 2, 57, 1189 MHz, 50.97 W, 44 %, 11951 MiB
2026/10/02 20:55:38.731, 0, 51, 1303 MHz, 161.18 W, 70 %, 11901 MiB
2026/10/02 20:55:38.734, 1, 59, 1189 MHz, 57.44 W, 93 %, 11901 MiB
2026/10/02 20:55:38.741, 2, 57, 1139 MHz, 81.86 W, 29 %, 11951 MiB
2026/10/02 20:55:39.750, 0, 52, 1101 MHz, 123.35 W, 96 %, 11901 MiB
2026/10/02 20:55:39.753, 1, 59, 1189 MHz, 36.70 W, 49 %, 11901 MiB
2026/10/02 20:55:39.762, 2, 57, 1189 MHz, 39.95 W, 51 %, 11951 MiB
2026/10/02 20:55:40.765, 0, 51, 1227 MHz, 143.74 W, 92 %, 11901 MiB
2026/10/02 20:55:40.768, 1, 59, 1126 MHz, 70.43 W, 50 %, 11901 MiB
2026/10/02 20:55:40.771, 2, 57, 1202 MHz, 124.23 W, 44 %, 11951 MiB
2026/10/02 20:55:41.775, 0, 51, 1303 MHz, 152.60 W, 63 %, 11901 MiB
2026/10/02 20:55:41.778, 1, 59, 1290 MHz, 86.46 W, 51 %, 11901 MiB
2026/10/02 20:55:41.782, 2, 56, 1189 MHz, 137.38 W, 31 %, 11951 MiB
2026/10/02 20:55:42.792, 0, 52, 1189 MHz, 54.34 W, 100 %, 11901 MiB
2026/10/02 20:55:42.795, 1, 58, 1189 MHz, 83.60 W, 24 %, 11901 MiB
2026/10/02 20:55:42.798, 2, 57, 1189 MHz, 48.63 W, 64 %, 11951 MiB
2026/10/02 20:55:43.801, 0, 52, 1126 MHz, 129.98 W, 92 %, 11901 MiB
2026/10/02 20:55:43.811, 1, 59, 1101 MHz, 77.24 W, 63 %, 11901 MiB
2026/10/02 20:55:43.814, 2, 58, 1063 MHz, 118.25 W, 41 %, 11951 MiB
2026/10/02 20:55:44.817, 0, 52, 1126 MHz, 67.15 W, 91 %, 11901 MiB
2026/10/02 20:55:44.821, 1, 59, 1189 MHz, 66.50 W, 43 %, 11901 MiB
2026/10/02 20:55:44.829, 2, 57, 1189 MHz, 47.93 W, 38 %, 11951 MiB
2026/10/02 20:55:45.837, 0, 51, 1189 MHz, 62.66 W, 45 %, 11901 MiB
2026/10/02 20:55:45.841, 1, 59, 1189 MHz, 41.95 W, 21 %, 11901 MiB
2026/10/02 20:55:45.858, 2, 57, 1290 MHz, 48.16 W, 54 %, 11951 MiB
2026/10/02 20:55:46.861, 0, 52, 1177 MHz, 52.92 W, 94 %, 11901 MiB
2026/10/02 20:55:46.865, 1, 59, 1088 MHz, 115.29 W, 57 %, 11901 MiB
2026/10/02 20:55:46.881, 2, 57, 1189 MHz, 43.23 W, 69 %, 11951 MiB
2026/10/02 20:55:47.884, 0, 52, 1189 MHz, 52.09 W, 88 %, 11901 MiB
2026/10/02 20:55:47.887, 1, 59, 1215 MHz, 66.02 W, 46 %, 11901 MiB
2026/10/02 20:55:47.893, 2, 57, 1227 MHz, 47.22 W, 43 %, 11951 MiB
2026/10/02 20:55:48.904, 0, 52, 1151 MHz, 94.67 W, 89 %, 11901 MiB
2026/10/02 20:55:48.907, 1, 59, 1215 MHz, 49.99 W, 79 %, 11901 MiB
2026/10/02 20:55:48.912, 2, 57, 1164 MHz, 67.92 W, 32 %, 11951 MiB
2026/10/02 20:55:49.920, 0, 52, 1101 MHz, 123.97 W, 98 %, 11901 MiB
2026/10/02 20:55:49.925, 1, 59, 1189 MHz, 36.23 W, 58 %, 11901 MiB
2026/10/02 20:55:49.928, 2, 57, 1189 MHz, 39.95 W, 66 %, 11951 MiB
2026/10/02 20:55:50.931, 0, 52, 1278 MHz, 89.25 W, 92 %, 11901 MiB
2026/10/02 20:55:50.944, 1, 59, 1189 MHz, 45.97 W, 49 %, 11901 MiB
2026/10/02 20:55:50.947, 2, 57, 1202 MHz, 62.45 W, 45 %, 11951 MiB
2026/10/02 20:55:51.950, 0, 52, 1202 MHz, 69.66 W, 91 %, 11901 MiB
2026/10/02 20:55:51.955, 1, 59, 1189 MHz, 53.60 W, 37 %, 11901 MiB
2026/10/02 20:55:51.958, 2, 57, 1164 MHz, 54.90 W, 41 %, 11951 MiB
2026/10/02 20:55:52.966, 0, 52, 1189 MHz, 95.59 W, 100 %, 11901 MiB
2026/10/02 20:55:52.969, 1, 59, 1189 MHz, 57.10 W, 54 %, 11901 MiB
2026/10/02 20:55:52.975, 2, 57, 1189 MHz, 102.91 W, 45 %, 11951 MiB
2026/10/02 20:55:53.978, 0, 52, 1088 MHz, 99.13 W, 95 %, 11901 MiB
2026/10/02 20:55:53.981, 1, 59, 1189 MHz, 49.89 W, 67 %, 11901 MiB
2026/10/02 20:55:53.988, 2, 58, 1075 MHz, 115.56 W, 48 %, 11951 MiB
2026/10/02 20:55:54.996, 0, 52, 1202 MHz, 43.73 W, 91 %, 11901 MiB
2026/10/02 20:55:54.999, 1, 59, 1290 MHz, 102.71 W, 43 %, 11901 MiB
2026/10/02 20:55:55.003, 2, 57, 1227 MHz, 86.78 W, 43 %, 11951 MiB
2026/10/02 20:55:56.006, 0, 52, 1189 MHz, 48.27 W, 45 %, 11901 MiB
2026/10/02 20:55:56.011, 1, 59, 1189 MHz, 103.22 W, 30 %, 11901 MiB
2026/10/02 20:55:56.020, 2, 57, 1189 MHz, 45.09 W, 90 %, 11951 MiB
2026/10/02 20:55:57.023, 0, 52, 1189 MHz, 45.89 W, 96 %, 11901 MiB
2026/10/02 20:55:57.026, 1, 59, 1088 MHz, 115.98 W, 74 %, 11901 MiB
2026/10/02 20:55:57.029, 2, 57, 1189 MHz, 45.83 W, 46 %, 11951 MiB
2026/10/02 20:55:58.032, 0, 52, 1189 MHz, 58.20 W, 90 %, 11901 MiB
2026/10/02 20:55:58.036, 1, 59, 1265 MHz, 51.07 W, 44 %, 11901 MiB
2026/10/02 20:55:58.041, 2, 57, 1252 MHz, 53.53 W, 44 %, 11951 MiB
2026/10/02 20:55:59.044, 0, 51, 1189 MHz, 138.21 W, 56 %, 11901 MiB
2026/10/02 20:55:59.047, 1, 60, 1252 MHz, 62.17 W, 58 %, 11901 MiB
2026/10/02 20:55:59.051, 2, 58, 1164 MHz, 105.02 W, 42 %, 11951 MiB
2026/10/02 20:56:00.054, 0, 52, 1101 MHz, 122.64 W, 96 %, 11901 MiB
2026/10/02 20:56:00.065, 1, 59, 1215 MHz, 37.65 W, 68 %, 11901 MiB
2026/10/02 20:56:00.068, 2, 57, 1189 MHz, 40.19 W, 47 %, 11951 MiB
2026/10/02 20:56:01.071, 0, 52, 1189 MHz, 133.89 W, 93 %, 11901 MiB
2026/10/02 20:56:01.074, 1, 59, 1151 MHz, 73.70 W, 44 %, 11901 MiB
2026/10/02 20:56:01.077, 2, 57, 1189 MHz, 126.27 W, 44 %, 11951 MiB
2026/10/02 20:56:02.080, 0, 50, 1328 MHz, 39.14 W, 53 %, 283 MiB
2026/10/02 20:56:02.083, 1, 58, 1328 MHz, 41.50 W, 37 %, 283 MiB
2026/10/02 20:56:02.086, 2, 56, 1328 MHz, 44.04 W, 0 %, 283 MiB
2026/10/02 20:56:03.089, 0, 50, 1328 MHz, 38.90 W, 0 %, 283 MiB
2026/10/02 20:56:03.092, 1, 57, 1328 MHz, 41.24 W, 0 %, 283 MiB
2026/10/02 20:56:03.095, 2, 56, 1328 MHz, 44.01 W, 0 %, 283 MiB
2026/10/02 20:56:04.098, 0, 50, 1328 MHz, 38.88 W, 0 %, 0 MiB
2026/10/02 20:56:04.103, 1, 57, 1328 MHz, 40.76 W, 0 %, 0 MiB
2026/10/02 20:56:04.106, 2, 56, 1328 MHz, 44.22 W, 0 %, 0 MiB
