timestamp, index, temperature.gpu, clocks.current.sm [MHz], power.draw [W], utilization.gpu [%], memory.used [MiB]
2026/10/03 00:27:23.491, 0, 39, 405 MHz, 25.42 W, 0 %, 0 MiB
2026/10/03 00:27:23.500, 1, 47, 405 MHz, 26.60 W, 0 %, 0 MiB
2026/10/03 00:27:23.503, 2, 46, 405 MHz, 28.95 W, 0 %, 0 MiB
2026/10/03 00:27:24.504, 0, 39, 405 MHz, 25.42 W, 0 %, 0 MiB
2026/10/03 00:27:24.507, 1, 47, 405 MHz, 26.60 W, 0 %, 0 MiB
2026/10/03 00:27:24.512, 2, 46, 405 MHz, 28.71 W, 0 %, 0 MiB
2026/10/03 00:27:25.515, 0, 39, 405 MHz, 25.42 W, 0 %, 0 MiB
2026/10/03 00:27:25.521, 1, 47, 405 MHz, 26.60 W, 0 %, 0 MiB
2026/10/03 00:27:25.525, 2, 46, 405 MHz, 28.71 W, 0 %, 0 MiB
2026/10/03 00:27:26.531, 0, 39, 405 MHz, 25.42 W, 0 %, 0 MiB
2026/10/03 00:27:26.534, 1, 47, 405 MHz, 26.62 W, 0 %, 0 MiB
2026/10/03 00:27:26.537, 2, 46, 405 MHz, 28.71 W, 0 %, 0 MiB
2026/10/03 00:27:27.540, 0, 39, 1189 MHz, 31.57 W, 0 %, 259 MiB
2026/10/03 00:27:27.543, 1, 47, 1189 MHz, 33.23 W, 0 %, 259 MiB
2026/10/03 00:27:27.546, 2, 46, 1189 MHz, 34.36 W, 0 %, 259 MiB
2026/10/03 00:27:28.550, 0, 39, 1189 MHz, 31.57 W, 0 %, 259 MiB
2026/10/03 00:27:28.553, 1, 47, 1189 MHz, 33.23 W, 0 %, 259 MiB
2026/10/03 00:27:28.556, 2, 46, 1189 MHz, 34.36 W, 0 %, 259 MiB
2026/10/03 00:27:29.559, 0, 39, 1189 MHz, 31.57 W, 0 %, 259 MiB
2026/10/03 00:27:29.562, 1, 47, 1189 MHz, 32.99 W, 0 %, 259 MiB
2026/10/03 00:27:29.567, 2, 46, 1189 MHz, 34.38 W, 0 %, 259 MiB
2026/10/03 00:27:30.571, 0, 39, 1189 MHz, 31.57 W, 0 %, 259 MiB
2026/10/03 00:27:30.574, 1, 47, 1189 MHz, 32.99 W, 0 %, 259 MiB
2026/10/03 00:27:30.577, 2, 46, 1189 MHz, 34.38 W, 0 %, 259 MiB
2026/10/03 00:27:31.580, 0, 39, 1189 MHz, 31.59 W, 0 %, 259 MiB
2026/10/03 00:27:31.583, 1, 47, 1189 MHz, 33.01 W, 0 %, 259 MiB
2026/10/03 00:27:31.586, 2, 46, 1189 MHz, 34.38 W, 0 %, 259 MiB
2026/10/03 00:27:32.591, 0, 39, 1189 MHz, 31.57 W, 0 %, 259 MiB
2026/10/03 00:27:32.594, 1, 47, 1189 MHz, 32.99 W, 0 %, 259 MiB
2026/10/03 00:27:32.597, 2, 46, 1189 MHz, 34.38 W, 0 %, 259 MiB
2026/10/03 00:27:33.600, 0, 39, 1189 MHz, 31.57 W, 0 %, 259 MiB
2026/10/03 00:27:33.603, 1, 47, 1189 MHz, 32.99 W, 0 %, 259 MiB
2026/10/03 00:27:33.609, 2, 46, 1189 MHz, 34.38 W, 0 %, 259 MiB
2026/10/03 00:27:34.612, 0, 39, 1189 MHz, 31.57 W, 0 %, 259 MiB
2026/10/03 00:27:34.616, 1, 47, 1189 MHz, 32.99 W, 0 %, 259 MiB
2026/10/03 00:27:34.619, 2, 46, 1189 MHz, 34.38 W, 0 %, 259 MiB
2026/10/03 00:27:35.622, 0, 39, 1189 MHz, 31.57 W, 0 %, 259 MiB
2026/10/03 00:27:35.625, 1, 47, 1189 MHz, 33.23 W, 0 %, 259 MiB
2026/10/03 00:27:35.628, 2, 46, 1189 MHz, 34.38 W, 0 %, 259 MiB
2026/10/03 00:27:36.631, 0, 39, 1189 MHz, 31.57 W, 0 %, 259 MiB
2026/10/03 00:27:36.634, 1, 47, 1189 MHz, 33.23 W, 0 %, 259 MiB
2026/10/03 00:27:36.637, 2, 46, 1189 MHz, 34.38 W, 0 %, 259 MiB
2026/10/03 00:27:37.641, 0, 39, 1189 MHz, 31.57 W, 0 %, 259 MiB
2026/10/03 00:27:37.644, 1, 47, 1189 MHz, 33.23 W, 0 %, 259 MiB
2026/10/03 00:27:37.647, 2, 46, 1189 MHz, 34.38 W, 0 %, 259 MiB
2026/10/03 00:27:38.650, 0, 39, 1189 MHz, 31.57 W, 0 %, 259 MiB
2026/10/03 00:27:38.653, 1, 47, 1189 MHz, 33.23 W, 0 %, 259 MiB
2026/10/03 00:27:38.656, 2, 46, 1189 MHz, 34.38 W, 0 %, 259 MiB
2026/10/03 00:27:39.659, 0, 39, 1189 MHz, 31.57 W, 0 %, 259 MiB
2026/10/03 00:27:39.662, 1, 47, 1189 MHz, 33.21 W, 0 %, 259 MiB
2026/10/03 00:27:39.666, 2, 46, 1189 MHz, 34.36 W, 0 %, 259 MiB
2026/10/03 00:27:40.669, 0, 39, 1189 MHz, 31.57 W, 0 %, 259 MiB
2026/10/03 00:27:40.672, 1, 47, 1189 MHz, 33.23 W, 0 %, 259 MiB
2026/10/03 00:27:40.675, 2, 46, 1189 MHz, 34.38 W, 0 %, 259 MiB
2026/10/03 00:27:41.678, 0, 39, 1189 MHz, 31.57 W, 0 %, 259 MiB
2026/10/03 00:27:41.681, 1, 47, 1189 MHz, 33.23 W, 0 %, 259 MiB
2026/10/03 00:27:41.684, 2, 46, 1189 MHz, 34.38 W, 0 %, 259 MiB
2026/10/03 00:27:42.688, 0, 39, 1189 MHz, 31.57 W, 0 %, 259 MiB
2026/10/03 00:27:42.691, 1, 47, 1189 MHz, 33.23 W, 0 %, 259 MiB
2026/10/03 00:27:42.694, 2, 46, 1189 MHz, 34.38 W, 0 %, 259 MiB
2026/10/03 00:27:43.697, 0, 39, 1189 MHz, 31.57 W, 0 %, 259 MiB
2026/10/03 00:27:43.700, 1, 47, 1189 MHz, 33.23 W, 0 %, 259 MiB
2026/10/03 00:27:43.703, 2, 46, 1189 MHz, 34.38 W, 0 %, 259 MiB
2026/10/03 00:27:44.707, 0, 39, 1189 MHz, 31.57 W, 0 %, 259 MiB
2026/10/03 00:27:44.710, 1, 47, 1189 MHz, 33.23 W, 0 %, 259 MiB
2026/10/03 00:27:44.713, 2, 46, 1189 MHz, 34.38 W, 0 %, 259 MiB
2026/10/03 00:27:45.716, 0, 39, 1189 MHz, 31.57 W, 0 %, 259 MiB
2026/10/03 00:27:45.720, 1, 47, 1189 MHz, 32.99 W, 0 %, 259 MiB
2026/10/03 00:27:45.723, 2, 46, 1189 MHz, 34.38 W, 0 %, 259 MiB
2026/10/03 00:27:46.726, 0, 39, 1189 MHz, 31.57 W, 0 %, 259 MiB
2026/10/03 00:27:46.937, 1, 47, 1189 MHz, 32.99 W, 0 %, 259 MiB
2026/10/03 00:27:46.941, 2, 46, 1189 MHz, 34.38 W, 0 %, 259 MiB
2026/10/03 00:27:47.944, 0, 39, 1189 MHz, 31.57 W, 0 %, 259 MiB
2026/10/03 00:27:47.947, 1, 47, 1189 MHz, 32.99 W, 0 %, 259 MiB
2026/10/03 00:27:47.950, 2, 46, 1189 MHz, 34.38 W, 0 %, 259 MiB
2026/10/03 00:27:48.953, 0, 39, 1189 MHz, 31.57 W, 0 %, 259 MiB
2026/10/03 00:27:48.956, 1, 47, 1189 MHz, 33.23 W, 0 %, 259 MiB
2026/10/03 00:27:48.962, 2, 46, 1189 MHz, 34.38 W, 0 %, 259 MiB
2026/10/03 00:27:49.965, 0, 39, 1189 MHz, 31.56 W, 0 %, 259 MiB
2026/10/03 00:27:49.969, 1, 47, 1189 MHz, 32.99 W, 0 %, 259 MiB
2026/10/03 00:27:49.972, 2, 46, 1189 MHz, 34.35 W, 0 %, 259 MiB
2026/10/03 00:27:50.975, 0, 39, 1189 MHz, 31.57 W, 0 %, 259 MiB
2026/10/03 00:27:50.981, 1, 47, 1189 MHz, 33.23 W, 0 %, 259 MiB
2026/10/03 00:27:50.984, 2, 46, 1189 MHz, 34.38 W, 0 %, 259 MiB
2026/10/03 00:27:51.987, 0, 39, 1189 MHz, 31.57 W, 0 %, 259 MiB
2026/10/03 00:27:51.990, 1, 47, 1189 MHz, 33.23 W, 0 %, 259 MiB
2026/10/03 00:27:51.993, 2, 46, 1189 MHz, 34.38 W, 0 %, 259 MiB
2026/10/03 00:27:52.996, 0, 39, 1189 MHz, 31.57 W, 0 %, 259 MiB
2026/10/03 00:27:53.000, 1, 47, 1189 MHz, 33.01 W, 0 %, 259 MiB
2026/10/03 00:27:53.004, 2, 46, 1189 MHz, 34.38 W, 0 %, 259 MiB
2026/10/03 00:27:54.010, 0, 39, 1189 MHz, 31.57 W, 0 %, 259 MiB
2026/10/03 00:27:54.014, 1, 47, 1189 MHz, 32.99 W, 0 %, 259 MiB
2026/10/03 00:27:54.017, 2, 46, 1189 MHz, 34.38 W, 0 %, 259 MiB
2026/10/03 00:27:55.020, 0, 39, 1189 MHz, 31.57 W, 0 %, 259 MiB
2026/10/03 00:27:55.023, 1, 47, 1189 MHz, 32.99 W, 0 %, 259 MiB
2026/10/03 00:27:55.026, 2, 46, 1189 MHz, 34.38 W, 0 %, 259 MiB
2026/10/03 00:27:56.029, 0, 39, 1189 MHz, 31.57 W, 0 %, 259 MiB
2026/10/03 00:27:56.032, 1, 47, 1189 MHz, 32.99 W, 0 %, 259 MiB
2026/10/03 00:27:56.035, 2, 46, 1189 MHz, 34.38 W, 0 %, 259 MiB
2026/10/03 00:27:57.042, 0, 39, 1189 MHz, 31.57 W, 0 %, 259 MiB
2026/10/03 00:27:57.045, 1, 47, 1189 MHz, 32.99 W, 0 %, 259 MiB
2026/10/03 00:27:57.048, 2, 46, 1189 MHz, 34.38 W, 0 %, 259 MiB
2026/10/03 00:27:58.051, 0, 39, 1189 MHz, 31.57 W, 0 %, 259 MiB
2026/10/03 00:27:58.054, 1, 47, 1189 MHz, 32.99 W, 0 %, 259 MiB
2026/10/03 00:27:58.057, 2, 46, 1189 MHz, 34.38 W, 0 %, 259 MiB
2026/10/03 00:27:59.063, 0, 39, 1189 MHz, 31.57 W, 0 %, 259 MiB
2026/10/03 00:27:59.066, 1, 47, 1189 MHz, 32.99 W, 0 %, 259 MiB
2026/10/03 00:27:59.069, 2, 46, 1189 MHz, 34.38 W, 0 %, 259 MiB
2026/10/03 00:28:00.072, 0, 39, 1189 MHz, 31.57 W, 0 %, 259 MiB
2026/10/03 00:28:00.075, 1, 47, 1189 MHz, 33.23 W, 0 %, 259 MiB
2026/10/03 00:28:00.081, 2, 46, 1189 MHz, 34.38 W, 0 %, 259 MiB
2026/10/03 00:28:01.084, 0, 39, 1189 MHz, 31.57 W, 0 %, 259 MiB
2026/10/03 00:28:01.090, 1, 47, 1189 MHz, 33.23 W, 0 %, 259 MiB
2026/10/03 00:28:01.093, 2, 45, 1189 MHz, 34.38 W, 0 %, 259 MiB
2026/10/03 00:28:02.096, 0, 39, 1189 MHz, 31.57 W, 0 %, 259 MiB
2026/10/03 00:28:02.099, 1, 47, 1189 MHz, 33.23 W, 0 %, 259 MiB
2026/10/03 00:28:02.102, 2, 46, 1189 MHz, 34.38 W, 0 %, 259 MiB
2026/10/03 00:28:03.105, 0, 39, 1189 MHz, 31.57 W, 0 %, 259 MiB
2026/10/03 00:28:03.109, 1, 47, 1189 MHz, 33.23 W, 0 %, 259 MiB
2026/10/03 00:28:03.112, 2, 46, 1189 MHz, 34.38 W, 0 %, 259 MiB
2026/10/03 00:28:04.115, 0, 39, 1189 MHz, 31.57 W, 0 %, 259 MiB
2026/10/03 00:28:04.119, 1, 47, 1189 MHz, 33.23 W, 0 %, 259 MiB
2026/10/03 00:28:04.122, 2, 46, 1189 MHz, 34.38 W, 0 %, 259 MiB
2026/10/03 00:28:05.125, 0, 39, 1189 MHz, 31.57 W, 0 %, 259 MiB
2026/10/03 00:28:05.128, 1, 47, 1189 MHz, 33.23 W, 0 %, 259 MiB
2026/10/03 00:28:05.132, 2, 46, 1189 MHz, 34.38 W, 0 %, 259 MiB
2026/10/03 00:28:06.135, 0, 39, 1189 MHz, 31.59 W, 0 %, 259 MiB
2026/10/03 00:28:06.138, 1, 47, 1189 MHz, 33.23 W, 0 %, 259 MiB
2026/10/03 00:28:06.141, 2, 46, 1189 MHz, 34.38 W, 0 %, 259 MiB
2026/10/03 00:28:07.144, 0, 39, 1189 MHz, 31.57 W, 0 %, 259 MiB
2026/10/03 00:28:07.147, 1, 47, 1189 MHz, 32.99 W, 0 %, 259 MiB
2026/10/03 00:28:07.150, 2, 46, 1189 MHz, 34.38 W, 0 %, 259 MiB
2026/10/03 00:28:08.157, 0, 39, 1189 MHz, 31.57 W, 0 %, 259 MiB
2026/10/03 00:28:08.160, 1, 47, 1189 MHz, 33.01 W, 0 %, 259 MiB
2026/10/03 00:28:08.163, 2, 45, 1189 MHz, 34.38 W, 0 %, 259 MiB
2026/10/03 00:28:09.166, 0, 39, 1189 MHz, 31.57 W, 0 %, 259 MiB
2026/10/03 00:28:09.169, 1, 47, 1189 MHz, 32.99 W, 0 %, 259 MiB
2026/10/03 00:28:09.175, 2, 46, 1189 MHz, 34.36 W, 0 %, 259 MiB
2026/10/03 00:28:10.178, 0, 39, 1189 MHz, 31.57 W, 0 %, 259 MiB
2026/10/03 00:28:10.181, 1, 47, 1189 MHz, 32.99 W, 0 %, 259 MiB
2026/10/03 00:28:10.184, 2, 46, 1189 MHz, 34.36 W, 0 %, 259 MiB
2026/10/03 00:28:11.187, 0, 39, 1189 MHz, 31.57 W, 0 %, 259 MiB
2026/10/03 00:28:11.190, 1, 47, 1189 MHz, 33.23 W, 0 %, 259 MiB
2026/10/03 00:28:11.196, 2, 45, 1189 MHz, 34.38 W, 0 %, 259 MiB
2026/10/03 00:28:12.199, 0, 39, 1189 MHz, 31.57 W, 0 %, 259 MiB
2026/10/03 00:28:12.204, 1, 47, 1189 MHz, 33.23 W, 0 %, 259 MiB
2026/10/03 00:28:12.207, 2, 46, 1189 MHz, 34.38 W, 0 %, 259 MiB
2026/10/03 00:28:13.210, 0, 39, 1189 MHz, 31.57 W, 0 %, 259 MiB
2026/10/03 00:28:13.213, 1, 47, 1189 MHz, 32.75 W, 0 %, 259 MiB
2026/10/03 00:28:13.216, 2, 46, 1189 MHz, 34.38 W, 0 %, 259 MiB
2026/10/03 00:28:14.219, 0, 39, 1189 MHz, 31.57 W, 0 %, 259 MiB
2026/10/03 00:28:14.223, 1, 47, 1189 MHz, 32.53 W, 0 %, 259 MiB
2026/10/03 00:28:14.226, 2, 45, 1189 MHz, 34.38 W, 0 %, 259 MiB
2026/10/03 00:28:15.229, 0, 39, 1189 MHz, 31.57 W, 0 %, 259 MiB
2026/10/03 00:28:15.232, 1, 47, 1189 MHz, 32.99 W, 0 %, 259 MiB
2026/10/03 00:28:15.238, 2, 45, 1189 MHz, 34.38 W, 0 %, 259 MiB
2026/10/03 00:28:16.241, 0, 39, 1189 MHz, 31.59 W, 0 %, 259 MiB
2026/10/03 00:28:16.244, 1, 47, 1189 MHz, 32.99 W, 0 %, 259 MiB
2026/10/03 00:28:16.247, 2, 46, 1189 MHz, 34.38 W, 0 %, 259 MiB
2026/10/03 00:28:17.250, 0, 39, 1189 MHz, 31.57 W, 0 %, 259 MiB
2026/10/03 00:28:17.253, 1, 47, 1189 MHz, 33.23 W, 0 %, 259 MiB
2026/10/03 00:28:17.257, 2, 45, 1189 MHz, 34.38 W, 0 %, 259 MiB
2026/10/03 00:28:18.260, 0, 39, 1189 MHz, 31.57 W, 0 %, 259 MiB
2026/10/03 00:28:18.263, 1, 47, 1189 MHz, 33.23 W, 0 %, 259 MiB
2026/10/03 00:28:18.266, 2, 45, 1189 MHz, 34.38 W, 0 %, 259 MiB
2026/10/03 00:28:19.270, 0, 39, 1189 MHz, 31.57 W, 0 %, 259 MiB
2026/10/03 00:28:19.273, 1, 47, 1189 MHz, 33.23 W, 0 %, 259 MiB
2026/10/03 00:28:19.276, 2, 45, 1189 MHz, 34.38 W, 0 %, 259 MiB
2026/10/03 00:28:20.279, 0, 39, 1189 MHz, 31.57 W, 0 %, 259 MiB
2026/10/03 00:28:20.283, 1, 47, 1189 MHz, 32.99 W, 0 %, 259 MiB
2026/10/03 00:28:20.286, 2, 45, 1189 MHz, 34.38 W, 0 %, 259 MiB
2026/10/03 00:28:21.289, 0, 39, 1189 MHz, 31.57 W, 0 %, 259 MiB
2026/10/03 00:28:21.294, 1, 47, 1189 MHz, 32.99 W, 0 %, 259 MiB
2026/10/03 00:28:21.297, 2, 45, 1189 MHz, 34.38 W, 0 %, 259 MiB
2026/10/03 00:28:22.300, 0, 39, 1189 MHz, 31.57 W, 0 %, 259 MiB
2026/10/03 00:28:22.303, 1, 47, 1189 MHz, 32.99 W, 0 %, 259 MiB
2026/10/03 00:28:22.306, 2, 45, 1189 MHz, 34.38 W, 0 %, 259 MiB
2026/10/03 00:28:23.309, 0, 39, 1189 MHz, 31.57 W, 0 %, 259 MiB
2026/10/03 00:28:23.313, 1, 47, 1189 MHz, 33.01 W, 0 %, 259 MiB
2026/10/03 00:28:23.315, 2, 45, 1189 MHz, 34.38 W, 0 %, 259 MiB
2026/10/03 00:28:24.319, 0, 39, 1189 MHz, 31.57 W, 0 %, 259 MiB
2026/10/03 00:28:24.322, 1, 47, 1189 MHz, 32.99 W, 0 %, 259 MiB
2026/10/03 00:28:24.325, 2, 45, 1189 MHz, 34.38 W, 0 %, 259 MiB
2026/10/03 00:28:25.328, 0, 39, 1189 MHz, 31.57 W, 0 %, 259 MiB
2026/10/03 00:28:25.332, 1, 47, 1189 MHz, 33.23 W, 0 %, 259 MiB
2026/10/03 00:28:25.335, 2, 45, 1189 MHz, 34.36 W, 0 %, 259 MiB
2026/10/03 00:28:26.338, 0, 38, 1189 MHz, 31.34 W, 0 %, 259 MiB
2026/10/03 00:28:26.341, 1, 47, 1189 MHz, 33.23 W, 0 %, 259 MiB
2026/10/03 00:28:26.344, 2, 45, 1189 MHz, 34.38 W, 0 %, 259 MiB
2026/10/03 00:28:27.348, 0, 39, 1189 MHz, 31.57 W, 0 %, 259 MiB
2026/10/03 00:28:27.351, 1, 47, 1189 MHz, 32.99 W, 0 %, 259 MiB
2026/10/03 00:28:27.354, 2, 45, 1189 MHz, 34.38 W, 0 %, 259 MiB
2026/10/03 00:28:28.361, 0, 39, 1189 MHz, 31.57 W, 0 %, 259 MiB
2026/10/03 00:28:28.364, 1, 47, 1189 MHz, 32.99 W, 0 %, 259 MiB
2026/10/03 00:28:28.370, 2, 45, 1189 MHz, 34.38 W, 0 %, 259 MiB
2026/10/03 00:28:29.373, 0, 39, 1189 MHz, 31.57 W, 0 %, 259 MiB
2026/10/03 00:28:29.376, 1, 47, 1189 MHz, 33.23 W, 0 %, 259 MiB
2026/10/03 00:28:29.379, 2, 45, 1189 MHz, 34.38 W, 0 %, 259 MiB
2026/10/03 00:28:30.382, 0, 39, 1189 MHz, 31.57 W, 0 %, 259 MiB
2026/10/03 00:28:30.386, 1, 47, 1189 MHz, 32.99 W, 0 %, 259 MiB
2026/10/03 00:28:30.389, 2, 45, 1189 MHz, 34.38 W, 0 %, 259 MiB
2026/10/03 00:28:31.392, 0, 39, 1189 MHz, 31.57 W, 0 %, 259 MiB
2026/10/03 00:28:31.395, 1, 47, 1189 MHz, 32.75 W, 0 %, 259 MiB
2026/10/03 00:28:31.398, 2, 45, 1189 MHz, 34.38 W, 0 %, 259 MiB
2026/10/03 00:28:32.401, 0, 39, 1189 MHz, 31.57 W, 0 %, 259 MiB
2026/10/03 00:28:32.404, 1, 47, 1189 MHz, 32.75 W, 0 %, 259 MiB
2026/10/03 00:28:32.408, 2, 45, 1189 MHz, 34.38 W, 0 %, 259 MiB
2026/10/03 00:28:33.411, 0, 39, 1189 MHz, 31.59 W, 0 %, 259 MiB
2026/10/03 00:28:33.414, 1, 47, 1189 MHz, 33.01 W, 0 %, 259 MiB
2026/10/03 00:28:33.417, 2, 45, 1189 MHz, 34.38 W, 0 %, 259 MiB
2026/10/03 00:28:34.420, 0, 39, 1189 MHz, 31.57 W, 0 %, 259 MiB
2026/10/03 00:28:34.423, 1, 47, 1189 MHz, 32.77 W, 0 %, 259 MiB
2026/10/03 00:28:34.426, 2, 45, 1189 MHz, 34.38 W, 0 %, 259 MiB
2026/10/03 00:28:35.429, 0, 39, 1189 MHz, 31.34 W, 0 %, 259 MiB
2026/10/03 00:28:35.432, 1, 47, 1189 MHz, 32.99 W, 0 %, 259 MiB
2026/10/03 00:28:35.435, 2, 45, 1189 MHz, 34.38 W, 0 %, 259 MiB
2026/10/03 00:28:36.438, 0, 39, 1189 MHz, 31.57 W, 0 %, 259 MiB
2026/10/03 00:28:36.442, 1, 47, 1189 MHz, 32.99 W, 0 %, 259 MiB
2026/10/03 00:28:36.445, 2, 45, 1189 MHz, 34.38 W, 0 %, 259 MiB
2026/10/03 00:28:37.448, 0, 39, 1189 MHz, 31.57 W, 0 %, 259 MiB
2026/10/03 00:28:37.451, 1, 47, 1189 MHz, 32.75 W, 0 %, 259 MiB
2026/10/03 00:28:37.454, 2, 45, 1189 MHz, 34.38 W, 0 %, 259 MiB
2026/10/03 00:28:38.457, 0, 39, 1189 MHz, 31.57 W, 0 %, 259 MiB
2026/10/03 00:28:38.460, 1, 47, 1189 MHz, 32.77 W, 0 %, 259 MiB
2026/10/03 00:28:38.463, 2, 45, 1189 MHz, 34.14 W, 0 %, 259 MiB
2026/10/03 00:28:39.466, 0, 39, 1189 MHz, 31.57 W, 0 %, 259 MiB
2026/10/03 00:28:39.469, 1, 47, 1189 MHz, 32.52 W, 0 %, 259 MiB
2026/10/03 00:28:39.472, 2, 45, 1189 MHz, 34.38 W, 0 %, 259 MiB
2026/10/03 00:28:40.476, 0, 39, 1189 MHz, 31.57 W, 0 %, 259 MiB
2026/10/03 00:28:40.479, 1, 47, 1189 MHz, 32.52 W, 0 %, 259 MiB
2026/10/03 00:28:40.482, 2, 45, 1189 MHz, 34.38 W, 0 %, 259 MiB
2026/10/03 00:28:41.486, 0, 39, 1189 MHz, 31.57 W, 0 %, 259 MiB
2026/10/03 00:28:41.490, 1, 47, 1189 MHz, 32.77 W, 0 %, 259 MiB
2026/10/03 00:28:41.493, 2, 45, 1189 MHz, 34.14 W, 0 %, 259 MiB
2026/10/03 00:28:42.496, 0, 39, 1189 MHz, 31.57 W, 0 %, 259 MiB
2026/10/03 00:28:42.499, 1, 47, 1189 MHz, 32.75 W, 0 %, 259 MiB
2026/10/03 00:28:42.502, 2, 45, 1189 MHz, 34.12 W, 0 %, 259 MiB
2026/10/03 00:28:43.508, 0, 38, 1189 MHz, 31.57 W, 0 %, 259 MiB
2026/10/03 00:28:43.511, 1, 47, 1189 MHz, 32.75 W, 0 %, 259 MiB
2026/10/03 00:28:43.515, 2, 45, 1189 MHz, 34.14 W, 0 %, 259 MiB
2026/10/03 00:28:44.518, 0, 39, 1189 MHz, 31.57 W, 0 %, 259 MiB
2026/10/03 00:28:44.521, 1, 47, 1189 MHz, 33.01 W, 0 %, 259 MiB
2026/10/03 00:28:44.524, 2, 45, 1189 MHz, 34.38 W, 0 %, 259 MiB
2026/10/03 00:28:45.527, 0, 39, 1189 MHz, 31.34 W, 0 %, 259 MiB
2026/10/03 00:28:45.530, 1, 47, 1189 MHz, 32.99 W, 0 %, 259 MiB
2026/10/03 00:28:45.533, 2, 45, 1189 MHz, 34.38 W, 0 %, 259 MiB
2026/10/03 00:28:46.536, 0, 39, 1189 MHz, 31.57 W, 0 %, 259 MiB
2026/10/03 00:28:46.539, 1, 47, 1189 MHz, 32.77 W, 0 %, 259 MiB
2026/10/03 00:28:46.542, 2, 45, 1189 MHz, 34.38 W, 0 %, 259 MiB
2026/10/03 00:28:47.545, 0, 39, 1189 MHz, 31.57 W, 0 %, 259 MiB
2026/10/03 00:28:47.546, 1, 47, 1189 MHz, 32.99 W, 0 %, 259 MiB
2026/10/03 00:28:47.549, 2, 45, 1189 MHz, 34.38 W, 0 %, 259 MiB
2026/10/03 00:28:48.552, 0, 38, 1189 MHz, 31.57 W, 0 %, 259 MiB
2026/10/03 00:28:48.555, 1, 47, 1189 MHz, 32.75 W, 0 %, 259 MiB
2026/10/03 00:28:48.558, 2, 45, 1189 MHz, 34.14 W, 0 %, 259 MiB
2026/10/03 00:28:49.564, 0, 39, 1189 MHz, 31.57 W, 0 %, 259 MiB
2026/10/03 00:28:49.568, 1, 47, 1189 MHz, 32.75 W, 0 %, 259 MiB
2026/10/03 00:28:49.568, 2, 45, 1189 MHz, 34.36 W, 0 %, 259 MiB
2026/10/03 00:28:50.571, 0, 38, 1189 MHz, 31.57 W, 0 %, 259 MiB
2026/10/03 00:28:50.607, 1, 47, 1189 MHz, 32.99 W, 0 %, 259 MiB
2026/10/03 00:28:50.610, 2, 45, 1189 MHz, 34.14 W, 0 %, 259 MiB
2026/10/03 00:28:51.613, 0, 39, 1189 MHz, 31.57 W, 0 %, 259 MiB
2026/10/03 00:28:51.616, 1, 46, 1189 MHz, 32.75 W, 0 %, 259 MiB
2026/10/03 00:28:51.620, 2, 45, 1189 MHz, 34.14 W, 0 %, 259 MiB
2026/10/03 00:28:52.623, 0, 38, 1189 MHz, 31.57 W, 0 %, 259 MiB
2026/10/03 00:28:52.626, 1, 46, 1189 MHz, 32.99 W, 0 %, 259 MiB
2026/10/03 00:28:52.629, 2, 45, 1189 MHz, 34.14 W, 0 %, 259 MiB
2026/10/03 00:28:53.632, 0, 38, 1189 MHz, 31.57 W, 0 %, 259 MiB
2026/10/03 00:28:53.635, 1, 46, 1189 MHz, 32.99 W, 0 %, 259 MiB
2026/10/03 00:28:53.638, 2, 45, 1189 MHz, 34.12 W, 0 %, 259 MiB
2026/10/03 00:28:54.641, 0, 39, 1189 MHz, 31.57 W, 0 %, 259 MiB
2026/10/03 00:28:54.644, 1, 46, 1189 MHz, 32.99 W, 0 %, 259 MiB
2026/10/03 00:28:54.648, 2, 45, 1189 MHz, 34.12 W, 0 %, 259 MiB
2026/10/03 00:28:55.651, 0, 38, 1189 MHz, 31.57 W, 0 %, 259 MiB
2026/10/03 00:28:55.654, 1, 46, 1189 MHz, 32.99 W, 0 %, 259 MiB
2026/10/03 00:28:55.657, 2, 45, 1189 MHz, 34.14 W, 0 %, 259 MiB
2026/10/03 00:28:56.660, 0, 38, 1189 MHz, 31.57 W, 0 %, 259 MiB
2026/10/03 00:28:56.664, 1, 47, 1189 MHz, 32.99 W, 0 %, 259 MiB
2026/10/03 00:28:56.670, 2, 45, 1189 MHz, 34.38 W, 0 %, 259 MiB
2026/10/03 00:28:57.674, 0, 39, 1189 MHz, 31.57 W, 0 %, 259 MiB
2026/10/03 00:28:57.677, 1, 47, 1189 MHz, 32.99 W, 0 %, 259 MiB
2026/10/03 00:28:57.680, 2, 45, 1189 MHz, 34.38 W, 0 %, 259 MiB
2026/10/03 00:28:58.683, 0, 38, 1189 MHz, 31.57 W, 0 %, 259 MiB
2026/10/03 00:28:58.687, 1, 47, 1189 MHz, 32.99 W, 0 %, 259 MiB
2026/10/03 00:28:58.690, 2, 45, 1189 MHz, 34.14 W, 0 %, 259 MiB
2026/10/03 00:28:59.693, 0, 39, 1189 MHz, 31.57 W, 0 %, 259 MiB
2026/10/03 00:28:59.696, 1, 47, 1189 MHz, 32.53 W, 0 %, 259 MiB
2026/10/03 00:28:59.700, 2, 45, 1189 MHz, 34.14 W, 0 %, 259 MiB
2026/10/03 00:29:00.703, 0, 38, 1189 MHz, 31.34 W, 0 %, 259 MiB
2026/10/03 00:29:00.706, 1, 47, 1189 MHz, 32.77 W, 0 %, 259 MiB
2026/10/03 00:29:00.709, 2, 45, 1189 MHz, 34.14 W, 0 %, 259 MiB
2026/10/03 00:29:01.712, 0, 38, 1189 MHz, 31.59 W, 0 %, 259 MiB
2026/10/03 00:29:01.715, 1, 47, 1189 MHz, 32.99 W, 0 %, 259 MiB
2026/10/03 00:29:01.718, 2, 45, 1189 MHz, 34.14 W, 0 %, 259 MiB
2026/10/03 00:29:02.724, 0, 38, 1189 MHz, 31.57 W, 0 %, 259 MiB
2026/10/03 00:29:02.727, 1, 47, 1189 MHz, 32.99 W, 0 %, 259 MiB
2026/10/03 00:29:02.730, 2, 45, 1189 MHz, 34.12 W, 0 %, 259 MiB
2026/10/03 00:29:03.733, 0, 38, 1189 MHz, 31.57 W, 0 %, 259 MiB
2026/10/03 00:29:03.737, 1, 47, 1189 MHz, 32.99 W, 0 %, 259 MiB
2026/10/03 00:29:03.742, 2, 45, 1189 MHz, 34.12 W, 0 %, 259 MiB
2026/10/03 00:29:04.745, 0, 38, 1189 MHz, 31.57 W, 0 %, 259 MiB
2026/10/03 00:29:04.748, 1, 46, 1189 MHz, 33.01 W, 0 %, 259 MiB
2026/10/03 00:29:04.751, 2, 45, 1189 MHz, 34.14 W, 0 %, 259 MiB
2026/10/03 00:29:05.754, 0, 38, 1189 MHz, 31.57 W, 0 %, 259 MiB
2026/10/03 00:29:05.758, 1, 47, 1189 MHz, 32.75 W, 0 %, 259 MiB
2026/10/03 00:29:05.761, 2, 45, 1189 MHz, 34.14 W, 0 %, 259 MiB
2026/10/03 00:29:06.764, 0, 38, 1189 MHz, 31.57 W, 0 %, 259 MiB
2026/10/03 00:29:06.767, 1, 46, 1189 MHz, 32.52 W, 0 %, 259 MiB
2026/10/03 00:29:06.770, 2, 45, 1189 MHz, 34.14 W, 0 %, 259 MiB
2026/10/03 00:29:07.773, 0, 38, 1189 MHz, 31.57 W, 0 %, 259 MiB
2026/10/03 00:29:07.776, 1, 47, 1189 MHz, 32.75 W, 0 %, 259 MiB
2026/10/03 00:29:07.779, 2, 45, 1189 MHz, 34.14 W, 0 %, 259 MiB
2026/10/03 00:29:08.783, 0, 38, 1189 MHz, 31.57 W, 0 %, 259 MiB
2026/10/03 00:29:08.786, 1, 46, 1189 MHz, 32.52 W, 0 %, 259 MiB
2026/10/03 00:29:08.789, 2, 45, 1189 MHz, 34.14 W, 0 %, 259 MiB
2026/10/03 00:29:09.792, 0, 38, 1189 MHz, 31.57 W, 0 %, 259 MiB
2026/10/03 00:29:09.796, 1, 46, 1189 MHz, 32.52 W, 0 %, 259 MiB
2026/10/03 00:29:09.799, 2, 45, 1189 MHz, 34.14 W, 0 %, 259 MiB
2026/10/03 00:29:10.802, 0, 38, 1189 MHz, 31.57 W, 0 %, 259 MiB
2026/10/03 00:29:10.805, 1, 46, 1189 MHz, 32.77 W, 0 %, 259 MiB
2026/10/03 00:29:10.808, 2, 45, 1189 MHz, 34.14 W, 0 %, 259 MiB
2026/10/03 00:29:11.811, 0, 38, 1189 MHz, 31.57 W, 0 %, 259 MiB
2026/10/03 00:29:11.815, 1, 46, 1189 MHz, 32.52 W, 0 %, 259 MiB
2026/10/03 00:29:11.818, 2, 45, 1189 MHz, 34.14 W, 0 %, 259 MiB
2026/10/03 00:29:12.824, 0, 38, 1189 MHz, 31.57 W, 0 %, 259 MiB
2026/10/03 00:29:12.828, 1, 46, 1189 MHz, 32.77 W, 0 %, 259 MiB
2026/10/03 00:29:12.831, 2, 45, 1189 MHz, 34.14 W, 0 %, 259 MiB
2026/10/03 00:29:13.834, 0, 38, 1189 MHz, 31.57 W, 0 %, 259 MiB
2026/10/03 00:29:13.837, 1, 46, 1189 MHz, 32.77 W, 0 %, 259 MiB
2026/10/03 00:29:13.840, 2, 45, 1189 MHz, 34.14 W, 0 %, 259 MiB
2026/10/03 00:29:14.843, 0, 38, 1189 MHz, 31.34 W, 0 %, 259 MiB
2026/10/03 00:29:14.846, 1, 46, 1189 MHz, 32.77 W, 0 %, 259 MiB
2026/10/03 00:29:14.849, 2, 45, 1189 MHz, 34.14 W, 0 %, 259 MiB
2026/10/03 00:29:15.852, 0, 38, 1189 MHz, 31.57 W, 0 %, 259 MiB
2026/10/03 00:29:15.856, 1, 46, 1189 MHz, 32.75 W, 0 %, 259 MiB
2026/10/03 00:29:15.859, 2, 45, 1189 MHz, 34.14 W, 0 %, 259 MiB
2026/10/03 00:29:16.863, 0, 38, 1189 MHz, 31.57 W, 0 %, 259 MiB
2026/10/03 00:29:16.866, 1, 46, 1189 MHz, 32.99 W, 0 %, 259 MiB
2026/10/03 00:29:16.869, 2, 45, 1189 MHz, 34.14 W, 0 %, 259 MiB
2026/10/03 00:29:17.872, 0, 38, 1189 MHz, 31.34 W, 0 %, 259 MiB
2026/10/03 00:29:17.875, 1, 46, 1189 MHz, 32.99 W, 0 %, 259 MiB
2026/10/03 00:29:17.878, 2, 45, 1189 MHz, 34.14 W, 0 %, 259 MiB
2026/10/03 00:29:18.882, 0, 38, 1189 MHz, 31.57 W, 0 %, 259 MiB
2026/10/03 00:29:18.885, 1, 46, 1189 MHz, 32.75 W, 0 %, 259 MiB
2026/10/03 00:29:18.888, 2, 45, 1189 MHz, 34.14 W, 0 %, 259 MiB
2026/10/03 00:29:19.891, 0, 38, 1189 MHz, 31.57 W, 0 %, 259 MiB
2026/10/03 00:29:19.894, 1, 46, 1189 MHz, 32.99 W, 0 %, 259 MiB
2026/10/03 00:29:19.897, 2, 45, 1189 MHz, 34.14 W, 0 %, 259 MiB
2026/10/03 00:29:20.901, 0, 38, 1189 MHz, 31.34 W, 0 %, 259 MiB
2026/10/03 00:29:20.904, 1, 46, 1189 MHz, 32.75 W, 0 %, 259 MiB
2026/10/03 00:29:20.907, 2, 45, 1189 MHz, 34.14 W, 0 %, 259 MiB
2026/10/03 00:29:21.910, 0, 38, 1189 MHz, 31.34 W, 0 %, 259 MiB
2026/10/03 00:29:21.913, 1, 46, 1189 MHz, 32.75 W, 0 %, 259 MiB
2026/10/03 00:29:21.918, 2, 45, 1189 MHz, 34.14 W, 0 %, 259 MiB
2026/10/03 00:29:22.921, 0, 38, 1189 MHz, 31.34 W, 0 %, 259 MiB
2026/10/03 00:29:22.928, 1, 46, 1189 MHz, 32.75 W, 0 %, 259 MiB
2026/10/03 00:29:22.931, 2, 45, 1189 MHz, 34.14 W, 0 %, 259 MiB
2026/10/03 00:29:23.934, 0, 39, 1189 MHz, 31.57 W, 0 %, 259 MiB
2026/10/03 00:29:23.937, 1, 46, 1189 MHz, 32.75 W, 0 %, 259 MiB
2026/10/03 00:29:23.940, 2, 45, 1189 MHz, 34.14 W, 0 %, 259 MiB
2026/10/03 00:29:24.946, 0, 38, 1189 MHz, 31.34 W, 0 %, 259 MiB
2026/10/03 00:29:24.949, 1, 46, 1189 MHz, 32.75 W, 0 %, 259 MiB
2026/10/03 00:29:24.952, 2, 45, 1189 MHz, 34.14 W, 0 %, 259 MiB
2026/10/03 00:29:25.956, 0, 38, 1189 MHz, 31.57 W, 0 %, 259 MiB
2026/10/03 00:29:25.959, 1, 46, 1189 MHz, 32.75 W, 0 %, 259 MiB
2026/10/03 00:29:25.962, 2, 45, 1189 MHz, 34.14 W, 0 %, 259 MiB
2026/10/03 00:29:26.965, 0, 38, 1189 MHz, 31.57 W, 0 %, 259 MiB
2026/10/03 00:29:26.968, 1, 47, 1189 MHz, 32.77 W, 0 %, 259 MiB
2026/10/03 00:29:26.971, 2, 45, 1189 MHz, 34.14 W, 0 %, 259 MiB
2026/10/03 00:29:27.974, 0, 38, 1189 MHz, 31.57 W, 0 %, 259 MiB
2026/10/03 00:29:27.980, 1, 46, 1189 MHz, 32.75 W, 0 %, 259 MiB
2026/10/03 00:29:27.983, 2, 45, 1189 MHz, 34.14 W, 0 %, 259 MiB
2026/10/03 00:29:28.986, 0, 38, 1189 MHz, 31.34 W, 0 %, 259 MiB
2026/10/03 00:29:28.989, 1, 46, 1189 MHz, 32.99 W, 0 %, 259 MiB
2026/10/03 00:29:28.995, 2, 45, 1189 MHz, 34.14 W, 0 %, 259 MiB
2026/10/03 00:29:29.998, 0, 38, 1189 MHz, 31.57 W, 0 %, 259 MiB
2026/10/03 00:29:30.001, 1, 46, 1189 MHz, 32.99 W, 0 %, 259 MiB
2026/10/03 00:29:30.004, 2, 45, 1189 MHz, 34.14 W, 0 %, 259 MiB
2026/10/03 00:29:31.010, 0, 38, 1189 MHz, 31.34 W, 0 %, 259 MiB
2026/10/03 00:29:31.013, 1, 46, 1189 MHz, 32.99 W, 0 %, 259 MiB
2026/10/03 00:29:31.016, 2, 45, 1189 MHz, 34.12 W, 0 %, 259 MiB
2026/10/03 00:29:32.019, 0, 38, 1189 MHz, 31.10 W, 0 %, 259 MiB
2026/10/03 00:29:32.022, 1, 46, 1189 MHz, 32.99 W, 0 %, 259 MiB
2026/10/03 00:29:32.025, 2, 45, 1189 MHz, 34.14 W, 0 %, 259 MiB
2026/10/03 00:29:33.029, 0, 38, 1189 MHz, 31.57 W, 0 %, 259 MiB
2026/10/03 00:29:33.032, 1, 46, 1189 MHz, 32.99 W, 0 %, 259 MiB
2026/10/03 00:29:33.035, 2, 45, 1189 MHz, 34.14 W, 0 %, 259 MiB
2026/10/03 00:29:34.038, 0, 38, 1189 MHz, 31.34 W, 0 %, 259 MiB
2026/10/03 00:29:34.041, 1, 46, 1189 MHz, 32.99 W, 0 %, 259 MiB
2026/10/03 00:29:34.044, 2, 45, 1189 MHz, 34.14 W, 0 %, 259 MiB
2026/10/03 00:29:35.047, 0, 38, 1189 MHz, 31.57 W, 0 %, 259 MiB
2026/10/03 00:29:35.050, 1, 46, 1189 MHz, 32.99 W, 0 %, 259 MiB
2026/10/03 00:29:35.053, 2, 45, 1189 MHz, 34.14 W, 0 %, 259 MiB
2026/10/03 00:29:36.056, 0, 38, 1189 MHz, 31.57 W, 0 %, 259 MiB
2026/10/03 00:29:36.060, 1, 46, 1189 MHz, 32.99 W, 0 %, 259 MiB
2026/10/03 00:29:36.063, 2, 45, 1189 MHz, 34.14 W, 0 %, 259 MiB
2026/10/03 00:29:37.066, 0, 38, 1189 MHz, 31.34 W, 0 %, 259 MiB
2026/10/03 00:29:37.069, 1, 46, 1189 MHz, 32.99 W, 0 %, 259 MiB
2026/10/03 00:29:37.072, 2, 45, 1189 MHz, 34.14 W, 0 %, 259 MiB
2026/10/03 00:29:38.075, 0, 38, 1189 MHz, 31.34 W, 0 %, 259 MiB
2026/10/03 00:29:38.078, 1, 46, 1189 MHz, 32.99 W, 0 %, 259 MiB
2026/10/03 00:29:38.081, 2, 45, 1189 MHz, 34.14 W, 0 %, 259 MiB
2026/10/03 00:29:39.086, 0, 38, 1189 MHz, 31.34 W, 0 %, 259 MiB
2026/10/03 00:29:39.089, 1, 46, 1189 MHz, 32.75 W, 0 %, 259 MiB
2026/10/03 00:29:39.092, 2, 45, 1189 MHz, 34.14 W, 0 %, 259 MiB
2026/10/03 00:29:40.095, 0, 38, 1189 MHz, 31.34 W, 0 %, 259 MiB
2026/10/03 00:29:40.098, 1, 46, 1189 MHz, 32.77 W, 0 %, 259 MiB
2026/10/03 00:29:40.101, 2, 45, 1189 MHz, 34.14 W, 0 %, 259 MiB
2026/10/03 00:29:41.105, 0, 38, 1189 MHz, 31.34 W, 0 %, 259 MiB
2026/10/03 00:29:41.108, 1, 46, 1189 MHz, 32.99 W, 0 %, 259 MiB
2026/10/03 00:29:41.111, 2, 45, 1189 MHz, 34.14 W, 0 %, 259 MiB
2026/10/03 00:29:42.114, 0, 38, 1189 MHz, 31.34 W, 0 %, 259 MiB
2026/10/03 00:29:42.117, 1, 46, 1189 MHz, 33.01 W, 0 %, 259 MiB
2026/10/03 00:29:42.122, 2, 45, 1189 MHz, 34.14 W, 0 %, 259 MiB
2026/10/03 00:29:43.125, 0, 38, 1189 MHz, 31.57 W, 0 %, 259 MiB
2026/10/03 00:29:43.131, 1, 46, 1189 MHz, 32.75 W, 0 %, 259 MiB
2026/10/03 00:29:43.134, 2, 45, 1189 MHz, 34.14 W, 0 %, 259 MiB
2026/10/03 00:29:44.137, 0, 38, 1189 MHz, 31.34 W, 0 %, 259 MiB
2026/10/03 00:29:44.140, 1, 46, 1189 MHz, 32.99 W, 0 %, 259 MiB
2026/10/03 00:29:44.143, 2, 45, 1189 MHz, 34.14 W, 0 %, 259 MiB
2026/10/03 00:29:45.146, 0, 38, 1189 MHz, 31.57 W, 0 %, 259 MiB
2026/10/03 00:29:45.149, 1, 46, 1189 MHz, 32.75 W, 0 %, 259 MiB
2026/10/03 00:29:45.152, 2, 45, 1189 MHz, 34.14 W, 0 %, 259 MiB
2026/10/03 00:29:46.155, 0, 38, 1189 MHz, 31.34 W, 0 %, 259 MiB
2026/10/03 00:29:46.159, 1, 46, 1189 MHz, 32.75 W, 0 %, 259 MiB
2026/10/03 00:29:46.162, 2, 45, 1189 MHz, 34.14 W, 0 %, 259 MiB
2026/10/03 00:29:47.165, 0, 38, 1189 MHz, 31.34 W, 0 %, 259 MiB
2026/10/03 00:29:47.168, 1, 46, 1189 MHz, 32.75 W, 0 %, 259 MiB
2026/10/03 00:29:47.171, 2, 45, 1189 MHz, 34.14 W, 0 %, 259 MiB
2026/10/03 00:29:48.174, 0, 38, 1189 MHz, 31.34 W, 0 %, 259 MiB
2026/10/03 00:29:48.180, 1, 46, 1189 MHz, 32.75 W, 0 %, 259 MiB
2026/10/03 00:29:48.183, 2, 45, 1189 MHz, 34.14 W, 0 %, 259 MiB
2026/10/03 00:29:49.186, 0, 38, 1189 MHz, 31.34 W, 0 %, 259 MiB
2026/10/03 00:29:49.190, 1, 46, 1189 MHz, 32.99 W, 0 %, 259 MiB
2026/10/03 00:29:49.193, 2, 45, 1189 MHz, 34.14 W, 0 %, 259 MiB
2026/10/03 00:29:50.196, 0, 38, 1189 MHz, 31.57 W, 0 %, 259 MiB
2026/10/03 00:29:50.201, 1, 46, 1189 MHz, 32.75 W, 0 %, 259 MiB
2026/10/03 00:29:50.207, 2, 45, 1189 MHz, 34.14 W, 0 %, 259 MiB
2026/10/03 00:29:51.213, 0, 38, 1189 MHz, 31.34 W, 0 %, 259 MiB
2026/10/03 00:29:51.216, 1, 46, 1189 MHz, 32.75 W, 0 %, 259 MiB
2026/10/03 00:29:51.219, 2, 45, 1189 MHz, 34.14 W, 0 %, 259 MiB
2026/10/03 00:29:52.222, 0, 38, 1189 MHz, 31.34 W, 0 %, 259 MiB
2026/10/03 00:29:52.225, 1, 46, 1189 MHz, 32.75 W, 0 %, 259 MiB
2026/10/03 00:29:52.228, 2, 45, 1189 MHz, 34.14 W, 0 %, 259 MiB
2026/10/03 00:29:53.232, 0, 38, 1189 MHz, 31.34 W, 0 %, 259 MiB
2026/10/03 00:29:53.235, 1, 46, 1189 MHz, 32.99 W, 0 %, 259 MiB
2026/10/03 00:29:53.238, 2, 45, 1189 MHz, 34.14 W, 0 %, 259 MiB
2026/10/03 00:29:54.241, 0, 38, 1189 MHz, 31.34 W, 0 %, 259 MiB
2026/10/03 00:29:54.244, 1, 46, 1189 MHz, 32.99 W, 0 %, 259 MiB
2026/10/03 00:29:54.247, 2, 45, 1189 MHz, 34.14 W, 0 %, 259 MiB
2026/10/03 00:29:55.251, 0, 38, 1189 MHz, 31.57 W, 0 %, 259 MiB
2026/10/03 00:29:55.254, 1, 46, 1189 MHz, 32.53 W, 0 %, 259 MiB
2026/10/03 00:29:55.257, 2, 45, 1189 MHz, 34.14 W, 0 %, 259 MiB
2026/10/03 00:29:56.260, 0, 38, 1189 MHz, 31.34 W, 0 %, 259 MiB
2026/10/03 00:29:56.263, 1, 46, 1189 MHz, 32.77 W, 0 %, 259 MiB
2026/10/03 00:29:56.266, 2, 45, 1189 MHz, 34.14 W, 0 %, 259 MiB
2026/10/03 00:29:57.269, 0, 38, 1189 MHz, 31.57 W, 0 %, 259 MiB
2026/10/03 00:29:57.272, 1, 46, 1189 MHz, 32.53 W, 0 %, 259 MiB
2026/10/03 00:29:57.275, 2, 45, 1189 MHz, 34.14 W, 0 %, 259 MiB
2026/10/03 00:29:58.278, 0, 38, 1189 MHz, 31.57 W, 0 %, 259 MiB
2026/10/03 00:29:58.281, 1, 46, 1189 MHz, 33.01 W, 0 %, 259 MiB
2026/10/03 00:29:58.284, 2, 45, 1189 MHz, 34.14 W, 0 %, 259 MiB
2026/10/03 00:29:59.288, 0, 38, 1189 MHz, 31.34 W, 0 %, 259 MiB
2026/10/03 00:29:59.291, 1, 46, 1189 MHz, 32.99 W, 0 %, 259 MiB
2026/10/03 00:29:59.294, 2, 45, 1189 MHz, 34.14 W, 0 %, 259 MiB
2026/10/03 00:30:00.297, 0, 38, 1189 MHz, 31.34 W, 0 %, 259 MiB
2026/10/03 00:30:00.300, 1, 46, 1189 MHz, 32.99 W, 0 %, 259 MiB
2026/10/03 00:30:00.303, 2, 45, 1189 MHz, 34.14 W, 0 %, 259 MiB
2026/10/03 00:30:01.307, 0, 38, 1189 MHz, 31.34 W, 0 %, 259 MiB
2026/10/03 00:30:01.310, 1, 46, 1189 MHz, 33.01 W, 0 %, 259 MiB
2026/10/03 00:30:01.314, 2, 45, 1189 MHz, 34.14 W, 0 %, 259 MiB
2026/10/03 00:30:02.317, 0, 38, 1189 MHz, 31.34 W, 0 %, 259 MiB
2026/10/03 00:30:02.320, 1, 46, 1189 MHz, 32.99 W, 0 %, 259 MiB
2026/10/03 00:30:02.323, 2, 45, 1189 MHz, 34.14 W, 0 %, 259 MiB
2026/10/03 00:30:03.327, 0, 38, 1189 MHz, 31.10 W, 0 %, 259 MiB
2026/10/03 00:30:03.330, 1, 46, 1189 MHz, 32.75 W, 0 %, 259 MiB
2026/10/03 00:30:03.333, 2, 45, 1189 MHz, 34.14 W, 0 %, 259 MiB
2026/10/03 00:30:04.336, 0, 38, 1189 MHz, 31.34 W, 0 %, 259 MiB
2026/10/03 00:30:04.339, 1, 46, 1189 MHz, 32.99 W, 0 %, 259 MiB
2026/10/03 00:30:04.342, 2, 45, 1189 MHz, 34.14 W, 0 %, 259 MiB
2026/10/03 00:30:05.346, 0, 38, 1189 MHz, 31.34 W, 0 %, 259 MiB
2026/10/03 00:30:05.349, 1, 46, 1189 MHz, 32.99 W, 0 %, 259 MiB
2026/10/03 00:30:05.352, 2, 45, 1189 MHz, 34.14 W, 0 %, 259 MiB
2026/10/03 00:30:06.355, 0, 38, 1189 MHz, 31.34 W, 0 %, 259 MiB
2026/10/03 00:30:06.358, 1, 46, 1189 MHz, 32.75 W, 0 %, 259 MiB
2026/10/03 00:30:06.364, 2, 45, 1189 MHz, 34.14 W, 0 %, 259 MiB
2026/10/03 00:30:07.367, 0, 38, 1189 MHz, 31.34 W, 0 %, 259 MiB
2026/10/03 00:30:07.371, 1, 46, 1189 MHz, 32.75 W, 0 %, 259 MiB
2026/10/03 00:30:07.374, 2, 45, 1189 MHz, 34.14 W, 0 %, 259 MiB
2026/10/03 00:30:08.378, 0, 38, 1189 MHz, 31.34 W, 0 %, 259 MiB
2026/10/03 00:30:08.381, 1, 46, 1189 MHz, 32.52 W, 0 %, 259 MiB
2026/10/03 00:30:08.384, 2, 45, 1189 MHz, 34.14 W, 0 %, 259 MiB
2026/10/03 00:30:09.390, 0, 38, 1189 MHz, 31.34 W, 0 %, 259 MiB
2026/10/03 00:30:09.395, 1, 46, 1189 MHz, 32.52 W, 0 %, 259 MiB
2026/10/03 00:30:09.398, 2, 45, 1189 MHz, 34.12 W, 0 %, 259 MiB
2026/10/03 00:30:10.401, 0, 38, 1189 MHz, 31.34 W, 0 %, 259 MiB
2026/10/03 00:30:10.404, 1, 46, 1189 MHz, 32.77 W, 0 %, 259 MiB
2026/10/03 00:30:10.407, 2, 45, 1189 MHz, 34.14 W, 0 %, 259 MiB
2026/10/03 00:30:11.410, 0, 38, 1189 MHz, 31.34 W, 0 %, 259 MiB
2026/10/03 00:30:11.413, 1, 46, 1189 MHz, 32.77 W, 0 %, 259 MiB
2026/10/03 00:30:11.416, 2, 45, 1189 MHz, 34.14 W, 0 %, 259 MiB
2026/10/03 00:30:12.420, 0, 38, 1189 MHz, 31.34 W, 0 %, 259 MiB
2026/10/03 00:30:12.423, 1, 46, 1189 MHz, 32.76 W, 0 %, 259 MiB
2026/10/03 00:30:12.426, 2, 45, 1189 MHz, 34.14 W, 0 %, 259 MiB
2026/10/03 00:30:13.430, 0, 38, 1189 MHz, 31.34 W, 0 %, 259 MiB
2026/10/03 00:30:13.433, 1, 46, 1189 MHz, 32.53 W, 0 %, 259 MiB
2026/10/03 00:30:13.436, 2, 45, 1189 MHz, 34.14 W, 0 %, 259 MiB
2026/10/03 00:30:14.439, 0, 38, 1189 MHz, 31.12 W, 0 %, 259 MiB
2026/10/03 00:30:14.442, 1, 46, 1189 MHz, 32.30 W, 0 %, 259 MiB
2026/10/03 00:30:14.446, 2, 45, 1189 MHz, 34.14 W, 0 %, 259 MiB
2026/10/03 00:30:15.449, 0, 38, 1189 MHz, 31.36 W, 0 %, 259 MiB
2026/10/03 00:30:15.452, 1, 46, 1189 MHz, 32.77 W, 0 %, 259 MiB
2026/10/03 00:30:15.455, 2, 45, 1189 MHz, 34.14 W, 0 %, 259 MiB
2026/10/03 00:30:16.458, 0, 38, 1189 MHz, 31.34 W, 0 %, 259 MiB
2026/10/03 00:30:16.461, 1, 46, 1189 MHz, 32.75 W, 0 %, 259 MiB
2026/10/03 00:30:16.464, 2, 45, 1189 MHz, 34.14 W, 0 %, 259 MiB
2026/10/03 00:30:17.467, 0, 38, 1189 MHz, 31.34 W, 0 %, 259 MiB
2026/10/03 00:30:17.471, 1, 46, 1189 MHz, 32.75 W, 0 %, 259 MiB
2026/10/03 00:30:17.474, 2, 45, 1189 MHz, 34.14 W, 0 %, 259 MiB
2026/10/03 00:30:18.477, 0, 38, 1189 MHz, 31.57 W, 5 %, 7853 MiB
2026/10/03 00:30:18.481, 1, 46, 1189 MHz, 32.75 W, 0 %, 7851 MiB
2026/10/03 00:30:18.484, 2, 45, 1189 MHz, 34.14 W, 0 %, 7869 MiB
2026/10/03 00:30:19.491, 0, 38, 1189 MHz, 31.34 W, 4 %, 7853 MiB
2026/10/03 00:30:19.494, 1, 46, 1189 MHz, 32.77 W, 0 %, 7851 MiB
2026/10/03 00:30:19.497, 2, 45, 1189 MHz, 34.14 W, 0 %, 7869 MiB
2026/10/03 00:30:20.500, 0, 38, 1189 MHz, 31.57 W, 0 %, 7853 MiB
2026/10/03 00:30:20.503, 1, 46, 1189 MHz, 32.75 W, 0 %, 7851 MiB
2026/10/03 00:30:20.507, 2, 45, 1189 MHz, 34.14 W, 0 %, 7869 MiB
2026/10/03 00:30:21.510, 0, 38, 1189 MHz, 31.34 W, 0 %, 7853 MiB
2026/10/03 00:30:21.513, 1, 46, 1189 MHz, 32.75 W, 4 %, 7851 MiB
2026/10/03 00:30:21.516, 2, 45, 1189 MHz, 34.14 W, 0 %, 7869 MiB
2026/10/03 00:30:22.519, 0, 38, 1189 MHz, 31.34 W, 0 %, 7853 MiB
2026/10/03 00:30:22.522, 1, 46, 1189 MHz, 32.75 W, 0 %, 7851 MiB
2026/10/03 00:30:22.525, 2, 45, 1189 MHz, 34.12 W, 5 %, 7869 MiB
2026/10/03 00:30:23.529, 0, 38, 1189 MHz, 31.34 W, 0 %, 7853 MiB
2026/10/03 00:30:23.532, 1, 46, 1189 MHz, 32.75 W, 0 %, 7851 MiB
2026/10/03 00:30:23.535, 2, 45, 1189 MHz, 34.14 W, 2 %, 7869 MiB
2026/10/03 00:30:24.538, 0, 38, 1189 MHz, 31.34 W, 1 %, 7853 MiB
2026/10/03 00:30:24.541, 1, 46, 1189 MHz, 32.99 W, 1 %, 7851 MiB
2026/10/03 00:30:24.544, 2, 45, 1189 MHz, 34.14 W, 0 %, 7869 MiB
2026/10/03 00:30:25.548, 0, 38, 1189 MHz, 31.34 W, 0 %, 7853 MiB
2026/10/03 00:30:25.551, 1, 46, 1189 MHz, 32.53 W, 2 %, 7851 MiB
2026/10/03 00:30:25.554, 2, 45, 1189 MHz, 34.14 W, 2 %, 7869 MiB
2026/10/03 00:30:26.557, 0, 38, 1189 MHz, 31.34 W, 2 %, 7853 MiB
2026/10/03 00:30:26.561, 1, 46, 1189 MHz, 32.99 W, 3 %, 7851 MiB
2026/10/03 00:30:26.564, 2, 45, 1189 MHz, 34.14 W, 0 %, 7869 MiB
2026/10/03 00:30:27.567, 0, 38, 1189 MHz, 31.57 W, 0 %, 7853 MiB
2026/10/03 00:30:27.571, 1, 46, 1189 MHz, 32.99 W, 2 %, 7851 MiB
2026/10/03 00:30:27.577, 2, 44, 1189 MHz, 34.14 W, 2 %, 7869 MiB
2026/10/03 00:30:28.580, 0, 38, 1189 MHz, 31.34 W, 3 %, 7853 MiB
2026/10/03 00:30:28.583, 1, 46, 1189 MHz, 32.75 W, 0 %, 7851 MiB
2026/10/03 00:30:28.586, 2, 45, 1189 MHz, 34.14 W, 2 %, 7869 MiB
2026/10/03 00:30:29.589, 0, 38, 1189 MHz, 31.34 W, 0 %, 7853 MiB
2026/10/03 00:30:29.594, 1, 46, 1189 MHz, 32.75 W, 1 %, 7851 MiB
2026/10/03 00:30:29.598, 2, 45, 1189 MHz, 34.14 W, 0 %, 7869 MiB
2026/10/03 00:30:30.601, 0, 38, 1189 MHz, 31.34 W, 0 %, 7853 MiB
2026/10/03 00:30:30.604, 1, 46, 1189 MHz, 32.75 W, 0 %, 7851 MiB
2026/10/03 00:30:30.607, 2, 45, 1189 MHz, 34.12 W, 1 %, 7869 MiB
2026/10/03 00:30:31.612, 0, 38, 1189 MHz, 31.57 W, 0 %, 7853 MiB
2026/10/03 00:30:31.615, 1, 46, 1189 MHz, 32.77 W, 0 %, 7851 MiB
2026/10/03 00:30:31.618, 2, 45, 1189 MHz, 34.14 W, 0 %, 7869 MiB
2026/10/03 00:30:32.621, 0, 38, 1189 MHz, 31.34 W, 0 %, 7853 MiB
2026/10/03 00:30:32.624, 1, 46, 1189 MHz, 32.75 W, 0 %, 7851 MiB
2026/10/03 00:30:32.627, 2, 45, 1189 MHz, 34.14 W, 0 %, 7869 MiB
2026/10/03 00:30:33.631, 0, 38, 1189 MHz, 31.34 W, 0 %, 7853 MiB
2026/10/03 00:30:33.634, 1, 46, 1189 MHz, 32.75 W, 0 %, 7851 MiB
2026/10/03 00:30:33.637, 2, 45, 1189 MHz, 34.14 W, 0 %, 7869 MiB
2026/10/03 00:30:34.640, 0, 38, 1189 MHz, 31.34 W, 0 %, 7853 MiB
2026/10/03 00:30:34.645, 1, 46, 1189 MHz, 32.78 W, 0 %, 7851 MiB
2026/10/03 00:30:34.648, 2, 45, 1189 MHz, 34.14 W, 0 %, 7869 MiB
2026/10/03 00:30:35.651, 0, 38, 1189 MHz, 31.57 W, 0 %, 7853 MiB
2026/10/03 00:30:35.654, 1, 46, 1189 MHz, 32.77 W, 0 %, 7851 MiB
2026/10/03 00:30:35.658, 2, 45, 1189 MHz, 34.14 W, 0 %, 7869 MiB
2026/10/03 00:30:36.661, 0, 38, 1189 MHz, 31.34 W, 0 %, 7853 MiB
2026/10/03 00:30:36.664, 1, 46, 1189 MHz, 32.99 W, 0 %, 7851 MiB
2026/10/03 00:30:36.667, 2, 45, 1189 MHz, 34.14 W, 0 %, 7869 MiB
2026/10/03 00:30:37.670, 0, 38, 1189 MHz, 31.57 W, 0 %, 7853 MiB
2026/10/03 00:30:37.671, 1, 46, 1189 MHz, 32.99 W, 0 %, 7851 MiB
2026/10/03 00:30:37.674, 2, 45, 1189 MHz, 34.14 W, 0 %, 7869 MiB
2026/10/03 00:30:38.678, 0, 38, 1189 MHz, 31.57 W, 2 %, 7853 MiB
2026/10/03 00:30:38.683, 1, 46, 1189 MHz, 32.75 W, 2 %, 7851 MiB
2026/10/03 00:30:38.686, 2, 45, 1189 MHz, 34.14 W, 2 %, 7869 MiB
2026/10/03 00:30:39.689, 0, 38, 1189 MHz, 31.34 W, 1 %, 7853 MiB
2026/10/03 00:30:39.692, 1, 46, 1189 MHz, 32.75 W, 1 %, 7851 MiB
2026/10/03 00:30:39.695, 2, 45, 1189 MHz, 34.14 W, 0 %, 7869 MiB
2026/10/03 00:30:40.698, 0, 38, 1189 MHz, 31.34 W, 0 %, 7853 MiB
2026/10/03 00:30:40.703, 1, 46, 1189 MHz, 32.75 W, 0 %, 7851 MiB
2026/10/03 00:30:40.706, 2, 45, 1189 MHz, 34.14 W, 0 %, 7869 MiB
2026/10/03 00:30:41.709, 0, 38, 1189 MHz, 31.34 W, 2 %, 7853 MiB
2026/10/03 00:30:41.712, 1, 46, 1189 MHz, 32.99 W, 5 %, 7851 MiB
2026/10/03 00:30:41.715, 2, 45, 1189 MHz, 34.14 W, 1 %, 7869 MiB
2026/10/03 00:30:42.718, 0, 38, 1189 MHz, 31.34 W, 0 %, 7853 MiB
2026/10/03 00:30:42.721, 1, 46, 1189 MHz, 32.99 W, 0 %, 7851 MiB
2026/10/03 00:30:42.724, 2, 45, 1189 MHz, 34.14 W, 0 %, 7869 MiB
2026/10/03 00:30:43.727, 0, 38, 1189 MHz, 31.57 W, 0 %, 7853 MiB
2026/10/03 00:30:43.730, 1, 46, 1189 MHz, 32.99 W, 0 %, 7851 MiB
2026/10/03 00:30:43.733, 2, 44, 1189 MHz, 34.14 W, 1 %, 7869 MiB
2026/10/03 00:30:44.737, 0, 38, 1189 MHz, 31.34 W, 0 %, 7853 MiB
2026/10/03 00:30:44.740, 1, 46, 1189 MHz, 32.99 W, 0 %, 7851 MiB
2026/10/03 00:30:44.743, 2, 45, 1189 MHz, 34.14 W, 0 %, 7869 MiB
2026/10/03 00:30:45.746, 0, 38, 1189 MHz, 31.34 W, 0 %, 7853 MiB
2026/10/03 00:30:45.749, 1, 46, 1189 MHz, 32.99 W, 1 %, 7851 MiB
2026/10/03 00:30:45.752, 2, 45, 1189 MHz, 34.14 W, 0 %, 7869 MiB
2026/10/03 00:30:46.755, 0, 38, 1189 MHz, 31.36 W, 0 %, 7853 MiB
2026/10/03 00:30:46.758, 1, 46, 1189 MHz, 32.99 W, 0 %, 7851 MiB
2026/10/03 00:30:46.761, 2, 44, 1189 MHz, 34.14 W, 1 %, 7869 MiB
2026/10/03 00:30:47.764, 0, 38, 1189 MHz, 31.34 W, 1 %, 7853 MiB
2026/10/03 00:30:47.768, 1, 46, 1189 MHz, 32.52 W, 2 %, 7851 MiB
2026/10/03 00:30:47.771, 2, 44, 1189 MHz, 34.14 W, 2 %, 7869 MiB
2026/10/03 00:30:48.774, 0, 38, 1189 MHz, 31.57 W, 1 %, 7853 MiB
2026/10/03 00:30:48.777, 1, 46, 1189 MHz, 32.99 W, 0 %, 7851 MiB
2026/10/03 00:30:48.780, 2, 45, 1189 MHz, 34.14 W, 1 %, 7869 MiB
2026/10/03 00:30:49.784, 0, 38, 1189 MHz, 31.34 W, 3 %, 7853 MiB
2026/10/03 00:30:49.787, 1, 46, 1189 MHz, 32.99 W, 2 %, 7851 MiB
2026/10/03 00:30:49.791, 2, 45, 1189 MHz, 34.14 W, 2 %, 7869 MiB
2026/10/03 00:30:50.794, 0, 38, 1189 MHz, 31.34 W, 1 %, 7853 MiB
2026/10/03 00:30:50.798, 1, 46, 1189 MHz, 32.99 W, 0 %, 7851 MiB
2026/10/03 00:30:50.801, 2, 44, 1189 MHz, 34.35 W, 2 %, 7869 MiB
2026/10/03 00:30:51.804, 0, 38, 1189 MHz, 31.34 W, 3 %, 7853 MiB
2026/10/03 00:30:51.807, 1, 46, 1189 MHz, 32.99 W, 2 %, 7851 MiB
2026/10/03 00:30:51.814, 2, 45, 1189 MHz, 34.14 W, 1 %, 7869 MiB
2026/10/03 00:30:52.817, 0, 38, 1189 MHz, 31.34 W, 4 %, 7853 MiB
2026/10/03 00:30:52.820, 1, 46, 1189 MHz, 32.75 W, 1 %, 7851 MiB
2026/10/03 00:30:52.823, 2, 45, 1189 MHz, 34.14 W, 0 %, 7869 MiB
2026/10/03 00:30:53.826, 0, 38, 1189 MHz, 31.34 W, 1 %, 7853 MiB
2026/10/03 00:30:53.830, 1, 46, 1189 MHz, 32.75 W, 2 %, 7851 MiB
2026/10/03 00:30:53.833, 2, 45, 1189 MHz, 34.14 W, 1 %, 7869 MiB
2026/10/03 00:30:54.836, 0, 38, 1189 MHz, 31.34 W, 0 %, 7853 MiB
2026/10/03 00:30:54.839, 1, 46, 1189 MHz, 32.75 W, 1 %, 7851 MiB
2026/10/03 00:30:54.843, 2, 45, 1189 MHz, 34.14 W, 2 %, 7869 MiB
2026/10/03 00:30:55.846, 0, 38, 1189 MHz, 31.34 W, 0 %, 7853 MiB
2026/10/03 00:30:55.849, 1, 46, 1189 MHz, 32.53 W, 0 %, 7851 MiB
2026/10/03 00:30:55.852, 2, 44, 1189 MHz, 34.14 W, 0 %, 7869 MiB
2026/10/03 00:30:56.855, 0, 38, 1189 MHz, 31.57 W, 1 %, 7853 MiB
2026/10/03 00:30:56.858, 1, 46, 1189 MHz, 32.75 W, 0 %, 7851 MiB
2026/10/03 00:30:56.861, 2, 45, 1189 MHz, 34.14 W, 2 %, 7869 MiB
2026/10/03 00:30:57.864, 0, 38, 1189 MHz, 31.34 W, 0 %, 7853 MiB
2026/10/03 00:30:57.867, 1, 46, 1189 MHz, 32.52 W, 0 %, 7851 MiB
2026/10/03 00:30:57.871, 2, 44, 1189 MHz, 34.12 W, 0 %, 7869 MiB
2026/10/03 00:30:58.874, 0, 38, 1189 MHz, 31.34 W, 0 %, 7853 MiB
2026/10/03 00:30:58.877, 1, 46, 1189 MHz, 32.53 W, 0 %, 7851 MiB
2026/10/03 00:30:58.880, 2, 45, 1189 MHz, 34.14 W, 0 %, 7869 MiB
2026/10/03 00:30:59.883, 0, 38, 1189 MHz, 31.34 W, 0 %, 7853 MiB
2026/10/03 00:30:59.886, 1, 46, 1189 MHz, 32.76 W, 0 %, 7851 MiB
2026/10/03 00:30:59.889, 2, 44, 1189 MHz, 34.14 W, 2 %, 7869 MiB
2026/10/03 00:31:00.892, 0, 38, 1189 MHz, 31.57 W, 1 %, 7853 MiB
2026/10/03 00:31:00.896, 1, 46, 1189 MHz, 32.75 W, 0 %, 7851 MiB
2026/10/03 00:31:00.899, 2, 45, 1189 MHz, 34.38 W, 2 %, 7869 MiB
2026/10/03 00:31:01.902, 0, 38, 1189 MHz, 31.34 W, 1 %, 7853 MiB
2026/10/03 00:31:01.906, 1, 46, 1189 MHz, 32.53 W, 1 %, 7851 MiB
2026/10/03 00:31:01.909, 2, 45, 1189 MHz, 34.14 W, 1 %, 7869 MiB
2026/10/03 00:31:02.912, 0, 38, 1189 MHz, 31.34 W, 1 %, 7853 MiB
2026/10/03 00:31:02.915, 1, 46, 1189 MHz, 32.52 W, 0 %, 7851 MiB
2026/10/03 00:31:02.919, 2, 44, 1189 MHz, 34.14 W, 1 %, 7869 MiB
2026/10/03 00:31:03.922, 0, 38, 1189 MHz, 31.34 W, 0 %, 7853 MiB
2026/10/03 00:31:03.925, 1, 46, 1189 MHz, 32.75 W, 0 %, 7851 MiB
2026/10/03 00:31:03.928, 2, 45, 1189 MHz, 34.14 W, 0 %, 7869 MiB
2026/10/03 00:31:04.932, 0, 38, 1189 MHz, 31.57 W, 0 %, 7853 MiB
2026/10/03 00:31:04.935, 1, 46, 1189 MHz, 32.76 W, 0 %, 7851 MiB
2026/10/03 00:31:04.938, 2, 44, 1189 MHz, 34.14 W, 0 %, 7869 MiB
2026/10/03 00:31:05.941, 0, 38, 1189 MHz, 31.34 W, 0 %, 7853 MiB
2026/10/03 00:31:05.944, 1, 46, 1189 MHz, 32.76 W, 1 %, 7851 MiB
2026/10/03 00:31:05.947, 2, 44, 1189 MHz, 34.14 W, 2 %, 7869 MiB
2026/10/03 00:31:06.950, 0, 38, 1189 MHz, 31.34 W, 1 %, 7853 MiB
2026/10/03 00:31:06.953, 1, 46, 1189 MHz, 32.53 W, 0 %, 7851 MiB
2026/10/03 00:31:06.956, 2, 44, 1189 MHz, 34.14 W, 0 %, 7869 MiB
2026/10/03 00:31:07.959, 0, 38, 1189 MHz, 31.34 W, 1 %, 7853 MiB
2026/10/03 00:31:07.962, 1, 46, 1189 MHz, 32.75 W, 2 %, 7851 MiB
2026/10/03 00:31:07.965, 2, 44, 1189 MHz, 34.14 W, 1 %, 7869 MiB
2026/10/03 00:31:08.968, 0, 38, 1189 MHz, 31.34 W, 2 %, 7853 MiB
2026/10/03 00:31:08.972, 1, 46, 1189 MHz, 32.99 W, 2 %, 7851 MiB
2026/10/03 00:31:08.975, 2, 44, 1189 MHz, 34.14 W, 1 %, 7869 MiB
2026/10/03 00:31:09.978, 0, 38, 1189 MHz, 31.36 W, 2 %, 7853 MiB
2026/10/03 00:31:09.981, 1, 46, 1189 MHz, 32.53 W, 0 %, 7851 MiB
2026/10/03 00:31:09.984, 2, 44, 1189 MHz, 34.14 W, 2 %, 7869 MiB
2026/10/03 00:31:10.987, 0, 38, 1189 MHz, 31.34 W, 1 %, 7853 MiB
2026/10/03 00:31:10.990, 1, 46, 1189 MHz, 32.99 W, 2 %, 7851 MiB
2026/10/03 00:31:10.993, 2, 44, 1189 MHz, 34.14 W, 1 %, 7869 MiB
2026/10/03 00:31:11.996, 0, 38, 1189 MHz, 31.57 W, 3 %, 7853 MiB
2026/10/03 00:31:11.999, 1, 46, 1189 MHz, 32.99 W, 0 %, 7851 MiB
2026/10/03 00:31:12.002, 2, 44, 1189 MHz, 34.14 W, 0 %, 7869 MiB
2026/10/03 00:31:13.006, 0, 38, 1189 MHz, 31.34 W, 0 %, 7853 MiB
2026/10/03 00:31:13.009, 1, 46, 1189 MHz, 32.99 W, 2 %, 7851 MiB
2026/10/03 00:31:13.012, 2, 44, 1189 MHz, 34.14 W, 3 %, 7869 MiB
2026/10/03 00:31:14.016, 0, 38, 1189 MHz, 31.34 W, 2 %, 7853 MiB
2026/10/03 00:31:14.019, 1, 46, 1189 MHz, 32.99 W, 2 %, 7851 MiB
2026/10/03 00:31:14.022, 2, 44, 1189 MHz, 34.14 W, 2 %, 7869 MiB
2026/10/03 00:31:15.025, 0, 38, 1189 MHz, 31.34 W, 1 %, 7853 MiB
2026/10/03 00:31:15.028, 1, 46, 1189 MHz, 33.01 W, 2 %, 7851 MiB
2026/10/03 00:31:15.031, 2, 44, 1189 MHz, 34.14 W, 0 %, 7869 MiB
2026/10/03 00:31:16.034, 0, 38, 1189 MHz, 31.34 W, 0 %, 7853 MiB
2026/10/03 00:31:16.037, 1, 46, 1189 MHz, 32.99 W, 0 %, 7851 MiB
2026/10/03 00:31:16.040, 2, 44, 1189 MHz, 34.14 W, 0 %, 7869 MiB
2026/10/03 00:31:17.043, 0, 38, 1189 MHz, 31.34 W, 0 %, 7853 MiB
2026/10/03 00:31:17.048, 1, 46, 1189 MHz, 32.75 W, 0 %, 7851 MiB
2026/10/03 00:31:17.052, 2, 44, 1189 MHz, 34.14 W, 0 %, 7869 MiB
2026/10/03 00:31:18.055, 0, 38, 1189 MHz, 31.34 W, 0 %, 7853 MiB
2026/10/03 00:31:18.058, 1, 46, 1189 MHz, 32.75 W, 3 %, 7851 MiB
2026/10/03 00:31:18.061, 2, 44, 1189 MHz, 34.12 W, 0 %, 7869 MiB
2026/10/03 00:31:19.064, 0, 38, 1189 MHz, 31.34 W, 0 %, 7853 MiB
2026/10/03 00:31:19.070, 1, 46, 1189 MHz, 32.75 W, 2 %, 7851 MiB
2026/10/03 00:31:19.073, 2, 44, 1189 MHz, 34.14 W, 2 %, 7869 MiB
2026/10/03 00:31:20.076, 0, 38, 1189 MHz, 31.34 W, 0 %, 7853 MiB
2026/10/03 00:31:20.079, 1, 46, 1189 MHz, 32.76 W, 0 %, 7851 MiB
2026/10/03 00:31:20.082, 2, 44, 1189 MHz, 34.14 W, 0 %, 7869 MiB
2026/10/03 00:31:21.086, 0, 38, 1189 MHz, 31.34 W, 0 %, 7853 MiB
2026/10/03 00:31:21.089, 1, 46, 1189 MHz, 32.53 W, 1 %, 7851 MiB
2026/10/03 00:31:21.092, 2, 44, 1189 MHz, 34.14 W, 0 %, 7869 MiB
2026/10/03 00:31:22.095, 0, 38, 1189 MHz, 31.34 W, 3 %, 7853 MiB
2026/10/03 00:31:22.098, 1, 46, 1189 MHz, 32.53 W, 3 %, 7851 MiB
2026/10/03 00:31:22.101, 2, 44, 1189 MHz, 34.14 W, 3 %, 7869 MiB
2026/10/03 00:31:23.104, 0, 38, 1189 MHz, 31.57 W, 2 %, 7853 MiB
2026/10/03 00:31:23.108, 1, 46, 1189 MHz, 32.75 W, 2 %, 7851 MiB
2026/10/03 00:31:23.111, 2, 45, 1189 MHz, 34.14 W, 2 %, 7869 MiB
2026/10/03 00:31:24.114, 0, 38, 1189 MHz, 31.34 W, 0 %, 7853 MiB
2026/10/03 00:31:24.117, 1, 46, 1189 MHz, 32.53 W, 0 %, 7851 MiB
2026/10/03 00:31:24.120, 2, 44, 1189 MHz, 34.14 W, 0 %, 7869 MiB
2026/10/03 00:31:25.123, 0, 38, 1189 MHz, 31.34 W, 1 %, 7853 MiB
2026/10/03 00:31:25.127, 1, 46, 1189 MHz, 32.99 W, 1 %, 7851 MiB
2026/10/03 00:31:25.130, 2, 44, 1189 MHz, 34.14 W, 3 %, 7869 MiB
2026/10/03 00:31:26.133, 0, 38, 1189 MHz, 31.34 W, 4 %, 7853 MiB
2026/10/03 00:31:26.136, 1, 46, 1189 MHz, 32.75 W, 2 %, 7851 MiB
2026/10/03 00:31:26.142, 2, 44, 1189 MHz, 34.14 W, 2 %, 7869 MiB
2026/10/03 00:31:27.146, 0, 38, 1189 MHz, 31.34 W, 1 %, 7853 MiB
2026/10/03 00:31:27.149, 1, 46, 1189 MHz, 32.99 W, 0 %, 7851 MiB
2026/10/03 00:31:27.152, 2, 45, 1189 MHz, 34.14 W, 0 %, 7869 MiB
2026/10/03 00:31:28.158, 0, 38, 1189 MHz, 31.36 W, 3 %, 7853 MiB
2026/10/03 00:31:28.161, 1, 46, 1189 MHz, 32.77 W, 2 %, 7851 MiB
2026/10/03 00:31:28.164, 2, 44, 1189 MHz, 34.14 W, 0 %, 7869 MiB
2026/10/03 00:31:29.167, 0, 38, 1189 MHz, 31.34 W, 1 %, 7853 MiB
2026/10/03 00:31:29.171, 1, 46, 1189 MHz, 32.75 W, 2 %, 7851 MiB
2026/10/03 00:31:29.174, 2, 44, 1189 MHz, 34.14 W, 2 %, 7869 MiB
2026/10/03 00:31:30.178, 0, 38, 1189 MHz, 31.34 W, 0 %, 7853 MiB
2026/10/03 00:31:30.184, 1, 46, 1189 MHz, 32.99 W, 2 %, 7851 MiB
2026/10/03 00:31:30.187, 2, 44, 1189 MHz, 34.14 W, 3 %, 7869 MiB
2026/10/03 00:31:31.190, 0, 38, 1189 MHz, 31.34 W, 2 %, 7853 MiB
2026/10/03 00:31:31.193, 1, 46, 1189 MHz, 32.75 W, 0 %, 7851 MiB
2026/10/03 00:31:31.196, 2, 44, 1189 MHz, 34.14 W, 0 %, 7869 MiB
2026/10/03 00:31:32.199, 0, 38, 1189 MHz, 31.34 W, 1 %, 7853 MiB
2026/10/03 00:31:32.203, 1, 46, 1189 MHz, 32.99 W, 0 %, 7851 MiB
2026/10/03 00:31:32.206, 2, 44, 1189 MHz, 34.14 W, 0 %, 7869 MiB
2026/10/03 00:31:33.209, 0, 38, 1189 MHz, 31.34 W, 0 %, 7853 MiB
2026/10/03 00:31:33.212, 1, 46, 1189 MHz, 32.75 W, 0 %, 7851 MiB
2026/10/03 00:31:33.215, 2, 44, 1189 MHz, 34.14 W, 0 %, 7869 MiB
2026/10/03 00:31:34.218, 0, 38, 1189 MHz, 31.34 W, 0 %, 7853 MiB
2026/10/03 00:31:34.221, 1, 46, 1189 MHz, 32.53 W, 2 %, 7851 MiB
2026/10/03 00:31:34.224, 2, 44, 1189 MHz, 34.14 W, 0 %, 7869 MiB
2026/10/03 00:31:35.228, 0, 38, 1189 MHz, 31.34 W, 2 %, 7853 MiB
2026/10/03 00:31:35.231, 1, 46, 1189 MHz, 32.77 W, 2 %, 7851 MiB
2026/10/03 00:31:35.234, 2, 44, 1189 MHz, 34.14 W, 2 %, 7869 MiB
2026/10/03 00:31:36.237, 0, 38, 1189 MHz, 31.34 W, 0 %, 7853 MiB
2026/10/03 00:31:36.240, 1, 46, 1189 MHz, 32.99 W, 0 %, 7851 MiB
2026/10/03 00:31:36.243, 2, 44, 1189 MHz, 34.14 W, 2 %, 7869 MiB
2026/10/03 00:31:37.246, 0, 38, 1189 MHz, 31.34 W, 1 %, 7853 MiB
2026/10/03 00:31:37.249, 1, 46, 1189 MHz, 32.99 W, 2 %, 7851 MiB
2026/10/03 00:31:37.252, 2, 44, 1189 MHz, 34.14 W, 2 %, 7869 MiB
2026/10/03 00:31:38.256, 0, 38, 1189 MHz, 31.34 W, 2 %, 7853 MiB
2026/10/03 00:31:38.259, 1, 46, 1189 MHz, 32.77 W, 0 %, 7851 MiB
2026/10/03 00:31:38.262, 2, 44, 1189 MHz, 34.14 W, 0 %, 7869 MiB
2026/10/03 00:31:39.266, 0, 38, 1189 MHz, 31.34 W, 0 %, 7853 MiB
2026/10/03 00:31:39.271, 1, 46, 1189 MHz, 32.75 W, 0 %, 7851 MiB
2026/10/03 00:31:39.274, 2, 44, 1189 MHz, 34.14 W, 0 %, 7869 MiB
2026/10/03 00:31:40.277, 0, 38, 1189 MHz, 31.34 W, 0 %, 7853 MiB
2026/10/03 00:31:40.280, 1, 46, 1189 MHz, 32.53 W, 0 %, 7851 MiB
2026/10/03 00:31:40.283, 2, 44, 1189 MHz, 34.14 W, 0 %, 7869 MiB
2026/10/03 00:31:41.287, 0, 38, 1189 MHz, 31.34 W, 0 %, 7853 MiB
2026/10/03 00:31:41.292, 1, 46, 1189 MHz, 32.75 W, 2 %, 7851 MiB
2026/10/03 00:31:41.296, 2, 44, 1189 MHz, 34.14 W, 0 %, 7869 MiB
2026/10/03 00:31:42.300, 0, 38, 1189 MHz, 31.34 W, 1 %, 7853 MiB
2026/10/03 00:31:42.303, 1, 46, 1189 MHz, 32.75 W, 1 %, 7851 MiB
2026/10/03 00:31:42.306, 2, 44, 1189 MHz, 34.14 W, 1 %, 7869 MiB
2026/10/03 00:31:43.309, 0, 38, 1189 MHz, 31.10 W, 0 %, 7853 MiB
2026/10/03 00:31:43.312, 1, 46, 1189 MHz, 32.99 W, 0 %, 7851 MiB
2026/10/03 00:31:43.315, 2, 44, 1189 MHz, 34.14 W, 0 %, 7869 MiB
2026/10/03 00:31:44.318, 0, 38, 1189 MHz, 31.34 W, 0 %, 7853 MiB
2026/10/03 00:31:44.321, 1, 46, 1189 MHz, 32.52 W, 0 %, 7851 MiB
2026/10/03 00:31:44.324, 2, 44, 1189 MHz, 34.14 W, 0 %, 7869 MiB
2026/10/03 00:31:45.327, 0, 38, 1189 MHz, 31.34 W, 0 %, 7853 MiB
2026/10/03 00:31:45.330, 1, 46, 1189 MHz, 32.52 W, 0 %, 7851 MiB
2026/10/03 00:31:45.334, 2, 44, 1189 MHz, 34.14 W, 0 %, 7869 MiB
2026/10/03 00:31:46.337, 0, 38, 1189 MHz, 31.34 W, 1 %, 7853 MiB
2026/10/03 00:31:46.340, 1, 46, 1189 MHz, 32.53 W, 0 %, 7851 MiB
2026/10/03 00:31:46.343, 2, 44, 1189 MHz, 34.14 W, 1 %, 7869 MiB
2026/10/03 00:31:47.346, 0, 38, 1189 MHz, 31.34 W, 0 %, 7853 MiB
2026/10/03 00:31:47.362, 1, 46, 1189 MHz, 32.52 W, 0 %, 7851 MiB
2026/10/03 00:31:47.365, 2, 44, 1189 MHz, 34.14 W, 1 %, 7869 MiB
2026/10/03 00:31:48.368, 0, 38, 1189 MHz, 31.34 W, 0 %, 7853 MiB
2026/10/03 00:31:48.371, 1, 46, 1189 MHz, 32.53 W, 2 %, 7851 MiB
2026/10/03 00:31:48.374, 2, 44, 1189 MHz, 34.14 W, 0 %, 7869 MiB
2026/10/03 00:31:49.377, 0, 38, 1189 MHz, 31.12 W, 0 %, 7853 MiB
2026/10/03 00:31:49.380, 1, 46, 1189 MHz, 32.53 W, 0 %, 7851 MiB
2026/10/03 00:31:49.384, 2, 44, 1189 MHz, 34.14 W, 0 %, 7869 MiB
2026/10/03 00:31:50.387, 0, 38, 1189 MHz, 31.57 W, 0 %, 7853 MiB
2026/10/03 00:31:50.390, 1, 46, 1189 MHz, 32.75 W, 0 %, 7851 MiB
2026/10/03 00:31:50.393, 2, 44, 1189 MHz, 34.14 W, 0 %, 7869 MiB
2026/10/03 00:31:51.396, 0, 38, 1189 MHz, 31.34 W, 0 %, 7853 MiB
2026/10/03 00:31:51.399, 1, 46, 1189 MHz, 32.75 W, 0 %, 7851 MiB
2026/10/03 00:31:51.403, 2, 44, 1189 MHz, 34.14 W, 0 %, 7869 MiB
2026/10/03 00:31:52.406, 0, 38, 1189 MHz, 31.34 W, 0 %, 7853 MiB
2026/10/03 00:31:52.409, 1, 46, 1189 MHz, 32.75 W, 0 %, 7851 MiB
2026/10/03 00:31:52.412, 2, 44, 1189 MHz, 34.14 W, 0 %, 7869 MiB
2026/10/03 00:31:53.415, 0, 38, 1189 MHz, 31.34 W, 0 %, 7853 MiB
2026/10/03 00:31:53.418, 1, 46, 1189 MHz, 32.75 W, 0 %, 7851 MiB
2026/10/03 00:31:53.421, 2, 44, 1189 MHz, 34.14 W, 0 %, 7869 MiB
2026/10/03 00:31:54.424, 0, 38, 1189 MHz, 31.34 W, 0 %, 7853 MiB
2026/10/03 00:31:54.427, 1, 46, 1189 MHz, 33.01 W, 0 %, 7851 MiB
2026/10/03 00:31:54.430, 2, 44, 1189 MHz, 34.14 W, 0 %, 7869 MiB
2026/10/03 00:31:55.433, 0, 38, 1189 MHz, 31.34 W, 0 %, 7853 MiB
2026/10/03 00:31:55.436, 1, 46, 1189 MHz, 32.75 W, 0 %, 7851 MiB
2026/10/03 00:31:55.439, 2, 44, 1189 MHz, 34.14 W, 0 %, 7869 MiB
2026/10/03 00:31:56.443, 0, 38, 1189 MHz, 31.34 W, 0 %, 7853 MiB
2026/10/03 00:31:56.446, 1, 46, 1189 MHz, 32.99 W, 0 %, 7851 MiB
2026/10/03 00:31:56.451, 2, 44, 1189 MHz, 34.14 W, 0 %, 7869 MiB
2026/10/03 00:31:57.454, 0, 38, 1189 MHz, 31.34 W, 1 %, 7853 MiB
2026/10/03 00:31:57.458, 1, 46, 1189 MHz, 32.77 W, 0 %, 7851 MiB
2026/10/03 00:31:57.461, 2, 44, 1189 MHz, 34.14 W, 0 %, 7869 MiB
2026/10/03 00:31:58.464, 0, 38, 1189 MHz, 31.34 W, 0 %, 7853 MiB
2026/10/03 00:31:58.467, 1, 46, 1189 MHz, 32.75 W, 0 %, 7851 MiB
2026/10/03 00:31:58.470, 2, 44, 1189 MHz, 34.14 W, 2 %, 7869 MiB
2026/10/03 00:31:59.473, 0, 38, 1189 MHz, 31.34 W, 0 %, 7853 MiB
2026/10/03 00:31:59.476, 1, 46, 1189 MHz, 32.99 W, 0 %, 7851 MiB
2026/10/03 00:31:59.479, 2, 44, 1189 MHz, 34.14 W, 0 %, 7869 MiB
2026/10/03 00:32:00.484, 0, 38, 1189 MHz, 31.12 W, 0 %, 7853 MiB
2026/10/03 00:32:00.488, 1, 46, 1189 MHz, 32.77 W, 1 %, 7851 MiB
2026/10/03 00:32:00.494, 2, 44, 1189 MHz, 33.90 W, 0 %, 7869 MiB
2026/10/03 00:32:01.497, 0, 38, 1189 MHz, 31.34 W, 2 %, 7853 MiB
2026/10/03 00:32:01.500, 1, 46, 1189 MHz, 32.77 W, 3 %, 7851 MiB
2026/10/03 00:32:01.503, 2, 44, 1189 MHz, 34.14 W, 2 %, 7869 MiB
2026/10/03 00:32:02.506, 0, 38, 1189 MHz, 31.34 W, 0 %, 7853 MiB
2026/10/03 00:32:02.509, 1, 46, 1189 MHz, 32.75 W, 0 %, 7851 MiB
2026/10/03 00:32:02.513, 2, 44, 1189 MHz, 34.12 W, 2 %, 7869 MiB
2026/10/03 00:32:03.516, 0, 38, 1189 MHz, 31.34 W, 0 %, 7853 MiB
2026/10/03 00:32:03.519, 1, 46, 1189 MHz, 32.75 W, 0 %, 7851 MiB
2026/10/03 00:32:03.522, 2, 44, 1189 MHz, 34.14 W, 0 %, 7869 MiB
2026/10/03 00:32:04.525, 0, 38, 1189 MHz, 31.34 W, 0 %, 7853 MiB
2026/10/03 00:32:04.528, 1, 46, 1189 MHz, 32.75 W, 2 %, 7851 MiB
2026/10/03 00:32:04.531, 2, 44, 1189 MHz, 34.14 W, 0 %, 7869 MiB
2026/10/03 00:32:05.535, 0, 38, 1189 MHz, 31.36 W, 0 %, 7853 MiB
2026/10/03 00:32:05.538, 1, 46, 1189 MHz, 32.75 W, 0 %, 7851 MiB
2026/10/03 00:32:05.541, 2, 44, 1189 MHz, 33.90 W, 2 %, 7869 MiB
2026/10/03 00:32:06.544, 0, 38, 1189 MHz, 31.34 W, 1 %, 7853 MiB
2026/10/03 00:32:06.547, 1, 46, 1189 MHz, 32.52 W, 3 %, 7851 MiB
2026/10/03 00:32:06.550, 2, 44, 1189 MHz, 34.14 W, 3 %, 7869 MiB
2026/10/03 00:32:07.553, 0, 38, 1189 MHz, 31.34 W, 0 %, 7853 MiB
2026/10/03 00:32:07.556, 1, 46, 1189 MHz, 32.53 W, 0 %, 7851 MiB
2026/10/03 00:32:07.559, 2, 44, 1189 MHz, 33.90 W, 0 %, 7869 MiB
2026/10/03 00:32:08.566, 0, 38, 1189 MHz, 31.34 W, 0 %, 7853 MiB
2026/10/03 00:32:08.572, 1, 46, 1189 MHz, 32.52 W, 2 %, 7851 MiB
2026/10/03 00:32:08.575, 2, 44, 1189 MHz, 33.90 W, 0 %, 7869 MiB
2026/10/03 00:32:09.578, 0, 38, 1189 MHz, 31.34 W, 1 %, 7853 MiB
2026/10/03 00:32:09.582, 1, 46, 1189 MHz, 32.99 W, 0 %, 7851 MiB
2026/10/03 00:32:09.585, 2, 44, 1189 MHz, 34.38 W, 0 %, 7869 MiB
2026/10/03 00:32:10.588, 0, 38, 1189 MHz, 31.34 W, 2 %, 7853 MiB
2026/10/03 00:32:10.591, 1, 46, 1189 MHz, 32.75 W, 2 %, 7851 MiB
2026/10/03 00:32:10.594, 2, 44, 1189 MHz, 34.14 W, 1 %, 7869 MiB
2026/10/03 00:32:11.597, 0, 38, 1189 MHz, 31.57 W, 2 %, 7853 MiB
2026/10/03 00:32:11.601, 1, 46, 1189 MHz, 32.99 W, 1 %, 7851 MiB
2026/10/03 00:32:11.607, 2, 44, 1189 MHz, 34.14 W, 2 %, 7869 MiB
2026/10/03 00:32:12.610, 0, 38, 1189 MHz, 31.34 W, 1 %, 7853 MiB
2026/10/03 00:32:12.613, 1, 46, 1189 MHz, 32.99 W, 1 %, 7851 MiB
2026/10/03 00:32:12.616, 2, 44, 1189 MHz, 34.14 W, 1 %, 7869 MiB
2026/10/03 00:32:13.619, 0, 38, 1189 MHz, 31.34 W, 3 %, 7853 MiB
2026/10/03 00:32:13.622, 1, 46, 1189 MHz, 32.75 W, 3 %, 7851 MiB
2026/10/03 00:32:13.626, 2, 44, 1189 MHz, 33.90 W, 2 %, 7869 MiB
2026/10/03 00:32:14.629, 0, 38, 1189 MHz, 31.10 W, 3 %, 7853 MiB
2026/10/03 00:32:14.632, 1, 45, 1189 MHz, 32.75 W, 1 %, 7851 MiB
2026/10/03 00:32:14.635, 2, 44, 1189 MHz, 33.90 W, 1 %, 7869 MiB
2026/10/03 00:32:15.638, 0, 38, 1189 MHz, 31.36 W, 0 %, 7853 MiB
2026/10/03 00:32:15.641, 1, 46, 1189 MHz, 32.99 W, 1 %, 7851 MiB
2026/10/03 00:32:15.647, 2, 44, 1189 MHz, 33.90 W, 2 %, 7869 MiB
2026/10/03 00:32:16.650, 0, 38, 1189 MHz, 31.10 W, 3 %, 7853 MiB
2026/10/03 00:32:16.653, 1, 46, 1189 MHz, 32.77 W, 2 %, 7851 MiB
2026/10/03 00:32:16.656, 2, 44, 1189 MHz, 34.14 W, 2 %, 7869 MiB
2026/10/03 00:32:17.661, 0, 38, 1189 MHz, 31.10 W, 1 %, 7853 MiB
2026/10/03 00:32:17.666, 1, 46, 1189 MHz, 32.75 W, 0 %, 7851 MiB
2026/10/03 00:32:17.669, 2, 44, 1189 MHz, 34.14 W, 1 %, 7869 MiB
2026/10/03 00:32:18.672, 0, 38, 1189 MHz, 31.34 W, 1 %, 7853 MiB
2026/10/03 00:32:18.676, 1, 46, 1189 MHz, 32.75 W, 1 %, 7851 MiB
2026/10/03 00:32:18.679, 2, 44, 1189 MHz, 33.90 W, 1 %, 7869 MiB
2026/10/03 00:32:19.682, 0, 38, 1189 MHz, 31.34 W, 1 %, 7853 MiB
2026/10/03 00:32:19.685, 1, 46, 1189 MHz, 32.53 W, 2 %, 7851 MiB
2026/10/03 00:32:19.688, 2, 44, 1189 MHz, 33.90 W, 2 %, 7869 MiB
2026/10/03 00:32:20.691, 0, 38, 1189 MHz, 31.57 W, 1 %, 7853 MiB
2026/10/03 00:32:20.694, 1, 46, 1189 MHz, 32.52 W, 0 %, 7851 MiB
2026/10/03 00:32:20.697, 2, 44, 1189 MHz, 34.14 W, 0 %, 7869 MiB
2026/10/03 00:32:21.703, 0, 38, 1189 MHz, 31.34 W, 3 %, 7853 MiB
2026/10/03 00:32:21.707, 1, 45, 1189 MHz, 32.53 W, 2 %, 7851 MiB
2026/10/03 00:32:21.710, 2, 44, 1189 MHz, 34.14 W, 0 %, 7869 MiB
2026/10/03 00:32:22.713, 0, 38, 1189 MHz, 31.34 W, 1 %, 7853 MiB
2026/10/03 00:32:22.717, 1, 45, 1189 MHz, 32.28 W, 1 %, 7851 MiB
2026/10/03 00:32:22.720, 2, 44, 1189 MHz, 34.14 W, 1 %, 7869 MiB
2026/10/03 00:32:23.723, 0, 38, 1189 MHz, 31.34 W, 0 %, 7853 MiB
2026/10/03 00:32:23.726, 1, 45, 1189 MHz, 32.53 W, 1 %, 7851 MiB
2026/10/03 00:32:23.729, 2, 44, 1189 MHz, 34.14 W, 1 %, 7869 MiB
2026/10/03 00:32:24.732, 0, 38, 1189 MHz, 31.34 W, 3 %, 7853 MiB
2026/10/03 00:32:24.738, 1, 46, 1189 MHz, 32.99 W, 3 %, 7851 MiB
2026/10/03 00:32:24.741, 2, 44, 1189 MHz, 33.90 W, 3 %, 7869 MiB
2026/10/03 00:32:25.744, 0, 38, 1189 MHz, 31.34 W, 0 %, 7853 MiB
2026/10/03 00:32:25.747, 1, 45, 1189 MHz, 32.53 W, 2 %, 7851 MiB
2026/10/03 00:32:25.750, 2, 44, 1189 MHz, 34.14 W, 3 %, 7869 MiB
2026/10/03 00:32:26.754, 0, 38, 1189 MHz, 31.34 W, 1 %, 7853 MiB
2026/10/03 00:32:26.757, 1, 46, 1189 MHz, 32.77 W, 1 %, 7851 MiB
2026/10/03 00:32:26.760, 2, 44, 1189 MHz, 34.14 W, 1 %, 7869 MiB
2026/10/03 00:32:27.763, 0, 38, 1189 MHz, 31.34 W, 1 %, 7853 MiB
2026/10/03 00:32:27.766, 1, 46, 1189 MHz, 32.75 W, 3 %, 7851 MiB
2026/10/03 00:32:27.769, 2, 44, 1189 MHz, 34.14 W, 2 %, 7869 MiB
2026/10/03 00:32:28.772, 0, 38, 1189 MHz, 31.34 W, 1 %, 7853 MiB
2026/10/03 00:32:28.775, 1, 46, 1189 MHz, 32.75 W, 0 %, 7851 MiB
2026/10/03 00:32:28.778, 2, 44, 1189 MHz, 33.90 W, 0 %, 7869 MiB
2026/10/03 00:32:29.782, 0, 38, 1189 MHz, 31.34 W, 2 %, 7853 MiB
2026/10/03 00:32:29.782, 1, 46, 1189 MHz, 32.75 W, 3 %, 7851 MiB
2026/10/03 00:32:29.785, 2, 44, 1189 MHz, 34.14 W, 1 %, 7869 MiB
2026/10/03 00:32:30.789, 0, 38, 1189 MHz, 31.34 W, 3 %, 7853 MiB
2026/10/03 00:32:30.795, 1, 45, 1189 MHz, 32.53 W, 2 %, 7851 MiB
2026/10/03 00:32:30.801, 2, 44, 1189 MHz, 33.90 W, 2 %, 7869 MiB
2026/10/03 00:32:31.804, 0, 38, 1189 MHz, 31.34 W, 0 %, 7853 MiB
2026/10/03 00:32:31.807, 1, 46, 1189 MHz, 33.01 W, 3 %, 7851 MiB
2026/10/03 00:32:31.808, 2, 44, 1189 MHz, 34.14 W, 2 %, 7869 MiB
2026/10/03 00:32:32.811, 0, 38, 1189 MHz, 31.34 W, 1 %, 7853 MiB
2026/10/03 00:32:32.814, 1, 46, 1189 MHz, 32.75 W, 0 %, 7851 MiB
2026/10/03 00:32:32.820, 2, 44, 1189 MHz, 34.14 W, 2 %, 7869 MiB
2026/10/03 00:32:33.823, 0, 38, 1189 MHz, 31.34 W, 3 %, 7853 MiB
2026/10/03 00:32:33.826, 1, 46, 1189 MHz, 32.99 W, 1 %, 7851 MiB
2026/10/03 00:32:33.832, 2, 44, 1189 MHz, 33.90 W, 1 %, 7869 MiB
2026/10/03 00:32:34.833, 0, 38, 1189 MHz, 31.34 W, 1 %, 7853 MiB
2026/10/03 00:32:34.836, 1, 46, 1189 MHz, 32.75 W, 1 %, 7851 MiB
2026/10/03 00:32:34.839, 2, 44, 1189 MHz, 33.90 W, 3 %, 7869 MiB
2026/10/03 00:32:35.842, 0, 38, 1189 MHz, 31.34 W, 4 %, 7853 MiB
2026/10/03 00:32:35.845, 1, 46, 1189 MHz, 32.99 W, 4 %, 7851 MiB
2026/10/03 00:32:35.848, 2, 44, 1189 MHz, 34.14 W, 3 %, 7869 MiB
2026/10/03 00:32:36.851, 0, 38, 1189 MHz, 31.57 W, 6 %, 7853 MiB
2026/10/03 00:32:36.854, 1, 46, 1189 MHz, 32.99 W, 8 %, 7851 MiB
2026/10/03 00:32:36.858, 2, 44, 1189 MHz, 34.14 W, 8 %, 7869 MiB
2026/10/03 00:32:37.861, 0, 38, 1189 MHz, 31.34 W, 4 %, 7853 MiB
2026/10/03 00:32:37.864, 1, 46, 1189 MHz, 32.75 W, 5 %, 7851 MiB
2026/10/03 00:32:37.867, 2, 44, 1189 MHz, 33.90 W, 3 %, 7869 MiB
2026/10/03 00:32:38.870, 0, 38, 1189 MHz, 31.34 W, 0 %, 7853 MiB
2026/10/03 00:32:38.873, 1, 46, 1189 MHz, 32.76 W, 1 %, 7851 MiB
2026/10/03 00:32:38.876, 2, 44, 1189 MHz, 33.90 W, 3 %, 7869 MiB
2026/10/03 00:32:39.879, 0, 38, 1189 MHz, 31.34 W, 1 %, 7853 MiB
2026/10/03 00:32:39.882, 1, 46, 1189 MHz, 32.99 W, 1 %, 7851 MiB
2026/10/03 00:32:39.885, 2, 44, 1189 MHz, 34.14 W, 1 %, 7869 MiB
2026/10/03 00:32:40.888, 0, 38, 1189 MHz, 31.34 W, 0 %, 7853 MiB
2026/10/03 00:32:40.892, 1, 46, 1189 MHz, 32.78 W, 2 %, 7851 MiB
2026/10/03 00:32:40.895, 2, 44, 1189 MHz, 34.14 W, 3 %, 7869 MiB
2026/10/03 00:32:41.898, 0, 38, 1189 MHz, 31.34 W, 2 %, 7853 MiB
2026/10/03 00:32:41.902, 1, 46, 1189 MHz, 32.75 W, 0 %, 7851 MiB
2026/10/03 00:32:41.905, 2, 44, 1189 MHz, 33.90 W, 0 %, 7869 MiB
2026/10/03 00:32:42.908, 0, 38, 1189 MHz, 31.34 W, 0 %, 7929 MiB
2026/10/03 00:32:42.911, 1, 46, 1189 MHz, 32.75 W, 0 %, 7927 MiB
2026/10/03 00:32:42.914, 2, 44, 1189 MHz, 33.90 W, 0 %, 7945 MiB
2026/10/03 00:32:43.917, 0, 38, 1189 MHz, 31.34 W, 0 %, 7929 MiB
2026/10/03 00:32:43.920, 1, 45, 1189 MHz, 32.77 W, 0 %, 7927 MiB
2026/10/03 00:32:43.923, 2, 44, 1189 MHz, 34.14 W, 0 %, 7945 MiB
2026/10/03 00:32:44.928, 0, 38, 1189 MHz, 31.34 W, 0 %, 7929 MiB
2026/10/03 00:32:44.933, 1, 45, 1189 MHz, 32.77 W, 0 %, 7927 MiB
2026/10/03 00:32:44.936, 2, 44, 1189 MHz, 33.90 W, 0 %, 7945 MiB
2026/10/03 00:32:45.940, 0, 38, 1189 MHz, 31.34 W, 0 %, 10383 MiB
2026/10/03 00:32:45.943, 1, 45, 1189 MHz, 32.77 W, 0 %, 10381 MiB
2026/10/03 00:32:45.946, 2, 44, 1189 MHz, 34.14 W, 0 %, 10415 MiB
2026/10/03 00:32:46.949, 0, 38, 1189 MHz, 31.10 W, 0 %, 10383 MiB
2026/10/03 00:32:46.952, 1, 45, 1189 MHz, 32.75 W, 0 %, 10381 MiB
2026/10/03 00:32:46.955, 2, 44, 1189 MHz, 34.14 W, 0 %, 10415 MiB
2026/10/03 00:32:47.958, 0, 38, 1189 MHz, 31.34 W, 0 %, 10383 MiB
2026/10/03 00:32:47.961, 1, 45, 1189 MHz, 32.77 W, 0 %, 10381 MiB
2026/10/03 00:32:47.964, 2, 44, 1189 MHz, 34.14 W, 0 %, 10415 MiB
2026/10/03 00:32:48.968, 0, 38, 1189 MHz, 31.34 W, 0 %, 10383 MiB
2026/10/03 00:32:48.971, 1, 45, 1189 MHz, 32.75 W, 0 %, 10381 MiB
2026/10/03 00:32:48.974, 2, 44, 1189 MHz, 33.90 W, 0 %, 10415 MiB
2026/10/03 00:32:49.977, 0, 38, 1316 MHz, 166.05 W, 64 %, 10655 MiB
2026/10/03 00:32:49.987, 1, 47, 1265 MHz, 60.01 W, 23 %, 10601 MiB
2026/10/03 00:32:49.990, 2, 45, 1215 MHz, 91.74 W, 26 %, 10635 MiB
2026/10/03 00:32:50.997, 0, 40, 1189 MHz, 47.35 W, 94 %, 10657 MiB
2026/10/03 00:32:51.007, 1, 47, 1202 MHz, 90.08 W, 56 %, 10655 MiB
2026/10/03 00:32:51.010, 2, 47, 1227 MHz, 44.24 W, 47 %, 10689 MiB
2026/10/03 00:32:52.015, 0, 40, 1215 MHz, 121.40 W, 93 %, 10657 MiB
2026/10/03 00:32:52.018, 1, 48, 1189 MHz, 88.65 W, 47 %, 10655 MiB
2026/10/03 00:32:52.024, 2, 46, 1202 MHz, 130.27 W, 42 %, 10689 MiB
2026/10/03 00:32:53.027, 0, 40, 1240 MHz, 46.61 W, 87 %, 10657 MiB
2026/10/03 00:32:53.031, 1, 48, 1202 MHz, 88.39 W, 41 %, 10655 MiB
2026/10/03 00:32:53.034, 2, 47, 1189 MHz, 40.66 W, 44 %, 10689 MiB
2026/10/03 00:32:54.040, 0, 40, 1189 MHz, 75.40 W, 93 %, 10657 MiB
2026/10/03 00:32:54.054, 1, 48, 1215 MHz, 38.41 W, 44 %, 10655 MiB
2026/10/03 00:32:54.057, 2, 47, 1227 MHz, 74.67 W, 43 %, 10689 MiB
2026/10/03 00:32:55.062, 0, 41, 1265 MHz, 86.44 W, 94 %, 10657 MiB
2026/10/03 00:32:55.067, 1, 49, 1189 MHz, 60.37 W, 50 %, 10655 MiB
2026/10/03 00:32:55.070, 2, 47, 1189 MHz, 98.74 W, 48 %, 10689 MiB
2026/10/03 00:32:56.073, 0, 41, 1189 MHz, 55.13 W, 93 %, 10657 MiB
2026/10/03 00:32:56.081, 1, 48, 1189 MHz, 66.50 W, 48 %, 10655 MiB
2026/10/03 00:32:56.084, 2, 47, 1189 MHz, 43.71 W, 47 %, 10689 MiB
2026/10/03 00:32:57.095, 0, 41, 1265 MHz, 109.23 W, 50 %, 10679 MiB
2026/10/03 00:32:57.102, 1, 48, 1303 MHz, 40.31 W, 44 %, 10655 MiB
2026/10/03 00:32:57.116, 2, 47, 1278 MHz, 50.10 W, 47 %, 10689 MiB
2026/10/03 00:32:58.121, 0, 42, 1189 MHz, 51.51 W, 90 %, 10837 MiB
2026/10/03 00:32:58.126, 1, 48, 1303 MHz, 94.50 W, 50 %, 10835 MiB
2026/10/03 00:32:58.130, 2, 48, 1316 MHz, 47.92 W, 46 %, 10869 MiB
2026/10/03 00:32:59.133, 0, 41, 1290 MHz, 161.29 W, 92 %, 10837 MiB
2026/10/03 00:32:59.136, 1, 49, 1202 MHz, 55.33 W, 45 %, 10835 MiB
2026/10/03 00:32:59.144, 2, 48, 1202 MHz, 73.02 W, 41 %, 10869 MiB
2026/10/03 00:33:00.151, 0, 41, 1189 MHz, 35.77 W, 95 %, 10837 MiB
2026/10/03 00:33:00.155, 1, 49, 1303 MHz, 147.99 W, 43 %, 10835 MiB
2026/10/03 00:33:00.164, 2, 48, 1227 MHz, 116.10 W, 42 %, 10869 MiB
2026/10/03 00:33:01.169, 0, 42, 1215 MHz, 53.28 W, 92 %, 10837 MiB
2026/10/03 00:33:01.173, 1, 49, 1290 MHz, 41.50 W, 53 %, 10835 MiB
2026/10/03 00:33:01.176, 2, 48, 1252 MHz, 50.50 W, 46 %, 10869 MiB
2026/10/03 00:33:02.182, 0, 41, 1189 MHz, 46.55 W, 98 %, 10837 MiB
2026/10/03 00:33:02.189, 1, 50, 1265 MHz, 79.99 W, 44 %, 10835 MiB
2026/10/03 00:33:02.192, 2, 48, 1227 MHz, 83.98 W, 38 %, 10869 MiB
2026/10/03 00:33:03.195, 0, 42, 1177 MHz, 97.22 W, 88 %, 10837 MiB
2026/10/03 00:33:03.199, 1, 50, 1265 MHz, 46.44 W, 42 %, 10835 MiB
2026/10/03 00:33:03.206, 2, 48, 1265 MHz, 62.50 W, 43 %, 10869 MiB
2026/10/03 00:33:04.209, 0, 42, 1202 MHz, 96.33 W, 93 %, 10837 MiB
2026/10/03 00:33:04.217, 1, 50, 1202 MHz, 44.78 W, 44 %, 10835 MiB
2026/10/03 00:33:04.220, 2, 48, 1189 MHz, 62.93 W, 45 %, 10869 MiB
2026/10/03 00:33:05.226, 0, 42, 1189 MHz, 66.88 W, 93 %, 10837 MiB
2026/10/03 00:33:05.233, 1, 50, 1202 MHz, 55.02 W, 49 %, 10835 MiB
2026/10/03 00:33:05.235, 2, 48, 1227 MHz, 42.05 W, 43 %, 10869 MiB
2026/10/03 00:33:06.239, 0, 43, 1189 MHz, 44.50 W, 90 %, 10837 MiB
2026/10/03 00:33:06.242, 1, 50, 1215 MHz, 101.34 W, 42 %, 10835 MiB
2026/10/03 00:33:06.245, 2, 48, 1202 MHz, 46.66 W, 46 %, 10869 MiB
2026/10/03 00:33:07.253, 0, 42, 1202 MHz, 113.87 W, 95 %, 10837 MiB
2026/10/03 00:33:07.262, 1, 50, 1202 MHz, 46.68 W, 56 %, 10835 MiB
2026/10/03 00:33:07.265, 2, 49, 1202 MHz, 69.10 W, 49 %, 10869 MiB
2026/10/03 00:33:08.272, 0, 43, 1252 MHz, 41.87 W, 92 %, 10837 MiB
2026/10/03 00:33:08.285, 1, 50, 1189 MHz, 126.12 W, 37 %, 10835 MiB
2026/10/03 00:33:08.288, 2, 49, 1189 MHz, 101.38 W, 43 %, 10869 MiB
2026/10/03 00:33:09.293, 0, 42, 1278 MHz, 86.20 W, 94 %, 10837 MiB
2026/10/03 00:33:09.296, 1, 50, 1215 MHz, 47.13 W, 43 %, 10835 MiB
2026/10/03 00:33:09.301, 2, 49, 1215 MHz, 63.21 W, 46 %, 10869 MiB
2026/10/03 00:33:10.306, 0, 43, 1202 MHz, 44.00 W, 93 %, 10837 MiB
2026/10/03 00:33:10.310, 1, 50, 1202 MHz, 103.72 W, 46 %, 10835 MiB
2026/10/03 00:33:10.313, 2, 49, 1189 MHz, 63.26 W, 44 %, 10869 MiB
2026/10/03 00:33:11.318, 0, 43, 1303 MHz, 155.24 W, 92 %, 10837 MiB
2026/10/03 00:33:11.321, 1, 51, 1189 MHz, 60.05 W, 45 %, 10835 MiB
2026/10/03 00:33:11.328, 2, 49, 1202 MHz, 84.62 W, 40 %, 10869 MiB
2026/10/03 00:33:12.335, 0, 43, 1227 MHz, 52.80 W, 82 %, 10837 MiB
2026/10/03 00:33:12.339, 1, 50, 1202 MHz, 75.13 W, 47 %, 10835 MiB
2026/10/03 00:33:12.349, 2, 49, 1316 MHz, 45.12 W, 54 %, 10869 MiB
2026/10/03 00:33:13.354, 0, 43, 1202 MHz, 63.20 W, 90 %, 10837 MiB
2026/10/03 00:33:13.360, 1, 51, 1278 MHz, 64.86 W, 44 %, 10835 MiB
2026/10/03 00:33:13.363, 2, 49, 1240 MHz, 97.05 W, 50 %, 10869 MiB
2026/10/03 00:33:14.368, 0, 43, 1252 MHz, 106.17 W, 90 %, 10837 MiB
2026/10/03 00:33:14.377, 1, 50, 1202 MHz, 106.64 W, 39 %, 10835 MiB
2026/10/03 00:33:14.380, 2, 50, 1316 MHz, 155.70 W, 44 %, 10869 MiB
2026/10/03 00:33:15.391, 0, 44, 1278 MHz, 56.79 W, 91 %, 10837 MiB
2026/10/03 00:33:15.399, 1, 51, 1252 MHz, 64.85 W, 41 %, 10835 MiB
2026/10/03 00:33:15.402, 2, 50, 1240 MHz, 46.51 W, 48 %, 10869 MiB
2026/10/03 00:33:16.409, 0, 44, 1189 MHz, 66.21 W, 97 %, 10837 MiB
2026/10/03 00:33:16.414, 1, 51, 1215 MHz, 82.56 W, 49 %, 10835 MiB
2026/10/03 00:33:16.418, 2, 50, 1189 MHz, 114.19 W, 42 %, 10869 MiB
2026/10/03 00:33:17.424, 0, 44, 1240 MHz, 107.50 W, 94 %, 10837 MiB
2026/10/03 00:33:17.427, 1, 51, 1189 MHz, 134.35 W, 51 %, 10835 MiB
2026/10/03 00:33:17.430, 2, 50, 1252 MHz, 130.18 W, 43 %, 10869 MiB
2026/10/03 00:33:18.439, 0, 44, 1202 MHz, 102.92 W, 94 %, 10837 MiB
2026/10/03 00:33:18.444, 1, 51, 1189 MHz, 49.44 W, 47 %, 10835 MiB
2026/10/03 00:33:18.447, 2, 50, 1189 MHz, 89.28 W, 35 %, 10869 MiB
2026/10/03 00:33:19.450, 0, 44, 1265 MHz, 72.26 W, 82 %, 10837 MiB
2026/10/03 00:33:19.454, 1, 52, 1189 MHz, 44.76 W, 38 %, 10835 MiB
2026/10/03 00:33:19.459, 2, 51, 1202 MHz, 57.07 W, 56 %, 10869 MiB
2026/10/03 00:33:20.462, 0, 44, 1227 MHz, 66.17 W, 93 %, 10837 MiB
2026/10/03 00:33:20.466, 1, 51, 1189 MHz, 39.13 W, 50 %, 10835 MiB
2026/10/03 00:33:20.470, 2, 50, 1189 MHz, 47.46 W, 37 %, 10869 MiB
2026/10/03 00:33:21.474, 0, 44, 1189 MHz, 65.46 W, 89 %, 10837 MiB
2026/10/03 00:33:21.478, 1, 52, 1227 MHz, 90.31 W, 43 %, 10835 MiB
2026/10/03 00:33:21.490, 2, 50, 1189 MHz, 45.33 W, 43 %, 10869 MiB
2026/10/03 00:33:22.495, 0, 44, 1227 MHz, 118.60 W, 90 %, 10837 MiB
2026/10/03 00:33:22.498, 1, 52, 1189 MHz, 114.78 W, 44 %, 10835 MiB
2026/10/03 00:33:22.501, 2, 50, 1189 MHz, 122.27 W, 43 %, 10869 MiB
2026/10/03 00:33:23.507, 0, 44, 1189 MHz, 50.99 W, 94 %, 10837 MiB
2026/10/03 00:33:23.515, 1, 52, 1215 MHz, 130.09 W, 44 %, 10835 MiB
2026/10/03 00:33:23.518, 2, 50, 1240 MHz, 101.31 W, 43 %, 10869 MiB
2026/10/03 00:33:24.521, 0, 45, 1189 MHz, 43.52 W, 95 %, 10837 MiB
2026/10/03 00:33:24.525, 1, 52, 1265 MHz, 142.12 W, 49 %, 10835 MiB
2026/10/03 00:33:24.528, 2, 50, 1290 MHz, 138.44 W, 43 %, 10869 MiB
2026/10/03 00:33:25.540, 0, 44, 1252 MHz, 103.21 W, 84 %, 10837 MiB
2026/10/03 00:33:25.543, 1, 52, 1189 MHz, 51.24 W, 44 %, 10835 MiB
2026/10/03 00:33:25.546, 2, 51, 1189 MHz, 92.97 W, 43 %, 10869 MiB
2026/10/03 00:33:26.552, 0, 45, 1177 MHz, 64.79 W, 93 %, 10837 MiB
2026/10/03 00:33:26.563, 1, 52, 1202 MHz, 70.70 W, 62 %, 10835 MiB
2026/10/03 00:33:26.566, 2, 51, 1189 MHz, 48.20 W, 44 %, 10869 MiB
2026/10/03 00:33:27.573, 0, 44, 1290 MHz, 65.46 W, 88 %, 10837 MiB
2026/10/03 00:33:27.577, 1, 52, 1278 MHz, 52.65 W, 42 %, 10835 MiB
2026/10/03 00:33:27.587, 2, 51, 1303 MHz, 43.93 W, 43 %, 10869 MiB
2026/10/03 00:33:28.596, 0, 45, 1215 MHz, 46.63 W, 88 %, 10837 MiB
2026/10/03 00:33:28.600, 1, 52, 1240 MHz, 106.58 W, 39 %, 10835 MiB
2026/10/03 00:33:28.606, 2, 51, 1189 MHz, 66.98 W, 51 %, 10869 MiB
2026/10/03 00:33:29.610, 0, 45, 1278 MHz, 50.83 W, 91 %, 10837 MiB
2026/10/03 00:33:29.614, 1, 52, 1252 MHz, 113.17 W, 41 %, 10835 MiB
2026/10/03 00:33:29.617, 2, 51, 1252 MHz, 42.76 W, 42 %, 10869 MiB
2026/10/03 00:33:30.622, 0, 45, 1215 MHz, 45.16 W, 93 %, 10837 MiB
2026/10/03 00:33:30.629, 1, 52, 1290 MHz, 135.36 W, 48 %, 10835 MiB
2026/10/03 00:33:30.634, 2, 51, 1189 MHz, 87.83 W, 46 %, 10869 MiB
2026/10/03 00:33:31.641, 0, 45, 1189 MHz, 37.64 W, 96 %, 10837 MiB
2026/10/03 00:33:31.652, 1, 52, 1303 MHz, 123.72 W, 46 %, 10835 MiB
2026/10/03 00:33:31.655, 2, 52, 1189 MHz, 42.99 W, 43 %, 10869 MiB
2026/10/03 00:33:32.658, 0, 46, 1215 MHz, 52.52 W, 92 %, 10837 MiB
2026/10/03 00:33:32.663, 1, 53, 1189 MHz, 93.72 W, 66 %, 10835 MiB
2026/10/03 00:33:32.667, 2, 52, 1316 MHz, 70.66 W, 43 %, 10869 MiB
2026/10/03 00:33:33.673, 0, 45, 1202 MHz, 39.29 W, 97 %, 10837 MiB
2026/10/03 00:33:33.678, 1, 52, 1278 MHz, 140.88 W, 45 %, 10835 MiB
2026/10/03 00:33:33.681, 2, 51, 1278 MHz, 83.86 W, 42 %, 10869 MiB
2026/10/03 00:33:34.687, 0, 45, 1189 MHz, 80.20 W, 71 %, 10837 MiB
2026/10/03 00:33:34.695, 1, 53, 1227 MHz, 61.08 W, 50 %, 10835 MiB
2026/10/03 00:33:34.702, 2, 51, 1189 MHz, 91.89 W, 46 %, 10869 MiB
2026/10/03 00:33:35.705, 0, 46, 1202 MHz, 47.28 W, 93 %, 10837 MiB
2026/10/03 00:33:35.709, 1, 53, 1278 MHz, 114.29 W, 47 %, 10835 MiB
2026/10/03 00:33:35.714, 2, 51, 1202 MHz, 45.97 W, 44 %, 10869 MiB
2026/10/03 00:33:36.718, 0, 46, 1252 MHz, 76.70 W, 91 %, 10837 MiB
2026/10/03 00:33:36.722, 1, 53, 1227 MHz, 43.13 W, 45 %, 10835 MiB
2026/10/03 00:33:36.727, 2, 52, 1240 MHz, 59.19 W, 43 %, 10869 MiB
2026/10/03 00:33:37.730, 0, 46, 1189 MHz, 53.40 W, 91 %, 10837 MiB
2026/10/03 00:33:37.733, 1, 53, 1189 MHz, 84.67 W, 46 %, 10835 MiB
2026/10/03 00:33:37.738, 2, 52, 1202 MHz, 42.28 W, 43 %, 10869 MiB
2026/10/03 00:33:38.743, 0, 46, 1240 MHz, 142.10 W, 92 %, 10837 MiB
2026/10/03 00:33:38.748, 1, 53, 1240 MHz, 71.85 W, 48 %, 10835 MiB
2026/10/03 00:33:38.751, 2, 51, 1189 MHz, 120.76 W, 48 %, 10869 MiB
2026/10/03 00:33:39.754, 0, 46, 1202 MHz, 112.83 W, 91 %, 10837 MiB
2026/10/03 00:33:39.757, 1, 54, 1278 MHz, 95.11 W, 44 %, 10835 MiB
2026/10/03 00:33:39.760, 2, 52, 1202 MHz, 119.55 W, 44 %, 10869 MiB
2026/10/03 00:33:40.768, 0, 46, 1189 MHz, 38.59 W, 91 %, 10837 MiB
2026/10/03 00:33:40.772, 1, 53, 1189 MHz, 77.43 W, 49 %, 10835 MiB
2026/10/03 00:33:40.775, 2, 52, 1189 MHz, 44.85 W, 43 %, 10869 MiB
2026/10/03 00:33:41.782, 0, 46, 1202 MHz, 51.81 W, 89 %, 10837 MiB
2026/10/03 00:33:41.790, 1, 53, 1189 MHz, 91.42 W, 46 %, 10835 MiB
2026/10/03 00:33:41.793, 2, 52, 1265 MHz, 48.63 W, 47 %, 10869 MiB
2026/10/03 00:33:42.796, 0, 46, 1290 MHz, 85.55 W, 78 %, 10837 MiB
2026/10/03 00:33:42.799, 1, 53, 1189 MHz, 44.31 W, 47 %, 10835 MiB
2026/10/03 00:33:42.802, 2, 52, 1189 MHz, 71.37 W, 50 %, 10869 MiB
2026/10/03 00:33:43.805, 0, 46, 1303 MHz, 148.36 W, 88 %, 10837 MiB
2026/10/03 00:33:43.816, 1, 54, 1164 MHz, 68.58 W, 59 %, 10835 MiB
2026/10/03 00:33:43.819, 2, 52, 1227 MHz, 130.14 W, 46 %, 10869 MiB
2026/10/03 00:33:44.822, 0, 47, 1265 MHz, 60.07 W, 95 %, 10837 MiB
2026/10/03 00:33:44.826, 1, 54, 1189 MHz, 60.45 W, 49 %, 10835 MiB
2026/10/03 00:33:44.829, 2, 53, 1189 MHz, 49.11 W, 42 %, 10869 MiB
2026/10/03 00:33:45.835, 0, 46, 1189 MHz, 69.94 W, 88 %, 10837 MiB
2026/10/03 00:33:45.839, 1, 53, 1189 MHz, 39.13 W, 41 %, 10835 MiB
2026/10/03 00:33:45.842, 2, 52, 1189 MHz, 56.21 W, 45 %, 10869 MiB
2026/10/03 00:33:46.848, 0, 46, 1265 MHz, 114.57 W, 93 %, 10837 MiB
2026/10/03 00:33:46.862, 1, 54, 1189 MHz, 45.02 W, 46 %, 10835 MiB
2026/10/03 00:33:46.866, 2, 52, 1202 MHz, 69.53 W, 43 %, 10869 MiB
2026/10/03 00:33:47.869, 0, 46, 1189 MHz, 46.61 W, 91 %, 10837 MiB
2026/10/03 00:33:47.870, 1, 54, 1240 MHz, 109.96 W, 43 %, 10835 MiB
2026/10/03 00:33:47.873, 2, 52, 1189 MHz, 56.48 W, 49 %, 10869 MiB
2026/10/03 00:33:48.878, 0, 47, 1265 MHz, 54.22 W, 95 %, 10837 MiB
2026/10/03 00:33:48.881, 1, 54, 1303 MHz, 80.20 W, 44 %, 10835 MiB
2026/10/03 00:33:48.886, 2, 52, 1278 MHz, 50.01 W, 43 %, 10869 MiB
2026/10/03 00:33:49.889, 0, 47, 1189 MHz, 47.07 W, 95 %, 10837 MiB
2026/10/03 00:33:49.898, 1, 54, 1265 MHz, 121.22 W, 50 %, 10835 MiB
2026/10/03 00:33:49.905, 2, 53, 1265 MHz, 78.33 W, 46 %, 10869 MiB
2026/10/03 00:33:50.908, 0, 47, 1189 MHz, 81.76 W, 94 %, 10837 MiB
2026/10/03 00:33:50.915, 1, 54, 1278 MHz, 145.21 W, 48 %, 10835 MiB
2026/10/03 00:33:50.918, 2, 53, 1252 MHz, 116.10 W, 43 %, 10869 MiB
2026/10/03 00:33:51.923, 0, 47, 1177 MHz, 62.60 W, 93 %, 10837 MiB
2026/10/03 00:33:51.929, 1, 54, 1290 MHz, 44.47 W, 45 %, 10835 MiB
2026/10/03 00:33:51.933, 2, 53, 1139 MHz, 133.05 W, 48 %, 10869 MiB
2026/10/03 00:33:52.940, 0, 47, 1189 MHz, 39.53 W, 96 %, 10837 MiB
2026/10/03 00:33:52.943, 1, 54, 1189 MHz, 127.99 W, 49 %, 10835 MiB
2026/10/03 00:33:52.953, 2, 53, 1189 MHz, 98.17 W, 43 %, 10869 MiB
2026/10/03 00:33:53.956, 0, 47, 1189 MHz, 125.45 W, 92 %, 10837 MiB
2026/10/03 00:33:53.960, 1, 54, 1177 MHz, 85.07 W, 50 %, 10835 MiB
2026/10/03 00:33:53.963, 2, 53, 1240 MHz, 141.70 W, 44 %, 10869 MiB
2026/10/03 00:33:54.972, 0, 47, 1215 MHz, 53.88 W, 96 %, 10837 MiB
2026/10/03 00:33:54.976, 1, 54, 1215 MHz, 79.32 W, 39 %, 10835 MiB
2026/10/03 00:33:54.979, 2, 53, 1189 MHz, 47.22 W, 58 %, 10869 MiB
2026/10/03 00:33:55.984, 0, 47, 1215 MHz, 82.30 W, 96 %, 10837 MiB
2026/10/03 00:33:55.989, 1, 54, 1189 MHz, 43.60 W, 60 %, 10835 MiB
2026/10/03 00:33:55.994, 2, 53, 1189 MHz, 62.97 W, 49 %, 10869 MiB
2026/10/03 00:33:56.997, 0, 47, 1189 MHz, 47.56 W, 95 %, 10837 MiB
2026/10/03 00:33:57.004, 1, 54, 1189 MHz, 91.63 W, 47 %, 10835 MiB
2026/10/03 00:33:57.007, 2, 53, 1189 MHz, 43.70 W, 37 %, 10869 MiB
2026/10/03 00:33:58.012, 0, 47, 1189 MHz, 132.63 W, 76 %, 10837 MiB
2026/10/03 00:33:58.015, 1, 55, 1189 MHz, 53.50 W, 40 %, 10835 MiB
2026/10/03 00:33:58.023, 2, 54, 1151 MHz, 79.79 W, 63 %, 10869 MiB
2026/10/03 00:33:59.028, 0, 48, 1139 MHz, 80.71 W, 90 %, 10837 MiB
2026/10/03 00:33:59.034, 1, 55, 1202 MHz, 42.16 W, 41 %, 10835 MiB
2026/10/03 00:33:59.042, 2, 53, 1189 MHz, 55.92 W, 45 %, 10869 MiB
2026/10/03 00:34:00.046, 0, 47, 1265 MHz, 42.85 W, 86 %, 10837 MiB
2026/10/03 00:34:00.053, 1, 55, 1189 MHz, 89.35 W, 40 %, 10835 MiB
2026/10/03 00:34:00.056, 2, 53, 1189 MHz, 79.01 W, 59 %, 10869 MiB
2026/10/03 00:34:01.063, 0, 47, 1290 MHz, 66.44 W, 89 %, 10837 MiB
2026/10/03 00:34:01.066, 1, 55, 1189 MHz, 38.65 W, 70 %, 10835 MiB
2026/10/03 00:34:01.069, 2, 53, 1189 MHz, 51.01 W, 40 %, 10869 MiB
2026/10/03 00:34:02.074, 0, 48, 1290 MHz, 50.09 W, 90 %, 10837 MiB
2026/10/03 00:34:02.078, 1, 54, 1189 MHz, 101.12 W, 44 %, 10835 MiB
2026/10/03 00:34:02.088, 2, 53, 1303 MHz, 60.91 W, 44 %, 10869 MiB
2026/10/03 00:34:03.091, 0, 47, 1290 MHz, 149.10 W, 91 %, 10837 MiB
2026/10/03 00:34:03.102, 1, 55, 1151 MHz, 48.56 W, 48 %, 10835 MiB
2026/10/03 00:34:03.110, 2, 54, 1265 MHz, 72.78 W, 43 %, 10869 MiB
2026/10/03 00:34:04.113, 0, 48, 1189 MHz, 71.11 W, 92 %, 10837 MiB
2026/10/03 00:34:04.121, 1, 55, 1227 MHz, 70.89 W, 44 %, 10835 MiB
2026/10/03 00:34:04.129, 2, 54, 1290 MHz, 104.48 W, 48 %, 10869 MiB
2026/10/03 00:34:05.132, 0, 48, 1189 MHz, 76.74 W, 91 %, 10837 MiB
2026/10/03 00:34:05.135, 1, 55, 1303 MHz, 50.20 W, 44 %, 10835 MiB
2026/10/03 00:34:05.139, 2, 53, 1252 MHz, 61.40 W, 49 %, 10869 MiB
2026/10/03 00:34:06.143, 0, 47, 1189 MHz, 63.37 W, 92 %, 10837 MiB
2026/10/03 00:34:06.147, 1, 55, 1303 MHz, 151.88 W, 43 %, 10835 MiB
2026/10/03 00:34:06.149, 2, 53, 1290 MHz, 125.64 W, 43 %, 10869 MiB
2026/10/03 00:34:07.157, 0, 48, 1189 MHz, 43.00 W, 92 %, 10837 MiB
2026/10/03 00:34:07.160, 1, 55, 1265 MHz, 135.33 W, 43 %, 10835 MiB
2026/10/03 00:34:07.163, 2, 54, 1227 MHz, 87.77 W, 43 %, 10869 MiB
2026/10/03 00:34:08.166, 0, 48, 1189 MHz, 90.80 W, 91 %, 10837 MiB
2026/10/03 00:34:08.172, 1, 56, 1290 MHz, 113.53 W, 43 %, 10835 MiB
2026/10/03 00:34:08.182, 2, 54, 1252 MHz, 150.01 W, 43 %, 10869 MiB
2026/10/03 00:34:09.185, 0, 48, 1189 MHz, 83.95 W, 91 %, 10837 MiB
2026/10/03 00:34:09.195, 1, 55, 1215 MHz, 44.56 W, 43 %, 10835 MiB
2026/10/03 00:34:09.200, 2, 54, 1189 MHz, 52.38 W, 42 %, 10869 MiB
2026/10/03 00:34:10.208, 0, 48, 1215 MHz, 81.18 W, 93 %, 10837 MiB
2026/10/03 00:34:10.215, 1, 55, 1189 MHz, 59.29 W, 43 %, 10835 MiB
2026/10/03 00:34:10.224, 2, 54, 1278 MHz, 54.93 W, 43 %, 10869 MiB
2026/10/03 00:34:11.229, 0, 48, 1202 MHz, 46.84 W, 90 %, 10837 MiB
2026/10/03 00:34:11.233, 1, 55, 1202 MHz, 110.43 W, 44 %, 10835 MiB
2026/10/03 00:34:11.236, 2, 54, 1252 MHz, 76.93 W, 43 %, 10869 MiB
2026/10/03 00:34:12.241, 0, 48, 1202 MHz, 112.16 W, 92 %, 10837 MiB
2026/10/03 00:34:12.244, 1, 55, 1290 MHz, 115.69 W, 44 %, 10835 MiB
2026/10/03 00:34:12.254, 2, 54, 1202 MHz, 132.59 W, 42 %, 10869 MiB
2026/10/03 00:34:13.257, 0, 48, 1189 MHz, 126.85 W, 93 %, 10837 MiB
2026/10/03 00:34:13.263, 1, 56, 1164 MHz, 133.21 W, 43 %, 10835 MiB
2026/10/03 00:34:13.276, 2, 54, 1164 MHz, 71.29 W, 43 %, 10869 MiB
2026/10/03 00:34:14.285, 0, 48, 1189 MHz, 51.77 W, 90 %, 10837 MiB
2026/10/03 00:34:14.288, 1, 55, 1189 MHz, 38.59 W, 42 %, 10835 MiB
2026/10/03 00:34:14.294, 2, 55, 1139 MHz, 125.46 W, 41 %, 10869 MiB
2026/10/03 00:34:15.301, 0, 49, 1189 MHz, 67.04 W, 99 %, 10837 MiB
2026/10/03 00:34:15.306, 1, 56, 1101 MHz, 98.62 W, 44 %, 10835 MiB
2026/10/03 00:34:15.318, 2, 54, 1189 MHz, 46.84 W, 45 %, 10869 MiB
2026/10/03 00:34:16.325, 0, 49, 1088 MHz, 124.44 W, 96 %, 10837 MiB
2026/10/03 00:34:16.333, 1, 56, 1265 MHz, 38.88 W, 42 %, 10835 MiB
2026/10/03 00:34:16.339, 2, 55, 1240 MHz, 43.06 W, 47 %, 10869 MiB
2026/10/03 00:34:17.342, 0, 48, 1189 MHz, 39.83 W, 97 %, 10837 MiB
2026/10/03 00:34:17.350, 1, 55, 1240 MHz, 38.18 W, 42 %, 10835 MiB
2026/10/03 00:34:17.355, 2, 55, 1101 MHz, 57.15 W, 61 %, 10869 MiB
2026/10/03 00:34:18.362, 0, 49, 1189 MHz, 42.67 W, 92 %, 10837 MiB
2026/10/03 00:34:18.366, 1, 56, 1088 MHz, 70.24 W, 63 %, 10835 MiB
2026/10/03 00:34:18.369, 2, 54, 1202 MHz, 43.24 W, 53 %, 10869 MiB
2026/10/03 00:34:19.372, 0, 49, 1101 MHz, 105.74 W, 93 %, 10837 MiB
2026/10/03 00:34:19.378, 1, 55, 1189 MHz, 37.00 W, 53 %, 10835 MiB
2026/10/03 00:34:19.383, 2, 54, 1189 MHz, 40.25 W, 51 %, 10869 MiB
2026/10/03 00:34:20.388, 0, 48, 1202 MHz, 40.56 W, 91 %, 10837 MiB
2026/10/03 00:34:20.392, 1, 55, 1215 MHz, 37.95 W, 53 %, 10835 MiB
2026/10/03 00:34:20.395, 2, 55, 1088 MHz, 62.31 W, 50 %, 10869 MiB
2026/10/03 00:34:21.400, 0, 49, 1189 MHz, 42.67 W, 91 %, 10837 MiB
2026/10/03 00:34:21.405, 1, 56, 1164 MHz, 72.60 W, 50 %, 10835 MiB
2026/10/03 00:34:21.408, 2, 55, 1189 MHz, 42.76 W, 44 %, 10869 MiB
2026/10/03 00:34:22.413, 0, 49, 1189 MHz, 39.12 W, 93 %, 10837 MiB
2026/10/03 00:34:22.421, 1, 56, 1202 MHz, 37.00 W, 52 %, 10835 MiB
2026/10/03 00:34:22.424, 2, 55, 1088 MHz, 58.06 W, 43 %, 10869 MiB
2026/10/03 00:34:23.434, 0, 49, 1189 MHz, 46.23 W, 96 %, 10837 MiB
2026/10/03 00:34:23.438, 1, 56, 1088 MHz, 67.34 W, 47 %, 10835 MiB
2026/10/03 00:34:23.447, 2, 54, 1189 MHz, 41.61 W, 46 %, 10869 MiB
2026/10/03 00:34:24.456, 0, 49, 1088 MHz, 123.82 W, 95 %, 10837 MiB
2026/10/03 00:34:24.459, 1, 56, 1189 MHz, 37.44 W, 50 %, 10835 MiB
2026/10/03 00:34:24.468, 2, 54, 1189 MHz, 41.19 W, 46 %, 10869 MiB
2026/10/03 00:34:25.476, 0, 49, 1189 MHz, 38.88 W, 94 %, 10837 MiB
2026/10/03 00:34:25.479, 1, 56, 1189 MHz, 37.22 W, 48 %, 10835 MiB
2026/10/03 00:34:25.482, 2, 55, 1088 MHz, 76.27 W, 47 %, 10869 MiB
2026/10/03 00:34:26.486, 0, 49, 1189 MHz, 63.04 W, 94 %, 10837 MiB
2026/10/03 00:34:26.492, 1, 56, 1101 MHz, 118.96 W, 44 %, 10835 MiB
2026/10/03 00:34:26.495, 2, 55, 1189 MHz, 52.68 W, 43 %, 10869 MiB
2026/10/03 00:34:27.502, 0, 49, 1126 MHz, 130.98 W, 96 %, 10837 MiB
2026/10/03 00:34:27.518, 1, 56, 1189 MHz, 37.65 W, 43 %, 10835 MiB
2026/10/03 00:34:27.521, 2, 55, 1189 MHz, 45.36 W, 42 %, 10869 MiB
2026/10/03 00:34:28.526, 0, 49, 1240 MHz, 42.61 W, 86 %, 10837 MiB
2026/10/03 00:34:28.534, 1, 56, 1189 MHz, 37.17 W, 44 %, 10835 MiB
2026/10/03 00:34:28.537, 2, 55, 1088 MHz, 114.74 W, 42 %, 10869 MiB
2026/10/03 00:34:29.540, 0, 49, 1177 MHz, 74.73 W, 96 %, 10837 MiB
2026/10/03 00:34:29.543, 1, 57, 1101 MHz, 120.89 W, 43 %, 10835 MiB
2026/10/03 00:34:29.546, 2, 55, 1189 MHz, 56.42 W, 44 %, 10869 MiB
2026/10/03 00:34:30.553, 0, 49, 1202 MHz, 74.04 W, 97 %, 10837 MiB
2026/10/03 00:34:30.557, 1, 56, 1189 MHz, 43.29 W, 51 %, 10835 MiB
2026/10/03 00:34:30.560, 2, 55, 1113 MHz, 126.31 W, 43 %, 10869 MiB
2026/10/03 00:34:31.563, 0, 49, 1189 MHz, 115.16 W, 95 %, 10837 MiB
2026/10/03 00:34:31.566, 1, 57, 1202 MHz, 136.06 W, 49 %, 10835 MiB
2026/10/03 00:34:31.569, 2, 55, 1189 MHz, 126.82 W, 43 %, 10869 MiB
2026/10/03 00:34:32.580, 0, 49, 1227 MHz, 85.25 W, 96 %, 10837 MiB
2026/10/03 00:34:32.583, 1, 57, 1290 MHz, 152.32 W, 46 %, 10835 MiB
2026/10/03 00:34:32.590, 2, 55, 1278 MHz, 118.27 W, 43 %, 10869 MiB
2026/10/03 00:34:33.593, 0, 49, 1202 MHz, 42.34 W, 95 %, 10837 MiB
2026/10/03 00:34:33.597, 1, 56, 1240 MHz, 134.37 W, 50 %, 10835 MiB
2026/10/03 00:34:33.607, 2, 55, 1240 MHz, 122.25 W, 46 %, 10869 MiB
2026/10/03 00:34:34.610, 0, 50, 1202 MHz, 91.38 W, 94 %, 10837 MiB
2026/10/03 00:34:34.614, 1, 57, 1202 MHz, 48.10 W, 44 %, 10835 MiB
2026/10/03 00:34:34.617, 2, 55, 1202 MHz, 61.32 W, 43 %, 10869 MiB
2026/10/03 00:34:35.624, 0, 49, 1227 MHz, 145.14 W, 93 %, 10837 MiB
2026/10/03 00:34:35.629, 1, 57, 1202 MHz, 58.67 W, 43 %, 10835 MiB
2026/10/03 00:34:35.634, 2, 55, 1202 MHz, 96.73 W, 42 %, 10869 MiB
2026/10/03 00:34:36.637, 0, 49, 1227 MHz, 141.00 W, 92 %, 10837 MiB
2026/10/03 00:34:36.651, 1, 57, 1202 MHz, 56.07 W, 44 %, 10835 MiB
2026/10/03 00:34:36.654, 2, 55, 1151 MHz, 92.57 W, 42 %, 10869 MiB
2026/10/03 00:34:37.657, 0, 49, 1202 MHz, 57.33 W, 91 %, 10837 MiB
2026/10/03 00:34:37.661, 1, 56, 1290 MHz, 154.05 W, 45 %, 10835 MiB
2026/10/03 00:34:37.664, 2, 55, 1240 MHz, 114.93 W, 44 %, 10869 MiB
2026/10/03 00:34:38.671, 0, 49, 1202 MHz, 43.29 W, 88 %, 10837 MiB
2026/10/03 00:34:38.675, 1, 56, 1240 MHz, 132.13 W, 48 %, 10835 MiB
2026/10/03 00:34:38.678, 2, 55, 1189 MHz, 66.18 W, 49 %, 10869 MiB
2026/10/03 00:34:39.681, 0, 50, 1189 MHz, 45.60 W, 88 %, 10837 MiB
2026/10/03 00:34:39.684, 1, 57, 1189 MHz, 98.51 W, 44 %, 10835 MiB
2026/10/03 00:34:39.687, 2, 55, 1252 MHz, 82.61 W, 44 %, 10869 MiB
2026/10/03 00:34:40.690, 0, 50, 1177 MHz, 83.72 W, 90 %, 10837 MiB
2026/10/03 00:34:40.700, 1, 57, 1189 MHz, 45.26 W, 43 %, 10835 MiB
2026/10/03 00:34:40.703, 2, 55, 1227 MHz, 70.47 W, 43 %, 10869 MiB
2026/10/03 00:34:41.706, 0, 50, 1265 MHz, 154.62 W, 81 %, 10837 MiB
2026/10/03 00:34:41.717, 1, 57, 1189 MHz, 55.28 W, 52 %, 10835 MiB
2026/10/03 00:34:41.721, 2, 56, 1139 MHz, 84.39 W, 47 %, 10869 MiB
2026/10/03 00:34:42.728, 0, 50, 1189 MHz, 49.41 W, 98 %, 10837 MiB
2026/10/03 00:34:42.732, 1, 57, 1189 MHz, 106.16 W, 35 %, 10835 MiB
2026/10/03 00:34:42.740, 2, 55, 1189 MHz, 99.11 W, 36 %, 10869 MiB
2026/10/03 00:34:43.750, 0, 50, 1278 MHz, 57.26 W, 93 %, 10837 MiB
2026/10/03 00:34:43.761, 1, 56, 1189 MHz, 73.29 W, 33 %, 10835 MiB
2026/10/03 00:34:43.766, 2, 55, 1189 MHz, 47.22 W, 60 %, 10869 MiB
2026/10/03 00:34:44.769, 0, 50, 1278 MHz, 117.45 W, 90 %, 10837 MiB
2026/10/03 00:34:44.777, 1, 57, 1189 MHz, 51.81 W, 73 %, 10835 MiB
2026/10/03 00:34:44.783, 2, 55, 1189 MHz, 72.78 W, 46 %, 10869 MiB
2026/10/03 00:34:45.786, 0, 50, 1177 MHz, 70.61 W, 94 %, 10837 MiB
2026/10/03 00:34:45.789, 1, 57, 1189 MHz, 42.44 W, 43 %, 10835 MiB
2026/10/03 00:34:45.796, 2, 55, 1189 MHz, 51.00 W, 38 %, 10869 MiB
2026/10/03 00:34:46.802, 0, 50, 1215 MHz, 110.63 W, 66 %, 10837 MiB
2026/10/03 00:34:46.807, 1, 57, 1189 MHz, 52.79 W, 52 %, 10835 MiB
2026/10/03 00:34:46.811, 2, 56, 1189 MHz, 80.74 W, 66 %, 10869 MiB
2026/10/03 00:34:47.815, 0, 50, 1265 MHz, 48.80 W, 97 %, 10837 MiB
2026/10/03 00:34:47.824, 1, 57, 1189 MHz, 75.83 W, 32 %, 10835 MiB
2026/10/03 00:34:47.827, 2, 55, 1189 MHz, 46.98 W, 33 %, 10869 MiB
2026/10/03 00:34:48.833, 0, 50, 1278 MHz, 79.01 W, 68 %, 10837 MiB
2026/10/03 00:34:48.841, 1, 57, 1189 MHz, 73.44 W, 41 %, 10835 MiB
2026/10/03 00:34:48.848, 2, 55, 1252 MHz, 98.72 W, 65 %, 10869 MiB
2026/10/03 00:34:49.859, 0, 50, 1227 MHz, 58.83 W, 80 %, 10837 MiB
2026/10/03 00:34:49.863, 1, 57, 1189 MHz, 87.27 W, 75 %, 10835 MiB
2026/10/03 00:34:49.871, 2, 55, 1189 MHz, 53.01 W, 46 %, 10869 MiB
2026/10/03 00:34:50.879, 0, 50, 1189 MHz, 113.04 W, 96 %, 10837 MiB
2026/10/03 00:34:50.883, 1, 57, 1278 MHz, 95.81 W, 47 %, 10835 MiB
2026/10/03 00:34:50.888, 2, 56, 1290 MHz, 151.17 W, 45 %, 10869 MiB
2026/10/03 00:34:51.891, 0, 50, 1189 MHz, 35.82 W, 95 %, 10837 MiB
2026/10/03 00:34:51.895, 1, 57, 1189 MHz, 53.63 W, 59 %, 10835 MiB
2026/10/03 00:34:51.898, 2, 56, 1151 MHz, 47.69 W, 62 %, 10869 MiB
2026/10/03 00:34:52.907, 0, 50, 1126 MHz, 77.10 W, 93 %, 10837 MiB
2026/10/03 00:34:52.911, 1, 58, 1088 MHz, 117.13 W, 46 %, 10835 MiB
2026/10/03 00:34:52.914, 2, 56, 1164 MHz, 51.91 W, 45 %, 10869 MiB
2026/10/03 00:34:53.927, 0, 50, 1265 MHz, 52.01 W, 85 %, 10837 MiB
2026/10/03 00:34:53.937, 1, 57, 1189 MHz, 105.10 W, 46 %, 10835 MiB
2026/10/03 00:34:53.941, 2, 56, 1189 MHz, 64.39 W, 48 %, 10869 MiB
2026/10/03 00:34:54.948, 0, 50, 1189 MHz, 107.97 W, 88 %, 10837 MiB
2026/10/03 00:34:54.955, 1, 57, 1189 MHz, 109.12 W, 47 %, 10835 MiB
2026/10/03 00:34:54.964, 2, 56, 1189 MHz, 134.59 W, 53 %, 10869 MiB
2026/10/03 00:34:55.972, 0, 50, 1265 MHz, 50.28 W, 87 %, 10837 MiB
2026/10/03 00:34:55.982, 1, 57, 1189 MHz, 84.16 W, 39 %, 10835 MiB
2026/10/03 00:34:55.985, 2, 56, 1189 MHz, 85.39 W, 63 %, 10869 MiB
2026/10/03 00:34:56.990, 0, 50, 1316 MHz, 132.01 W, 88 %, 10837 MiB
2026/10/03 00:34:56.993, 1, 57, 1189 MHz, 57.92 W, 74 %, 10835 MiB
2026/10/03 00:34:56.997, 2, 56, 1177 MHz, 98.72 W, 45 %, 10869 MiB
2026/10/03 00:34:58.000, 0, 50, 1290 MHz, 100.12 W, 98 %, 10837 MiB
2026/10/03 00:34:58.005, 1, 57, 1227 MHz, 51.11 W, 53 %, 10835 MiB
2026/10/03 00:34:58.008, 2, 56, 1189 MHz, 76.92 W, 46 %, 10869 MiB
2026/10/03 00:34:59.013, 0, 50, 1240 MHz, 82.53 W, 67 %, 10837 MiB
2026/10/03 00:34:59.024, 1, 57, 1189 MHz, 44.55 W, 38 %, 10835 MiB
2026/10/03 00:34:59.033, 2, 56, 1189 MHz, 52.59 W, 43 %, 10869 MiB
2026/10/03 00:35:00.036, 0, 50, 1227 MHz, 87.35 W, 82 %, 10837 MiB
2026/10/03 00:35:00.039, 1, 58, 1189 MHz, 135.28 W, 75 %, 10835 MiB
2026/10/03 00:35:00.042, 2, 56, 1189 MHz, 109.18 W, 44 %, 10869 MiB
2026/10/03 00:35:01.047, 0, 51, 1113 MHz, 130.74 W, 97 %, 10837 MiB
2026/10/03 00:35:01.057, 1, 57, 1252 MHz, 38.83 W, 47 %, 10835 MiB
2026/10/03 00:35:01.062, 2, 56, 1227 MHz, 43.47 W, 48 %, 10869 MiB
2026/10/03 00:35:02.065, 0, 50, 1189 MHz, 138.94 W, 91 %, 10837 MiB
2026/10/03 00:35:02.080, 1, 58, 1189 MHz, 49.91 W, 53 %, 10835 MiB
2026/10/03 00:35:02.083, 2, 56, 1101 MHz, 127.69 W, 48 %, 10869 MiB
2026/10/03 00:35:03.086, 0, 50, 1215 MHz, 45.86 W, 95 %, 10837 MiB
2026/10/03 00:35:03.093, 1, 57, 1202 MHz, 123.14 W, 49 %, 10835 MiB
2026/10/03 00:35:03.100, 2, 56, 1189 MHz, 93.38 W, 47 %, 10869 MiB
2026/10/03 00:35:04.103, 0, 50, 1189 MHz, 137.67 W, 92 %, 10837 MiB
2026/10/03 00:35:04.106, 1, 58, 1252 MHz, 67.51 W, 43 %, 10835 MiB
2026/10/03 00:35:04.109, 2, 56, 1202 MHz, 109.58 W, 42 %, 10869 MiB
2026/10/03 00:35:05.112, 0, 50, 1189 MHz, 53.82 W, 90 %, 10837 MiB
2026/10/03 00:35:05.120, 1, 57, 1227 MHz, 86.99 W, 44 %, 10835 MiB
2026/10/03 00:35:05.123, 2, 56, 1189 MHz, 90.42 W, 43 %, 10869 MiB
2026/10/03 00:35:06.126, 0, 50, 1278 MHz, 128.70 W, 90 %, 10837 MiB
2026/10/03 00:35:06.130, 1, 58, 1189 MHz, 111.71 W, 42 %, 10835 MiB
2026/10/03 00:35:06.133, 2, 56, 1290 MHz, 151.99 W, 43 %, 10869 MiB
2026/10/03 00:35:07.145, 0, 51, 1189 MHz, 69.43 W, 74 %, 10837 MiB
2026/10/03 00:35:07.148, 1, 57, 1189 MHz, 40.55 W, 57 %, 10835 MiB
2026/10/03 00:35:07.151, 2, 56, 1189 MHz, 58.06 W, 42 %, 10869 MiB
2026/10/03 00:35:08.155, 0, 50, 1202 MHz, 131.23 W, 100 %, 10837 MiB
2026/10/03 00:35:08.158, 1, 57, 1151 MHz, 79.77 W, 36 %, 10835 MiB
2026/10/03 00:35:08.161, 2, 56, 1164 MHz, 132.76 W, 38 %, 10869 MiB
2026/10/03 00:35:09.167, 0, 50, 1189 MHz, 66.20 W, 72 %, 10837 MiB
2026/10/03 00:35:09.171, 1, 58, 1202 MHz, 42.42 W, 40 %, 10835 MiB
2026/10/03 00:35:09.174, 2, 56, 1202 MHz, 62.30 W, 63 %, 10869 MiB
2026/10/03 00:35:10.177, 0, 51, 1151 MHz, 74.15 W, 94 %, 10837 MiB
2026/10/03 00:35:10.181, 1, 58, 1189 MHz, 44.56 W, 64 %, 10835 MiB
2026/10/03 00:35:10.184, 2, 56, 1189 MHz, 53.09 W, 55 %, 10869 MiB
2026/10/03 00:35:11.191, 0, 51, 1101 MHz, 82.27 W, 94 %, 10837 MiB
2026/10/03 00:35:11.197, 1, 57, 1189 MHz, 37.00 W, 45 %, 10835 MiB
2026/10/03 00:35:11.200, 2, 56, 1189 MHz, 39.52 W, 43 %, 10869 MiB
2026/10/03 00:35:12.207, 0, 51, 1189 MHz, 44.95 W, 95 %, 10837 MiB
2026/10/03 00:35:12.215, 1, 58, 1189 MHz, 37.65 W, 50 %, 10835 MiB
2026/10/03 00:35:12.218, 2, 57, 1063 MHz, 115.34 W, 45 %, 10869 MiB
2026/10/03 00:35:13.221, 0, 51, 1189 MHz, 46.37 W, 91 %, 10837 MiB
2026/10/03 00:35:13.233, 1, 58, 1189 MHz, 120.62 W, 46 %, 10835 MiB
2026/10/03 00:35:13.236, 2, 56, 1189 MHz, 98.40 W, 49 %, 10869 MiB
2026/10/03 00:35:14.241, 0, 50, 1303 MHz, 86.16 W, 93 %, 10837 MiB
2026/10/03 00:35:14.244, 1, 58, 1164 MHz, 146.99 W, 43 %, 10835 MiB
2026/10/03 00:35:14.251, 2, 56, 1189 MHz, 121.07 W, 44 %, 10869 MiB
2026/10/03 00:35:15.255, 0, 51, 1240 MHz, 92.09 W, 91 %, 10837 MiB
2026/10/03 00:35:15.262, 1, 58, 1189 MHz, 43.13 W, 44 %, 10835 MiB
2026/10/03 00:35:15.271, 2, 56, 1189 MHz, 51.44 W, 49 %, 10869 MiB
2026/10/03 00:35:16.278, 0, 51, 1290 MHz, 58.13 W, 87 %, 10837 MiB
2026/10/03 00:35:16.293, 1, 58, 1252 MHz, 119.10 W, 41 %, 10835 MiB
2026/10/03 00:35:16.297, 2, 56, 1303 MHz, 46.26 W, 45 %, 10869 MiB
2026/10/03 00:35:17.300, 0, 51, 1316 MHz, 54.57 W, 81 %, 10837 MiB
2026/10/03 00:35:17.305, 1, 58, 1265 MHz, 105.57 W, 50 %, 10835 MiB
2026/10/03 00:35:17.308, 2, 56, 1189 MHz, 46.53 W, 50 %, 10869 MiB
2026/10/03 00:35:18.314, 0, 51, 1189 MHz, 57.26 W, 97 %, 10837 MiB
2026/10/03 00:35:18.318, 1, 58, 1189 MHz, 40.32 W, 31 %, 10835 MiB
2026/10/03 00:35:18.322, 2, 56, 1189 MHz, 52.39 W, 34 %, 10869 MiB
2026/10/03 00:35:19.326, 0, 50, 1278 MHz, 98.20 W, 63 %, 10837 MiB
2026/10/03 00:35:19.332, 1, 58, 1189 MHz, 43.16 W, 46 %, 10835 MiB
2026/10/03 00:35:19.342, 2, 57, 1189 MHz, 56.12 W, 65 %, 10869 MiB
2026/10/03 00:35:20.346, 0, 51, 1189 MHz, 37.17 W, 95 %, 10837 MiB
2026/10/03 00:35:20.349, 1, 58, 1189 MHz, 102.06 W, 70 %, 10835 MiB
2026/10/03 00:35:20.352, 2, 56, 1189 MHz, 40.19 W, 62 %, 10869 MiB
2026/10/03 00:35:21.359, 0, 51, 1126 MHz, 102.17 W, 97 %, 10837 MiB
2026/10/03 00:35:21.368, 1, 58, 1189 MHz, 49.65 W, 47 %, 10835 MiB
2026/10/03 00:35:21.371, 2, 57, 1088 MHz, 123.18 W, 47 %, 10869 MiB
2026/10/03 00:35:22.374, 0, 51, 1189 MHz, 104.59 W, 92 %, 10837 MiB
2026/10/03 00:35:22.386, 1, 58, 1252 MHz, 48.10 W, 44 %, 10835 MiB
2026/10/03 00:35:22.389, 2, 57, 1265 MHz, 65.99 W, 43 %, 10869 MiB
2026/10/03 00:35:23.392, 0, 51, 1240 MHz, 92.54 W, 88 %, 10837 MiB
2026/10/03 00:35:23.395, 1, 58, 1316 MHz, 78.60 W, 43 %, 10835 MiB
2026/10/03 00:35:23.398, 2, 56, 1252 MHz, 88.57 W, 44 %, 10869 MiB
2026/10/03 00:35:24.403, 0, 51, 1252 MHz, 89.88 W, 83 %, 10837 MiB
2026/10/03 00:35:24.407, 1, 58, 1265 MHz, 153.69 W, 52 %, 10835 MiB
2026/10/03 00:35:24.414, 2, 56, 1265 MHz, 150.55 W, 47 %, 10869 MiB
2026/10/03 00:35:25.428, 0, 51, 1189 MHz, 56.08 W, 100 %, 10837 MiB
2026/10/03 00:35:25.431, 1, 58, 1189 MHz, 63.24 W, 33 %, 10835 MiB
2026/10/03 00:35:25.434, 2, 57, 1189 MHz, 53.33 W, 40 %, 10869 MiB
2026/10/03 00:35:26.438, 0, 51, 1215 MHz, 65.73 W, 74 %, 10837 MiB
2026/10/03 00:35:26.441, 1, 58, 1189 MHz, 43.36 W, 37 %, 10835 MiB
2026/10/03 00:35:26.444, 2, 57, 1189 MHz, 53.80 W, 77 %, 10869 MiB
2026/10/03 00:35:27.452, 0, 51, 1189 MHz, 136.13 W, 93 %, 10837 MiB
2026/10/03 00:35:27.455, 1, 59, 1189 MHz, 65.57 W, 58 %, 10835 MiB
2026/10/03 00:35:27.458, 2, 57, 1189 MHz, 109.30 W, 43 %, 10869 MiB
2026/10/03 00:35:28.461, 0, 52, 1101 MHz, 125.60 W, 93 %, 10837 MiB
2026/10/03 00:35:28.465, 1, 58, 1189 MHz, 39.06 W, 50 %, 10835 MiB
2026/10/03 00:35:28.468, 2, 57, 1189 MHz, 47.93 W, 44 %, 10869 MiB
2026/10/03 00:35:29.473, 0, 51, 1189 MHz, 132.36 W, 96 %, 10837 MiB
2026/10/03 00:35:29.482, 1, 59, 1151 MHz, 130.76 W, 45 %, 10835 MiB
2026/10/03 00:35:29.485, 2, 57, 1189 MHz, 136.04 W, 46 %, 10869 MiB
2026/10/03 00:35:30.488, 0, 51, 1303 MHz, 44.47 W, 96 %, 10837 MiB
2026/10/03 00:35:30.497, 1, 58, 1189 MHz, 119.98 W, 44 %, 10835 MiB
2026/10/03 00:35:30.500, 2, 57, 1189 MHz, 57.62 W, 43 %, 10869 MiB
2026/10/03 00:35:31.503, 0, 51, 1265 MHz, 120.11 W, 92 %, 10837 MiB
2026/10/03 00:35:31.506, 1, 58, 1252 MHz, 54.18 W, 57 %, 10835 MiB
2026/10/03 00:35:31.509, 2, 57, 1177 MHz, 85.33 W, 31 %, 10869 MiB
2026/10/03 00:35:32.512, 0, 51, 1177 MHz, 69.66 W, 94 %, 10837 MiB
2026/10/03 00:35:32.516, 1, 58, 1265 MHz, 96.01 W, 41 %, 10835 MiB
2026/10/03 00:35:32.538, 2, 57, 1189 MHz, 82.74 W, 52 %, 10869 MiB
2026/10/03 00:35:33.543, 0, 51, 1189 MHz, 52.59 W, 60 %, 10837 MiB
2026/10/03 00:35:33.547, 1, 58, 1189 MHz, 42.90 W, 33 %, 10835 MiB
2026/10/03 00:35:33.550, 2, 57, 1278 MHz, 61.83 W, 62 %, 10869 MiB
2026/10/03 00:35:34.553, 0, 51, 1265 MHz, 137.88 W, 75 %, 10837 MiB
2026/10/03 00:35:34.556, 1, 59, 1202 MHz, 89.04 W, 77 %, 10835 MiB
2026/10/03 00:35:34.565, 2, 57, 1177 MHz, 115.82 W, 44 %, 10869 MiB
2026/10/03 00:35:35.572, 0, 52, 1088 MHz, 128.87 W, 93 %, 10837 MiB
2026/10/03 00:35:35.575, 1, 58, 1189 MHz, 41.67 W, 59 %, 10835 MiB
2026/10/03 00:35:35.586, 2, 57, 1189 MHz, 48.64 W, 47 %, 10869 MiB
2026/10/03 00:35:36.589, 0, 51, 1215 MHz, 48.66 W, 95 %, 10837 MiB
2026/10/03 00:35:36.592, 1, 59, 1189 MHz, 119.45 W, 49 %, 10835 MiB
2026/10/03 00:35:36.595, 2, 57, 1290 MHz, 104.82 W, 43 %, 10869 MiB
2026/10/03 00:35:37.598, 0, 51, 1189 MHz, 96.43 W, 90 %, 10837 MiB
2026/10/03 00:35:37.601, 1, 58, 1265 MHz, 56.32 W, 49 %, 10835 MiB
2026/10/03 00:35:37.606, 2, 57, 1189 MHz, 67.21 W, 45 %, 10869 MiB
2026/10/03 00:35:38.612, 0, 51, 1240 MHz, 91.97 W, 79 %, 10837 MiB
2026/10/03 00:35:38.615, 1, 58, 1278 MHz, 154.65 W, 43 %, 10835 MiB
2026/10/03 00:35:38.618, 2, 57, 1290 MHz, 130.08 W, 46 %, 10869 MiB
2026/10/03 00:35:39.621, 0, 51, 1189 MHz, 118.82 W, 98 %, 10837 MiB
2026/10/03 00:35:39.624, 1, 58, 1189 MHz, 94.16 W, 29 %, 10835 MiB
2026/10/03 00:35:39.634, 2, 57, 1164 MHz, 134.92 W, 32 %, 10869 MiB
2026/10/03 00:35:40.637, 0, 51, 1215 MHz, 72.97 W, 78 %, 10837 MiB
2026/10/03 00:35:40.640, 1, 58, 1189 MHz, 43.63 W, 39 %, 10835 MiB
2026/10/03 00:35:40.643, 2, 57, 1164 MHz, 60.65 W, 81 %, 10869 MiB
2026/10/03 00:35:41.647, 0, 52, 1189 MHz, 42.14 W, 96 %, 10837 MiB
2026/10/03 00:35:41.650, 1, 59, 1088 MHz, 113.96 W, 47 %, 10835 MiB
2026/10/03 00:35:41.656, 2, 57, 1189 MHz, 42.55 W, 43 %, 10869 MiB
2026/10/03 00:35:42.662, 0, 51, 1227 MHz, 45.42 W, 91 %, 10837 MiB
2026/10/03 00:35:42.665, 1, 58, 1189 MHz, 118.81 W, 41 %, 10835 MiB
2026/10/03 00:35:42.668, 2, 57, 1252 MHz, 94.00 W, 43 %, 10869 MiB
2026/10/03 00:35:43.671, 0, 51, 1202 MHz, 80.89 W, 91 %, 10837 MiB
2026/10/03 00:35:43.675, 1, 59, 1189 MHz, 46.45 W, 43 %, 10835 MiB
2026/10/03 00:35:43.678, 2, 57, 1252 MHz, 53.84 W, 43 %, 10869 MiB
2026/10/03 00:35:44.683, 0, 52, 1265 MHz, 66.40 W, 97 %, 10837 MiB
2026/10/03 00:35:44.686, 1, 58, 1202 MHz, 41.26 W, 32 %, 10835 MiB
2026/10/03 00:35:44.689, 2, 57, 1189 MHz, 51.72 W, 32 %, 10869 MiB
2026/10/03 00:35:45.693, 0, 51, 1189 MHz, 54.50 W, 61 %, 10837 MiB
2026/10/03 00:35:45.696, 1, 59, 1215 MHz, 155.20 W, 46 %, 10835 MiB
2026/10/03 00:35:45.703, 2, 57, 1189 MHz, 105.05 W, 74 %, 10869 MiB
2026/10/03 00:35:46.706, 0, 52, 1189 MHz, 72.72 W, 96 %, 10837 MiB
2026/10/03 00:35:46.711, 1, 59, 1189 MHz, 44.08 W, 65 %, 10835 MiB
2026/10/03 00:35:46.717, 2, 57, 1189 MHz, 54.23 W, 60 %, 10869 MiB
2026/10/03 00:35:47.721, 0, 52, 1189 MHz, 45.66 W, 96 %, 10837 MiB
2026/10/03 00:35:47.724, 1, 59, 1189 MHz, 38.83 W, 49 %, 10835 MiB
2026/10/03 00:35:47.727, 2, 58, 1063 MHz, 115.05 W, 43 %, 10869 MiB
2026/10/03 00:35:48.737, 0, 52, 1151 MHz, 92.56 W, 96 %, 10837 MiB
2026/10/03 00:35:48.741, 1, 59, 1189 MHz, 48.10 W, 43 %, 10835 MiB
2026/10/03 00:35:48.744, 2, 57, 1139 MHz, 63.48 W, 43 %, 10869 MiB
2026/10/03 00:35:49.754, 0, 52, 1189 MHz, 57.22 W, 92 %, 10837 MiB
2026/10/03 00:35:49.759, 1, 59, 1278 MHz, 97.42 W, 44 %, 10835 MiB
2026/10/03 00:35:49.768, 2, 57, 1189 MHz, 47.22 W, 43 %, 10869 MiB
2026/10/03 00:35:50.771, 0, 52, 1265 MHz, 94.42 W, 89 %, 10837 MiB
2026/10/03 00:35:50.774, 1, 59, 1290 MHz, 58.99 W, 43 %, 10835 MiB
2026/10/03 00:35:50.777, 2, 57, 1227 MHz, 107.01 W, 43 %, 10869 MiB
2026/10/03 00:35:51.786, 0, 52, 1189 MHz, 87.79 W, 97 %, 10837 MiB
2026/10/03 00:35:51.789, 1, 59, 1189 MHz, 58.99 W, 28 %, 10835 MiB
2026/10/03 00:35:51.792, 2, 57, 1189 MHz, 108.66 W, 28 %, 10869 MiB
2026/10/03 00:35:52.795, 0, 51, 1265 MHz, 38.17 W, 75 %, 10837 MiB
2026/10/03 00:35:52.799, 1, 58, 1227 MHz, 38.42 W, 41 %, 10835 MiB
2026/10/03 00:35:52.806, 2, 58, 1189 MHz, 51.21 W, 81 %, 10869 MiB
2026/10/03 00:35:53.811, 0, 52, 1202 MHz, 121.36 W, 93 %, 10837 MiB
2026/10/03 00:35:53.814, 1, 59, 1151 MHz, 148.37 W, 46 %, 10835 MiB
2026/10/03 00:35:53.820, 2, 57, 1202 MHz, 138.88 W, 46 %, 10869 MiB
2026/10/03 00:35:54.827, 0, 52, 1265 MHz, 52.72 W, 92 %, 10837 MiB
2026/10/03 00:35:54.831, 1, 59, 1265 MHz, 110.71 W, 42 %, 10835 MiB
2026/10/03 00:35:54.838, 2, 57, 1240 MHz, 47.21 W, 43 %, 10869 MiB
2026/10/03 00:35:55.844, 0, 52, 1290 MHz, 161.26 W, 90 %, 10837 MiB
2026/10/03 00:35:55.854, 1, 59, 1139 MHz, 57.48 W, 43 %, 10835 MiB
2026/10/03 00:35:55.863, 2, 57, 1189 MHz, 76.31 W, 44 %, 10869 MiB
2026/10/03 00:35:56.869, 0, 51, 1240 MHz, 150.38 W, 55 %, 10837 MiB
2026/10/03 00:35:56.875, 1, 59, 1164 MHz, 71.13 W, 32 %, 10835 MiB
2026/10/03 00:35:56.882, 2, 58, 1252 MHz, 112.34 W, 62 %, 10869 MiB
2026/10/03 00:35:57.886, 0, 52, 1189 MHz, 83.49 W, 90 %, 10837 MiB
2026/10/03 00:35:57.893, 1, 59, 1189 MHz, 45.50 W, 82 %, 10835 MiB
2026/10/03 00:35:57.896, 2, 57, 1202 MHz, 60.84 W, 57 %, 10869 MiB
2026/10/03 00:35:58.899, 0, 52, 1088 MHz, 128.02 W, 96 %, 10837 MiB
2026/10/03 00:35:58.904, 1, 59, 1189 MHz, 43.78 W, 50 %, 10835 MiB
2026/10/03 00:35:58.907, 2, 58, 1088 MHz, 62.68 W, 46 %, 10869 MiB
2026/10/03 00:35:59.910, 0, 52, 1202 MHz, 134.59 W, 92 %, 10837 MiB
2026/10/03 00:35:59.924, 1, 59, 1189 MHz, 50.67 W, 45 %, 10835 MiB
2026/10/03 00:35:59.927, 2, 58, 1151 MHz, 77.68 W, 51 %, 10869 MiB
2026/10/03 00:36:00.930, 0, 52, 1202 MHz, 135.43 W, 95 %, 10837 MiB
2026/10/03 00:36:00.933, 1, 59, 1151 MHz, 65.54 W, 50 %, 10835 MiB
2026/10/03 00:36:00.936, 2, 57, 1164 MHz, 88.57 W, 49 %, 10869 MiB
2026/10/03 00:36:01.947, 0, 52, 1177 MHz, 102.96 W, 58 %, 10837 MiB
2026/10/03 00:36:01.951, 1, 59, 1189 MHz, 49.49 W, 38 %, 10835 MiB
2026/10/03 00:36:01.954, 2, 58, 1177 MHz, 78.19 W, 81 %, 10869 MiB
2026/10/03 00:36:02.961, 0, 52, 1189 MHz, 46.84 W, 97 %, 10837 MiB
2026/10/03 00:36:02.969, 1, 59, 1189 MHz, 99.29 W, 64 %, 10835 MiB
2026/10/03 00:36:02.972, 2, 57, 1189 MHz, 48.58 W, 59 %, 10869 MiB
2026/10/03 00:36:03.975, 0, 53, 1088 MHz, 120.54 W, 97 %, 10837 MiB
2026/10/03 00:36:03.985, 1, 59, 1189 MHz, 37.41 W, 47 %, 10835 MiB
2026/10/03 00:36:03.990, 2, 58, 1189 MHz, 43.00 W, 43 %, 10869 MiB
2026/10/03 00:36:04.993, 0, 52, 1189 MHz, 73.13 W, 92 %, 10837 MiB
2026/10/03 00:36:04.996, 1, 59, 1189 MHz, 129.09 W, 48 %, 10835 MiB
2026/10/03 00:36:04.999, 2, 57, 1189 MHz, 110.57 W, 46 %, 10869 MiB
2026/10/03 00:36:06.005, 0, 52, 1265 MHz, 49.85 W, 96 %, 10837 MiB
2026/10/03 00:36:06.025, 1, 59, 1240 MHz, 116.32 W, 46 %, 10835 MiB
2026/10/03 00:36:06.028, 2, 58, 1240 MHz, 76.47 W, 48 %, 10869 MiB
2026/10/03 00:36:07.031, 0, 52, 1202 MHz, 45.89 W, 90 %, 10837 MiB
2026/10/03 00:36:07.035, 1, 59, 1265 MHz, 92.04 W, 50 %, 10835 MiB
2026/10/03 00:36:07.039, 2, 57, 1189 MHz, 62.80 W, 51 %, 10869 MiB
2026/10/03 00:36:08.043, 0, 52, 1189 MHz, 76.74 W, 100 %, 10837 MiB
2026/10/03 00:36:08.052, 1, 59, 1189 MHz, 55.35 W, 44 %, 10835 MiB
2026/10/03 00:36:08.052, 2, 58, 1202 MHz, 63.48 W, 43 %, 10869 MiB
2026/10/03 00:36:09.056, 0, 52, 1189 MHz, 51.57 W, 98 %, 10837 MiB
2026/10/03 00:36:09.059, 1, 59, 1189 MHz, 39.78 W, 64 %, 10835 MiB
2026/10/03 00:36:09.064, 2, 58, 1088 MHz, 118.06 W, 62 %, 10869 MiB
2026/10/03 00:36:10.074, 0, 52, 1240 MHz, 134.93 W, 91 %, 10837 MiB
2026/10/03 00:36:10.077, 1, 59, 1215 MHz, 86.22 W, 44 %, 10835 MiB
2026/10/03 00:36:10.084, 2, 57, 1303 MHz, 150.12 W, 43 %, 10869 MiB
2026/10/03 00:36:11.088, 0, 52, 1189 MHz, 110.83 W, 88 %, 10837 MiB
2026/10/03 00:36:11.092, 1, 59, 1202 MHz, 106.87 W, 42 %, 10835 MiB
2026/10/03 00:36:11.095, 2, 58, 1265 MHz, 150.12 W, 43 %, 10869 MiB
2026/10/03 00:36:12.102, 0, 52, 1189 MHz, 126.31 W, 68 %, 10837 MiB
2026/10/03 00:36:12.105, 1, 59, 1252 MHz, 80.00 W, 73 %, 10835 MiB
2026/10/03 00:36:12.112, 2, 58, 1189 MHz, 106.54 W, 34 %, 10869 MiB
2026/10/03 00:36:13.125, 0, 52, 1189 MHz, 117.90 W, 94 %, 10837 MiB
2026/10/03 00:36:13.128, 1, 59, 1252 MHz, 98.64 W, 54 %, 10835 MiB
2026/10/03 00:36:13.136, 2, 57, 1215 MHz, 132.07 W, 60 %, 10869 MiB
2026/10/03 00:36:14.146, 0, 53, 1189 MHz, 50.12 W, 94 %, 10837 MiB
2026/10/03 00:36:14.149, 1, 59, 1189 MHz, 39.54 W, 47 %, 10835 MiB
2026/10/03 00:36:14.154, 2, 58, 1088 MHz, 117.38 W, 48 %, 10869 MiB
2026/10/03 00:36:15.157, 0, 52, 1189 MHz, 41.16 W, 91 %, 10837 MiB
2026/10/03 00:36:15.162, 1, 59, 1252 MHz, 143.21 W, 44 %, 10835 MiB
2026/10/03 00:36:15.165, 2, 58, 1265 MHz, 93.50 W, 43 %, 10869 MiB
2026/10/03 00:36:16.170, 0, 52, 1215 MHz, 46.37 W, 64 %, 10837 MiB
2026/10/03 00:36:16.175, 1, 59, 1189 MHz, 112.46 W, 57 %, 10835 MiB
2026/10/03 00:36:16.180, 2, 58, 1189 MHz, 61.10 W, 35 %, 10869 MiB
2026/10/03 00:36:17.185, 0, 52, 1189 MHz, 97.00 W, 96 %, 10837 MiB
2026/10/03 00:36:17.188, 1, 59, 1202 MHz, 48.31 W, 43 %, 10835 MiB
2026/10/03 00:36:17.195, 2, 58, 1189 MHz, 72.31 W, 44 %, 10869 MiB
2026/10/03 00:36:18.198, 0, 52, 1189 MHz, 35.29 W, 95 %, 10837 MiB
2026/10/03 00:36:18.201, 1, 59, 1189 MHz, 36.70 W, 45 %, 10835 MiB
2026/10/03 00:36:18.206, 2, 58, 1075 MHz, 101.96 W, 43 %, 10869 MiB
2026/10/03 00:36:19.218, 0, 53, 1202 MHz, 60.25 W, 91 %, 10837 MiB
2026/10/03 00:36:19.228, 1, 59, 1189 MHz, 108.09 W, 50 %, 10835 MiB
2026/10/03 00:36:19.231, 2, 58, 1189 MHz, 60.91 W, 45 %, 10869 MiB
2026/10/03 00:36:20.237, 0, 52, 1278 MHz, 75.99 W, 95 %, 10837 MiB
2026/10/03 00:36:20.241, 1, 59, 1189 MHz, 42.89 W, 43 %, 10835 MiB
2026/10/03 00:36:20.249, 2, 58, 1202 MHz, 51.20 W, 47 %, 10869 MiB
2026/10/03 00:36:21.261, 0, 53, 1215 MHz, 57.57 W, 90 %, 10837 MiB
2026/10/03 00:36:21.265, 1, 59, 1240 MHz, 80.85 W, 49 %, 10835 MiB
2026/10/03 00:36:21.268, 2, 58, 1189 MHz, 52.38 W, 48 %, 10869 MiB
2026/10/03 00:36:22.271, 0, 52, 1189 MHz, 136.97 W, 100 %, 10837 MiB
2026/10/03 00:36:22.287, 1, 59, 1189 MHz, 50.91 W, 42 %, 10835 MiB
2026/10/03 00:36:22.290, 2, 58, 1164 MHz, 76.07 W, 42 %, 10869 MiB
2026/10/03 00:36:23.293, 0, 53, 1164 MHz, 44.71 W, 96 %, 10837 MiB
2026/10/03 00:36:23.301, 1, 59, 1189 MHz, 38.12 W, 62 %, 10835 MiB
2026/10/03 00:36:23.304, 2, 58, 1075 MHz, 117.15 W, 64 %, 10869 MiB
2026/10/03 00:36:24.307, 0, 52, 1252 MHz, 43.76 W, 91 %, 10837 MiB
2026/10/03 00:36:24.311, 1, 59, 1278 MHz, 149.37 W, 44 %, 10835 MiB
2026/10/03 00:36:24.315, 2, 58, 1278 MHz, 111.25 W, 43 %, 10869 MiB
2026/10/03 00:36:25.323, 0, 52, 1265 MHz, 56.99 W, 93 %, 10837 MiB
2026/10/03 00:36:25.326, 1, 59, 1252 MHz, 74.88 W, 47 %, 10835 MiB
2026/10/03 00:36:25.329, 2, 58, 1252 MHz, 52.14 W, 50 %, 10869 MiB
2026/10/03 00:36:26.332, 0, 52, 1189 MHz, 44.95 W, 100 %, 10837 MiB
2026/10/03 00:36:26.337, 1, 59, 1227 MHz, 111.89 W, 41 %, 10835 MiB
2026/10/03 00:36:26.340, 2, 58, 1189 MHz, 79.75 W, 40 %, 10869 MiB
2026/10/03 00:36:27.348, 0, 53, 1189 MHz, 40.95 W, 94 %, 10837 MiB
2026/10/03 00:36:27.353, 1, 60, 1189 MHz, 38.12 W, 57 %, 10835 MiB
2026/10/03 00:36:27.359, 2, 58, 1075 MHz, 118.31 W, 48 %, 10869 MiB
2026/10/03 00:36:28.362, 0, 52, 1189 MHz, 85.99 W, 94 %, 10837 MiB
2026/10/03 00:36:28.365, 1, 59, 1227 MHz, 145.06 W, 48 %, 10835 MiB
2026/10/03 00:36:28.368, 2, 58, 1189 MHz, 116.04 W, 50 %, 10869 MiB
2026/10/03 00:36:29.373, 0, 52, 1240 MHz, 62.70 W, 75 %, 10837 MiB
2026/10/03 00:36:29.377, 1, 59, 1252 MHz, 62.72 W, 46 %, 10835 MiB
2026/10/03 00:36:29.381, 2, 58, 1189 MHz, 49.34 W, 43 %, 10869 MiB
2026/10/03 00:36:30.384, 0, 52, 1189 MHz, 91.11 W, 66 %, 10837 MiB
2026/10/03 00:36:30.388, 1, 59, 1189 MHz, 48.54 W, 88 %, 10835 MiB
2026/10/03 00:36:30.391, 2, 58, 1189 MHz, 76.97 W, 44 %, 10869 MiB
2026/10/03 00:36:31.395, 0, 53, 1088 MHz, 118.91 W, 92 %, 10837 MiB
2026/10/03 00:36:31.399, 1, 60, 1189 MHz, 37.88 W, 45 %, 10835 MiB
2026/10/03 00:36:31.404, 2, 58, 1189 MHz, 42.29 W, 43 %, 10869 MiB
2026/10/03 00:36:32.407, 0, 52, 1189 MHz, 88.55 W, 92 %, 10837 MiB
2026/10/03 00:36:32.408, 1, 60, 1227 MHz, 59.21 W, 44 %, 10835 MiB
2026/10/03 00:36:32.411, 2, 58, 1164 MHz, 55.41 W, 49 %, 10869 MiB
2026/10/03 00:36:33.419, 0, 52, 1189 MHz, 45.42 W, 67 %, 10837 MiB
2026/10/03 00:36:33.423, 1, 59, 1189 MHz, 119.82 W, 38 %, 10835 MiB
2026/10/03 00:36:33.430, 2, 58, 1189 MHz, 72.52 W, 43 %, 10869 MiB
2026/10/03 00:36:34.433, 0, 52, 1189 MHz, 68.24 W, 76 %, 10837 MiB
2026/10/03 00:36:34.436, 1, 60, 1189 MHz, 48.55 W, 84 %, 10835 MiB
2026/10/03 00:36:34.439, 2, 58, 1189 MHz, 67.41 W, 50 %, 10869 MiB
2026/10/03 00:36:35.444, 0, 53, 1075 MHz, 120.07 W, 96 %, 10837 MiB
2026/10/03 00:36:35.450, 1, 59, 1189 MHz, 39.30 W, 50 %, 10835 MiB
2026/10/03 00:36:35.453, 2, 58, 1189 MHz, 46.98 W, 46 %, 10869 MiB
2026/10/03 00:36:36.456, 0, 53, 1278 MHz, 153.69 W, 89 %, 10837 MiB
2026/10/03 00:36:36.459, 1, 59, 1151 MHz, 87.21 W, 38 %, 10835 MiB
2026/10/03 00:36:36.462, 2, 58, 1265 MHz, 144.71 W, 43 %, 10869 MiB
2026/10/03 00:36:37.474, 0, 53, 1303 MHz, 77.58 W, 92 %, 10837 MiB
2026/10/03 00:36:37.480, 1, 59, 1189 MHz, 43.33 W, 24 %, 10835 MiB
2026/10/03 00:36:37.483, 2, 58, 1189 MHz, 54.00 W, 20 %, 10869 MiB
2026/10/03 00:36:38.489, 0, 53, 1278 MHz, 43.52 W, 49 %, 10837 MiB
2026/10/03 00:36:38.493, 1, 59, 1202 MHz, 89.53 W, 31 %, 10835 MiB
2026/10/03 00:36:38.497, 2, 58, 1189 MHz, 85.56 W, 74 %, 10869 MiB
2026/10/03 00:36:39.500, 0, 53, 1088 MHz, 76.39 W, 95 %, 10837 MiB
2026/10/03 00:36:39.503, 1, 60, 1088 MHz, 115.98 W, 76 %, 10835 MiB
2026/10/03 00:36:39.506, 2, 58, 1088 MHz, 56.36 W, 63 %, 10869 MiB
2026/10/03 00:36:40.515, 0, 52, 1290 MHz, 50.02 W, 93 %, 10837 MiB
2026/10/03 00:36:40.519, 1, 59, 1316 MHz, 150.32 W, 43 %, 10835 MiB
2026/10/03 00:36:40.522, 2, 58, 1303 MHz, 106.76 W, 43 %, 10869 MiB
2026/10/03 00:36:41.529, 0, 53, 1265 MHz, 60.53 W, 91 %, 10837 MiB
2026/10/03 00:36:41.532, 1, 60, 1290 MHz, 68.57 W, 43 %, 10835 MiB
2026/10/03 00:36:41.535, 2, 58, 1278 MHz, 51.19 W, 42 %, 10869 MiB
2026/10/03 00:36:42.540, 0, 53, 1278 MHz, 65.02 W, 51 %, 10837 MiB
2026/10/03 00:36:42.545, 1, 59, 1189 MHz, 47.13 W, 34 %, 10835 MiB
2026/10/03 00:36:42.548, 2, 58, 1189 MHz, 56.36 W, 81 %, 10869 MiB
2026/10/03 00:36:43.551, 0, 53, 1151 MHz, 139.84 W, 96 %, 10837 MiB
2026/10/03 00:36:43.561, 1, 60, 1088 MHz, 118.86 W, 55 %, 10835 MiB
2026/10/03 00:36:43.567, 2, 59, 1088 MHz, 122.25 W, 48 %, 10869 MiB
2026/10/03 00:36:44.574, 0, 53, 1240 MHz, 119.58 W, 90 %, 10837 MiB
2026/10/03 00:36:44.578, 1, 59, 1189 MHz, 55.10 W, 47 %, 10835 MiB
2026/10/03 00:36:44.581, 2, 58, 1189 MHz, 64.89 W, 49 %, 10869 MiB
2026/10/03 00:36:45.585, 0, 53, 1215 MHz, 70.89 W, 63 %, 10837 MiB
2026/10/03 00:36:45.589, 1, 60, 1240 MHz, 45.50 W, 59 %, 10835 MiB
2026/10/03 00:36:45.592, 2, 58, 1189 MHz, 58.25 W, 31 %, 10869 MiB
2026/10/03 00:36:46.595, 0, 53, 1101 MHz, 61.72 W, 98 %, 10837 MiB
2026/10/03 00:36:46.604, 1, 59, 1265 MHz, 114.73 W, 58 %, 10835 MiB
2026/10/03 00:36:46.609, 2, 58, 1252 MHz, 42.28 W, 60 %, 10869 MiB
2026/10/03 00:36:47.612, 0, 52, 1189 MHz, 132.13 W, 97 %, 10837 MiB
2026/10/03 00:36:47.623, 1, 60, 1151 MHz, 130.75 W, 46 %, 10835 MiB
2026/10/03 00:36:47.626, 2, 58, 1252 MHz, 150.45 W, 43 %, 10869 MiB
2026/10/03 00:36:48.635, 0, 53, 1189 MHz, 89.79 W, 92 %, 10837 MiB
2026/10/03 00:36:48.643, 1, 60, 1189 MHz, 45.97 W, 41 %, 10835 MiB
2026/10/03 00:36:48.646, 2, 58, 1189 MHz, 61.51 W, 43 %, 10869 MiB
2026/10/03 00:36:49.654, 0, 52, 1189 MHz, 46.75 W, 52 %, 10837 MiB
2026/10/03 00:36:49.657, 1, 59, 1189 MHz, 127.57 W, 35 %, 10835 MiB
2026/10/03 00:36:49.660, 2, 58, 1252 MHz, 97.19 W, 81 %, 10869 MiB
2026/10/03 00:36:50.663, 0, 53, 1189 MHz, 35.80 W, 93 %, 10837 MiB
2026/10/03 00:36:50.666, 1, 60, 1101 MHz, 85.56 W, 56 %, 10835 MiB
2026/10/03 00:36:50.669, 2, 58, 1189 MHz, 40.25 W, 51 %, 10869 MiB
2026/10/03 00:36:51.675, 0, 53, 1189 MHz, 54.58 W, 95 %, 10837 MiB
2026/10/03 00:36:51.680, 1, 60, 1189 MHz, 93.32 W, 48 %, 10835 MiB
2026/10/03 00:36:51.683, 2, 58, 1189 MHz, 50.05 W, 49 %, 10869 MiB
2026/10/03 00:36:52.686, 0, 53, 1227 MHz, 62.66 W, 98 %, 10837 MiB
2026/10/03 00:36:52.690, 1, 60, 1189 MHz, 48.64 W, 31 %, 10835 MiB
2026/10/03 00:36:52.693, 2, 58, 1189 MHz, 49.55 W, 32 %, 10869 MiB
2026/10/03 00:36:53.698, 0, 53, 1126 MHz, 63.99 W, 97 %, 10837 MiB
2026/10/03 00:36:53.704, 1, 60, 1215 MHz, 44.05 W, 60 %, 10835 MiB
2026/10/03 00:36:53.707, 2, 59, 1189 MHz, 58.21 W, 81 %, 10869 MiB
2026/10/03 00:36:54.716, 0, 53, 1126 MHz, 134.01 W, 97 %, 10837 MiB
2026/10/03 00:36:54.719, 1, 60, 1101 MHz, 123.69 W, 43 %, 10835 MiB
2026/10/03 00:36:54.730, 2, 59, 1088 MHz, 104.40 W, 42 %, 10869 MiB
2026/10/03 00:36:55.746, 0, 53, 1240 MHz, 106.36 W, 91 %, 10837 MiB
2026/10/03 00:36:55.749, 1, 60, 1265 MHz, 55.78 W, 42 %, 10835 MiB
2026/10/03 00:36:55.752, 2, 58, 1278 MHz, 59.27 W, 43 %, 10869 MiB
2026/10/03 00:36:56.765, 0, 53, 1202 MHz, 69.00 W, 82 %, 10837 MiB
2026/10/03 00:36:56.769, 1, 60, 1215 MHz, 45.03 W, 53 %, 10835 MiB
2026/10/03 00:36:56.772, 2, 58, 1202 MHz, 58.96 W, 49 %, 10869 MiB
2026/10/03 00:36:57.775, 0, 53, 1126 MHz, 64.28 W, 97 %, 10837 MiB
2026/10/03 00:36:57.782, 1, 60, 1303 MHz, 78.56 W, 49 %, 10835 MiB
2026/10/03 00:36:57.788, 2, 58, 1303 MHz, 43.91 W, 48 %, 10869 MiB
2026/10/03 00:36:58.791, 0, 53, 1303 MHz, 113.26 W, 94 %, 10837 MiB
2026/10/03 00:36:58.795, 1, 60, 1252 MHz, 144.64 W, 49 %, 10835 MiB
2026/10/03 00:36:58.798, 2, 58, 1240 MHz, 127.20 W, 47 %, 10869 MiB
2026/10/03 00:36:59.801, 0, 53, 1290 MHz, 98.82 W, 90 %, 10837 MiB
2026/10/03 00:36:59.804, 1, 60, 1290 MHz, 160.36 W, 42 %, 10835 MiB
2026/10/03 00:36:59.811, 2, 58, 1303 MHz, 149.15 W, 44 %, 10869 MiB
2026/10/03 00:37:00.814, 0, 53, 1189 MHz, 79.46 W, 51 %, 10837 MiB
2026/10/03 00:37:00.817, 1, 60, 1189 MHz, 73.46 W, 25 %, 10835 MiB
2026/10/03 00:37:00.820, 2, 58, 1227 MHz, 77.72 W, 68 %, 10869 MiB
2026/10/03 00:37:01.823, 0, 53, 1075 MHz, 122.71 W, 93 %, 10837 MiB
2026/10/03 00:37:01.836, 1, 60, 1189 MHz, 42.14 W, 54 %, 10835 MiB
2026/10/03 00:37:01.839, 2, 59, 1177 MHz, 58.92 W, 54 %, 10869 MiB
2026/10/03 00:37:02.842, 0, 53, 1252 MHz, 67.85 W, 87 %, 10837 MiB
2026/10/03 00:37:02.846, 1, 60, 1265 MHz, 46.93 W, 46 %, 10835 MiB
2026/10/03 00:37:02.854, 2, 58, 1189 MHz, 48.37 W, 53 %, 10869 MiB
2026/10/03 00:37:03.860, 0, 53, 1189 MHz, 125.76 W, 98 %, 10837 MiB
2026/10/03 00:37:03.863, 1, 60, 1151 MHz, 92.11 W, 21 %, 10835 MiB
2026/10/03 00:37:03.866, 2, 58, 1189 MHz, 130.27 W, 21 %, 10869 MiB
2026/10/03 00:37:04.869, 0, 53, 1189 MHz, 35.06 W, 98 %, 10837 MiB
2026/10/03 00:37:04.876, 1, 60, 1189 MHz, 36.73 W, 66 %, 10835 MiB
2026/10/03 00:37:04.879, 2, 59, 1088 MHz, 80.69 W, 67 %, 10869 MiB
2026/10/03 00:37:05.887, 0, 53, 1177 MHz, 100.73 W, 92 %, 10837 MiB
2026/10/03 00:37:05.890, 1, 60, 1227 MHz, 52.80 W, 48 %, 10835 MiB
2026/10/03 00:37:05.895, 2, 59, 1189 MHz, 55.41 W, 43 %, 10869 MiB
2026/10/03 00:37:06.906, 0, 53, 1189 MHz, 56.05 W, 63 %, 10837 MiB
2026/10/03 00:37:06.910, 1, 60, 1202 MHz, 79.36 W, 32 %, 10835 MiB
2026/10/03 00:37:06.917, 2, 59, 1189 MHz, 45.56 W, 46 %, 10869 MiB
2026/10/03 00:37:07.924, 0, 53, 1189 MHz, 54.55 W, 96 %, 10837 MiB
2026/10/03 00:37:07.930, 1, 60, 1189 MHz, 86.52 W, 79 %, 10835 MiB
2026/10/03 00:37:07.938, 2, 58, 1189 MHz, 46.74 W, 64 %, 10869 MiB
2026/10/03 00:37:08.941, 0, 53, 1126 MHz, 135.02 W, 94 %, 10837 MiB
2026/10/03 00:37:08.954, 1, 60, 1101 MHz, 67.16 W, 67 %, 10835 MiB
2026/10/03 00:37:08.967, 2, 59, 1075 MHz, 110.67 W, 41 %, 10869 MiB
2026/10/03 00:37:09.970, 0, 53, 1278 MHz, 55.36 W, 92 %, 10837 MiB
2026/10/03 00:37:09.974, 1, 60, 1316 MHz, 54.57 W, 46 %, 10835 MiB
2026/10/03 00:37:09.977, 2, 58, 1189 MHz, 51.20 W, 49 %, 10869 MiB
2026/10/03 00:37:10.980, 0, 53, 1303 MHz, 47.25 W, 72 %, 10837 MiB
2026/10/03 00:37:10.983, 1, 60, 1215 MHz, 156.95 W, 35 %, 10835 MiB
2026/10/03 00:37:10.990, 2, 58, 1189 MHz, 112.21 W, 43 %, 10869 MiB
2026/10/03 00:37:11.999, 0, 53, 1189 MHz, 36.95 W, 89 %, 10837 MiB
2026/10/03 00:37:12.005, 1, 60, 1088 MHz, 116.40 W, 81 %, 10835 MiB
2026/10/03 00:37:12.012, 2, 58, 1265 MHz, 42.76 W, 59 %, 10869 MiB
2026/10/03 00:37:13.017, 0, 53, 1278 MHz, 75.71 W, 94 %, 10837 MiB
2026/10/03 00:37:13.020, 1, 60, 1303 MHz, 158.82 W, 44 %, 10835 MiB
2026/10/03 00:37:13.023, 2, 58, 1227 MHz, 104.38 W, 41 %, 10869 MiB
2026/10/03 00:37:14.026, 0, 53, 1278 MHz, 59.34 W, 81 %, 10837 MiB
2026/10/03 00:37:14.030, 1, 60, 1189 MHz, 76.63 W, 58 %, 10835 MiB
2026/10/03 00:37:14.036, 2, 58, 1265 MHz, 50.52 W, 47 %, 10869 MiB
2026/10/03 00:37:15.041, 0, 54, 1101 MHz, 104.14 W, 97 %, 10837 MiB
2026/10/03 00:37:15.046, 1, 60, 1290 MHz, 40.99 W, 53 %, 10835 MiB
2026/10/03 00:37:15.049, 2, 58, 1265 MHz, 42.83 W, 52 %, 10869 MiB
2026/10/03 00:37:16.053, 0, 53, 1278 MHz, 60.48 W, 97 %, 10837 MiB
2026/10/03 00:37:16.056, 1, 60, 1189 MHz, 100.06 W, 47 %, 10835 MiB
2026/10/03 00:37:16.062, 2, 58, 1265 MHz, 50.26 W, 42 %, 10869 MiB
2026/10/03 00:37:17.068, 0, 53, 1303 MHz, 119.55 W, 95 %, 10837 MiB
2026/10/03 00:37:17.071, 1, 60, 1189 MHz, 47.86 W, 49 %, 10835 MiB
2026/10/03 00:37:17.077, 2, 59, 1240 MHz, 69.29 W, 49 %, 10869 MiB
2026/10/03 00:37:18.081, 0, 52, 1265 MHz, 145.65 W, 67 %, 10837 MiB
2026/10/03 00:37:18.089, 1, 60, 1126 MHz, 79.80 W, 49 %, 10835 MiB
2026/10/03 00:37:18.092, 2, 59, 1189 MHz, 134.22 W, 96 %, 10869 MiB
2026/10/03 00:37:19.096, 0, 53, 1265 MHz, 142.30 W, 94 %, 10837 MiB
2026/10/03 00:37:19.099, 1, 60, 1202 MHz, 136.74 W, 44 %, 10835 MiB
2026/10/03 00:37:19.108, 2, 58, 1164 MHz, 131.85 W, 43 %, 10869 MiB
2026/10/03 00:37:20.114, 0, 53, 1227 MHz, 72.50 W, 35 %, 10837 MiB
2026/10/03 00:37:20.122, 1, 60, 1189 MHz, 44.55 W, 20 %, 10835 MiB
2026/10/03 00:37:20.125, 2, 59, 1189 MHz, 52.15 W, 23 %, 10869 MiB
2026/10/03 00:37:21.133, 0, 53, 1278 MHz, 105.39 W, 92 %, 10837 MiB
2026/10/03 00:37:21.136, 1, 60, 1189 MHz, 133.73 W, 46 %, 10835 MiB
2026/10/03 00:37:21.139, 2, 58, 1316 MHz, 139.65 W, 48 %, 10869 MiB
2026/10/03 00:37:22.142, 0, 53, 1240 MHz, 88.61 W, 89 %, 10837 MiB
2026/10/03 00:37:22.146, 1, 60, 1202 MHz, 47.36 W, 45 %, 10835 MiB
2026/10/03 00:37:22.149, 2, 59, 1265 MHz, 58.33 W, 43 %, 10869 MiB
2026/10/03 00:37:23.155, 0, 53, 1189 MHz, 47.46 W, 91 %, 10837 MiB
2026/10/03 00:37:23.159, 1, 60, 1189 MHz, 81.40 W, 39 %, 10835 MiB
2026/10/03 00:37:23.162, 2, 58, 1189 MHz, 88.74 W, 43 %, 10869 MiB
2026/10/03 00:37:24.165, 0, 53, 1189 MHz, 137.45 W, 93 %, 10837 MiB
2026/10/03 00:37:24.169, 1, 60, 1189 MHz, 69.50 W, 44 %, 10835 MiB
2026/10/03 00:37:24.172, 2, 58, 1189 MHz, 119.19 W, 48 %, 10869 MiB
2026/10/03 00:37:25.175, 0, 53, 1202 MHz, 49.69 W, 93 %, 10837 MiB
2026/10/03 00:37:25.180, 1, 60, 1189 MHz, 73.71 W, 43 %, 10835 MiB
2026/10/03 00:37:25.185, 2, 58, 1189 MHz, 49.31 W, 41 %, 10869 MiB
2026/10/03 00:37:26.188, 0, 53, 1215 MHz, 89.78 W, 84 %, 10837 MiB
2026/10/03 00:37:26.192, 1, 60, 1189 MHz, 67.37 W, 43 %, 10835 MiB
2026/10/03 00:37:26.195, 2, 58, 1189 MHz, 97.61 W, 43 %, 10869 MiB
2026/10/03 00:37:27.198, 0, 53, 1177 MHz, 52.25 W, 91 %, 10837 MiB
2026/10/03 00:37:27.208, 1, 60, 1189 MHz, 115.90 W, 46 %, 10835 MiB
2026/10/03 00:37:27.218, 2, 58, 1189 MHz, 103.46 W, 50 %, 10869 MiB
2026/10/03 00:37:28.230, 0, 53, 1215 MHz, 152.16 W, 95 %, 10837 MiB
2026/10/03 00:37:28.233, 1, 60, 1189 MHz, 56.07 W, 50 %, 10835 MiB
2026/10/03 00:37:28.240, 2, 58, 1139 MHz, 91.20 W, 43 %, 10869 MiB
2026/10/03 00:37:29.243, 0, 53, 1278 MHz, 46.16 W, 90 %, 10837 MiB
2026/10/03 00:37:29.248, 1, 60, 1252 MHz, 83.22 W, 42 %, 10835 MiB
2026/10/03 00:37:29.251, 2, 58, 1189 MHz, 48.86 W, 43 %, 10869 MiB
2026/10/03 00:37:30.258, 0, 53, 1189 MHz, 86.84 W, 92 %, 10837 MiB
2026/10/03 00:37:30.262, 1, 60, 1240 MHz, 58.13 W, 52 %, 10835 MiB
2026/10/03 00:37:30.265, 2, 58, 1303 MHz, 80.22 W, 43 %, 10869 MiB
2026/10/03 00:37:31.272, 0, 53, 1265 MHz, 85.65 W, 94 %, 10837 MiB
2026/10/03 00:37:31.275, 1, 60, 1202 MHz, 48.10 W, 41 %, 10835 MiB
2026/10/03 00:37:31.279, 2, 58, 1164 MHz, 59.23 W, 51 %, 10869 MiB
2026/10/03 00:37:32.286, 0, 53, 1278 MHz, 132.44 W, 91 %, 10837 MiB
2026/10/03 00:37:32.294, 1, 60, 1151 MHz, 89.74 W, 42 %, 10835 MiB
2026/10/03 00:37:32.297, 2, 58, 1290 MHz, 151.54 W, 42 %, 10869 MiB
2026/10/03 00:37:33.300, 0, 53, 1252 MHz, 50.83 W, 92 %, 10837 MiB
2026/10/03 00:37:33.303, 1, 60, 1227 MHz, 115.45 W, 42 %, 10835 MiB
2026/10/03 00:37:33.311, 2, 58, 1278 MHz, 72.29 W, 43 %, 10869 MiB
2026/10/03 00:37:34.316, 0, 53, 1189 MHz, 74.56 W, 93 %, 10837 MiB
2026/10/03 00:37:34.320, 1, 60, 1215 MHz, 67.13 W, 50 %, 10835 MiB
2026/10/03 00:37:34.323, 2, 58, 1252 MHz, 59.94 W, 48 %, 10869 MiB
2026/10/03 00:37:35.331, 0, 53, 1252 MHz, 54.34 W, 87 %, 10837 MiB
2026/10/03 00:37:35.338, 1, 60, 1189 MHz, 89.57 W, 43 %, 10835 MiB
2026/10/03 00:37:35.341, 2, 59, 1189 MHz, 48.16 W, 43 %, 10869 MiB
2026/10/03 00:37:36.346, 0, 53, 1189 MHz, 127.87 W, 94 %, 10837 MiB
2026/10/03 00:37:36.349, 1, 60, 1177 MHz, 83.00 W, 53 %, 10835 MiB
2026/10/03 00:37:36.352, 2, 58, 1252 MHz, 137.17 W, 43 %, 10869 MiB
2026/10/03 00:37:37.362, 0, 53, 1189 MHz, 93.44 W, 94 %, 10837 MiB
2026/10/03 00:37:37.368, 1, 60, 1215 MHz, 44.31 W, 35 %, 10835 MiB
2026/10/03 00:37:37.371, 2, 58, 1240 MHz, 68.12 W, 45 %, 10869 MiB
2026/10/03 00:37:38.377, 0, 53, 1189 MHz, 49.68 W, 87 %, 10837 MiB
2026/10/03 00:37:38.383, 1, 60, 1189 MHz, 101.42 W, 43 %, 10835 MiB
2026/10/03 00:37:38.386, 2, 59, 1265 MHz, 70.13 W, 45 %, 10869 MiB
2026/10/03 00:37:39.391, 0, 53, 1202 MHz, 146.45 W, 94 %, 10837 MiB
2026/10/03 00:37:39.394, 1, 60, 1126 MHz, 59.77 W, 47 %, 10835 MiB
2026/10/03 00:37:39.398, 2, 59, 1227 MHz, 97.13 W, 46 %, 10869 MiB
2026/10/03 00:37:40.403, 0, 53, 1265 MHz, 58.40 W, 94 %, 10837 MiB
2026/10/03 00:37:40.413, 1, 60, 1189 MHz, 79.07 W, 44 %, 10835 MiB
2026/10/03 00:37:40.416, 2, 58, 1215 MHz, 52.14 W, 43 %, 10869 MiB
2026/10/03 00:37:41.419, 0, 53, 1189 MHz, 51.06 W, 92 %, 10837 MiB
2026/10/03 00:37:41.422, 1, 60, 1265 MHz, 107.66 W, 47 %, 10835 MiB
2026/10/03 00:37:41.428, 2, 59, 1215 MHz, 51.17 W, 43 %, 10869 MiB
2026/10/03 00:37:42.433, 0, 53, 1240 MHz, 111.62 W, 83 %, 10837 MiB
2026/10/03 00:37:42.451, 1, 60, 1189 MHz, 44.08 W, 47 %, 10835 MiB
2026/10/03 00:37:42.454, 2, 59, 1189 MHz, 53.32 W, 56 %, 10869 MiB
2026/10/03 00:37:43.462, 0, 53, 1316 MHz, 46.10 W, 91 %, 10837 MiB
2026/10/03 00:37:43.472, 1, 60, 1303 MHz, 134.29 W, 44 %, 10835 MiB
2026/10/03 00:37:43.477, 2, 58, 1189 MHz, 77.61 W, 45 %, 10869 MiB
2026/10/03 00:37:44.481, 0, 53, 1290 MHz, 48.94 W, 90 %, 10837 MiB
2026/10/03 00:37:44.485, 1, 60, 1252 MHz, 121.90 W, 44 %, 10835 MiB
2026/10/03 00:37:44.491, 2, 58, 1189 MHz, 77.69 W, 52 %, 10869 MiB
2026/10/03 00:37:45.497, 0, 53, 1290 MHz, 159.04 W, 94 %, 10837 MiB
2026/10/03 00:37:45.500, 1, 60, 1215 MHz, 61.23 W, 43 %, 10835 MiB
2026/10/03 00:37:45.507, 2, 59, 1139 MHz, 75.13 W, 46 %, 10869 MiB
2026/10/03 00:37:46.515, 0, 53, 1252 MHz, 83.75 W, 91 %, 10837 MiB
2026/10/03 00:37:46.519, 1, 60, 1202 MHz, 66.66 W, 44 %, 10835 MiB
2026/10/03 00:37:46.526, 2, 58, 1278 MHz, 57.34 W, 44 %, 10869 MiB
2026/10/03 00:37:47.531, 0, 53, 1202 MHz, 76.22 W, 95 %, 10837 MiB
2026/10/03 00:37:47.534, 1, 60, 1189 MHz, 45.03 W, 38 %, 10835 MiB
2026/10/03 00:37:47.539, 2, 58, 1113 MHz, 58.01 W, 50 %, 10869 MiB
2026/10/03 00:37:48.548, 0, 53, 1252 MHz, 78.01 W, 81 %, 10837 MiB
2026/10/03 00:37:48.556, 1, 60, 1189 MHz, 127.87 W, 39 %, 10835 MiB
2026/10/03 00:37:48.568, 2, 59, 1252 MHz, 150.48 W, 54 %, 10869 MiB
2026/10/03 00:37:49.571, 0, 53, 1189 MHz, 51.98 W, 93 %, 10837 MiB
2026/10/03 00:37:49.575, 1, 60, 1189 MHz, 92.79 W, 50 %, 10835 MiB
2026/10/03 00:37:49.578, 2, 58, 1265 MHz, 49.78 W, 45 %, 10869 MiB
2026/10/03 00:37:50.583, 0, 53, 1202 MHz, 69.70 W, 91 %, 10837 MiB
2026/10/03 00:37:50.586, 1, 60, 1189 MHz, 65.12 W, 44 %, 10835 MiB
2026/10/03 00:37:50.591, 2, 59, 1189 MHz, 51.71 W, 43 %, 10869 MiB
2026/10/03 00:37:51.598, 0, 53, 1278 MHz, 48.91 W, 93 %, 10837 MiB
2026/10/03 00:37:51.604, 1, 60, 1215 MHz, 142.63 W, 45 %, 10835 MiB
2026/10/03 00:37:51.614, 2, 59, 1240 MHz, 133.16 W, 45 %, 10869 MiB
2026/10/03 00:37:52.618, 0, 53, 1189 MHz, 47.78 W, 93 %, 10837 MiB
2026/10/03 00:37:52.621, 1, 60, 1189 MHz, 116.15 W, 42 %, 10835 MiB
2026/10/03 00:37:52.624, 2, 59, 1189 MHz, 61.84 W, 41 %, 10869 MiB
2026/10/03 00:37:53.630, 0, 54, 1189 MHz, 64.42 W, 92 %, 10837 MiB
2026/10/03 00:37:53.633, 1, 60, 1240 MHz, 113.40 W, 45 %, 10835 MiB
2026/10/03 00:37:53.640, 2, 58, 1189 MHz, 42.99 W, 47 %, 10869 MiB
2026/10/03 00:37:54.643, 0, 53, 1189 MHz, 42.37 W, 97 %, 10837 MiB
2026/10/03 00:37:54.646, 1, 60, 1189 MHz, 95.82 W, 48 %, 10835 MiB
2026/10/03 00:37:54.649, 2, 59, 1202 MHz, 76.70 W, 53 %, 10869 MiB
2026/10/03 00:37:55.652, 0, 53, 1202 MHz, 101.48 W, 92 %, 10837 MiB
2026/10/03 00:37:55.657, 1, 60, 1189 MHz, 117.20 W, 56 %, 10835 MiB
2026/10/03 00:37:55.665, 2, 58, 1189 MHz, 128.41 W, 52 %, 10869 MiB
2026/10/03 00:37:56.668, 0, 53, 1189 MHz, 76.90 W, 95 %, 10837 MiB
2026/10/03 00:37:56.671, 1, 60, 1189 MHz, 73.69 W, 39 %, 10835 MiB
2026/10/03 00:37:56.674, 2, 58, 1189 MHz, 90.13 W, 46 %, 10869 MiB
2026/10/03 00:37:57.677, 0, 53, 1227 MHz, 158.48 W, 73 %, 10837 MiB
2026/10/03 00:37:57.681, 1, 60, 1189 MHz, 64.63 W, 42 %, 10835 MiB
2026/10/03 00:37:57.686, 2, 58, 1151 MHz, 101.92 W, 56 %, 10869 MiB
2026/10/03 00:37:58.693, 0, 53, 1189 MHz, 70.37 W, 90 %, 10837 MiB
2026/10/03 00:37:58.700, 1, 60, 1189 MHz, 76.98 W, 49 %, 10835 MiB
2026/10/03 00:37:58.705, 2, 58, 1215 MHz, 88.60 W, 43 %, 10869 MiB
2026/10/03 00:37:59.714, 0, 53, 1265 MHz, 156.82 W, 96 %, 10837 MiB
2026/10/03 00:37:59.727, 1, 60, 1189 MHz, 56.75 W, 49 %, 10835 MiB
2026/10/03 00:37:59.730, 2, 59, 1189 MHz, 83.50 W, 43 %, 10869 MiB
2026/10/03 00:38:00.735, 0, 53, 1240 MHz, 65.63 W, 97 %, 10837 MiB
2026/10/03 00:38:00.743, 1, 60, 1240 MHz, 43.53 W, 49 %, 10835 MiB
2026/10/03 00:38:00.748, 2, 59, 1139 MHz, 91.16 W, 43 %, 10869 MiB
2026/10/03 00:38:01.756, 0, 53, 1265 MHz, 154.40 W, 92 %, 10837 MiB
2026/10/03 00:38:01.770, 1, 60, 1189 MHz, 56.54 W, 59 %, 10835 MiB
2026/10/03 00:38:01.773, 2, 59, 1227 MHz, 93.02 W, 49 %, 10869 MiB
2026/10/03 00:38:02.778, 0, 53, 1252 MHz, 104.37 W, 97 %, 10837 MiB
2026/10/03 00:38:02.784, 1, 60, 1189 MHz, 56.20 W, 46 %, 10835 MiB
2026/10/03 00:38:02.787, 2, 58, 1189 MHz, 108.65 W, 35 %, 10869 MiB
2026/10/03 00:38:03.790, 0, 53, 1278 MHz, 141.83 W, 82 %, 10837 MiB
2026/10/03 00:38:03.793, 1, 60, 1215 MHz, 83.74 W, 43 %, 10835 MiB
2026/10/03 00:38:03.800, 2, 58, 1189 MHz, 143.38 W, 45 %, 10869 MiB
2026/10/03 00:38:04.806, 0, 53, 1303 MHz, 64.31 W, 95 %, 10837 MiB
2026/10/03 00:38:04.811, 1, 60, 1215 MHz, 69.29 W, 52 %, 10835 MiB
2026/10/03 00:38:04.816, 2, 59, 1227 MHz, 49.31 W, 45 %, 10869 MiB
2026/10/03 00:38:05.823, 0, 53, 1265 MHz, 143.00 W, 86 %, 10837 MiB
2026/10/03 00:38:05.826, 1, 60, 1126 MHz, 82.56 W, 42 %, 10835 MiB
2026/10/03 00:38:05.829, 2, 58, 1290 MHz, 161.93 W, 44 %, 10869 MiB
2026/10/03 00:38:06.832, 0, 53, 1189 MHz, 95.30 W, 89 %, 10837 MiB
2026/10/03 00:38:06.835, 1, 60, 1227 MHz, 63.52 W, 41 %, 10835 MiB
2026/10/03 00:38:06.843, 2, 59, 1189 MHz, 83.20 W, 46 %, 10869 MiB
2026/10/03 00:38:07.846, 0, 53, 1189 MHz, 45.66 W, 90 %, 10837 MiB
2026/10/03 00:38:07.854, 1, 60, 1215 MHz, 135.59 W, 47 %, 10835 MiB
2026/10/03 00:38:07.857, 2, 58, 1252 MHz, 93.09 W, 51 %, 10869 MiB
2026/10/03 00:38:08.864, 0, 53, 1215 MHz, 67.31 W, 91 %, 10837 MiB
2026/10/03 00:38:08.867, 1, 60, 1189 MHz, 80.48 W, 38 %, 10835 MiB
2026/10/03 00:38:08.872, 2, 59, 1189 MHz, 53.79 W, 43 %, 10869 MiB
2026/10/03 00:38:09.876, 0, 53, 1202 MHz, 65.39 W, 98 %, 10837 MiB
2026/10/03 00:38:09.880, 1, 60, 1189 MHz, 42.85 W, 45 %, 10835 MiB
2026/10/03 00:38:09.883, 2, 59, 1164 MHz, 101.25 W, 42 %, 10869 MiB
2026/10/03 00:38:10.895, 0, 53, 1215 MHz, 130.82 W, 93 %, 10837 MiB
2026/10/03 00:38:10.904, 1, 60, 1151 MHz, 77.92 W, 49 %, 10835 MiB
2026/10/03 00:38:10.915, 2, 58, 1177 MHz, 114.65 W, 48 %, 10869 MiB
2026/10/03 00:38:11.918, 0, 53, 1189 MHz, 44.95 W, 91 %, 10837 MiB
2026/10/03 00:38:11.926, 1, 60, 1189 MHz, 81.59 W, 46 %, 10835 MiB
2026/10/03 00:38:11.931, 2, 58, 1189 MHz, 87.73 W, 44 %, 10869 MiB
2026/10/03 00:38:12.934, 0, 53, 1202 MHz, 58.70 W, 79 %, 10837 MiB
2026/10/03 00:38:12.938, 1, 60, 1189 MHz, 129.88 W, 41 %, 10835 MiB
2026/10/03 00:38:12.941, 2, 58, 1189 MHz, 97.24 W, 53 %, 10869 MiB
2026/10/03 00:38:13.944, 0, 53, 1189 MHz, 137.67 W, 93 %, 10837 MiB
2026/10/03 00:38:13.953, 1, 60, 1139 MHz, 53.00 W, 49 %, 10835 MiB
2026/10/03 00:38:13.961, 2, 59, 1126 MHz, 83.21 W, 43 %, 10869 MiB
2026/10/03 00:38:14.965, 0, 53, 1240 MHz, 54.27 W, 87 %, 10837 MiB
2026/10/03 00:38:14.971, 1, 60, 1215 MHz, 72.32 W, 42 %, 10835 MiB
2026/10/03 00:38:14.978, 2, 58, 1189 MHz, 99.78 W, 58 %, 10869 MiB
2026/10/03 00:38:15.982, 0, 53, 1303 MHz, 46.83 W, 90 %, 10837 MiB
2026/10/03 00:38:15.985, 1, 60, 1290 MHz, 143.70 W, 42 %, 10835 MiB
2026/10/03 00:38:15.988, 2, 59, 1189 MHz, 71.85 W, 43 %, 10869 MiB
2026/10/03 00:38:16.993, 0, 53, 1316 MHz, 165.68 W, 92 %, 10837 MiB
2026/10/03 00:38:17.005, 1, 60, 1189 MHz, 51.14 W, 42 %, 10835 MiB
2026/10/03 00:38:17.011, 2, 59, 1139 MHz, 79.79 W, 46 %, 10869 MiB
2026/10/03 00:38:18.014, 0, 53, 1189 MHz, 81.43 W, 95 %, 10837 MiB
2026/10/03 00:38:18.023, 1, 60, 1189 MHz, 69.49 W, 50 %, 10835 MiB
2026/10/03 00:38:18.026, 2, 59, 1252 MHz, 113.36 W, 48 %, 10869 MiB
2026/10/03 00:38:19.029, 0, 53, 1278 MHz, 64.28 W, 91 %, 10837 MiB
2026/10/03 00:38:19.033, 1, 60, 1278 MHz, 149.72 W, 44 %, 10835 MiB
2026/10/03 00:38:19.036, 2, 58, 1290 MHz, 111.20 W, 42 %, 10869 MiB
2026/10/03 00:38:20.039, 0, 53, 1265 MHz, 94.38 W, 95 %, 10837 MiB
2026/10/03 00:38:20.050, 1, 60, 1189 MHz, 45.73 W, 42 %, 10835 MiB
2026/10/03 00:38:20.053, 2, 59, 1227 MHz, 66.23 W, 43 %, 10869 MiB
2026/10/03 00:38:21.056, 0, 53, 1240 MHz, 137.27 W, 96 %, 10837 MiB
2026/10/03 00:38:21.059, 1, 60, 1164 MHz, 71.85 W, 49 %, 10835 MiB
2026/10/03 00:38:21.062, 2, 59, 1265 MHz, 153.15 W, 47 %, 10869 MiB
2026/10/03 00:38:22.065, 0, 53, 1202 MHz, 73.80 W, 95 %, 10837 MiB
2026/10/03 00:38:22.069, 1, 60, 1101 MHz, 102.55 W, 49 %, 10835 MiB
2026/10/03 00:38:22.074, 2, 59, 1189 MHz, 54.58 W, 43 %, 10869 MiB
2026/10/03 00:38:23.081, 0, 54, 1088 MHz, 67.11 W, 94 %, 10837 MiB
2026/10/03 00:38:23.084, 1, 60, 1278 MHz, 59.50 W, 46 %, 10835 MiB
2026/10/03 00:38:23.087, 2, 59, 1202 MHz, 42.52 W, 42 %, 10869 MiB
2026/10/03 00:38:24.099, 0, 53, 1240 MHz, 134.55 W, 94 %, 10837 MiB
2026/10/03 00:38:24.103, 1, 60, 1151 MHz, 92.77 W, 49 %, 10835 MiB
2026/10/03 00:38:24.106, 2, 59, 1189 MHz, 131.50 W, 56 %, 10869 MiB
2026/10/03 00:38:25.109, 0, 53, 1126 MHz, 59.62 W, 94 %, 10837 MiB
2026/10/03 00:38:25.112, 1, 60, 1189 MHz, 78.61 W, 51 %, 10835 MiB
2026/10/03 00:38:25.119, 2, 59, 1202 MHz, 48.16 W, 49 %, 10869 MiB
2026/10/03 00:38:26.127, 0, 53, 1189 MHz, 56.16 W, 96 %, 10837 MiB
2026/10/03 00:38:26.130, 1, 60, 1189 MHz, 81.40 W, 49 %, 10835 MiB
2026/10/03 00:38:26.133, 2, 59, 1189 MHz, 89.31 W, 37 %, 10869 MiB
2026/10/03 00:38:27.136, 0, 53, 1240 MHz, 54.69 W, 76 %, 10837 MiB
2026/10/03 00:38:27.144, 1, 60, 1189 MHz, 49.67 W, 39 %, 10835 MiB
2026/10/03 00:38:27.148, 2, 59, 1202 MHz, 52.38 W, 60 %, 10869 MiB
2026/10/03 00:38:28.151, 0, 53, 1189 MHz, 126.23 W, 91 %, 10837 MiB
2026/10/03 00:38:28.151, 1, 60, 1113 MHz, 69.74 W, 68 %, 10835 MiB
2026/10/03 00:38:28.154, 2, 59, 1189 MHz, 134.78 W, 51 %, 10869 MiB
2026/10/03 00:38:29.158, 0, 53, 1189 MHz, 130.29 W, 77 %, 10837 MiB
2026/10/03 00:38:29.161, 1, 60, 1139 MHz, 55.59 W, 45 %, 10835 MiB
2026/10/03 00:38:29.171, 2, 59, 1189 MHz, 71.42 W, 58 %, 10869 MiB
2026/10/03 00:38:30.176, 0, 53, 1189 MHz, 44.47 W, 86 %, 10837 MiB
2026/10/03 00:38:30.180, 1, 60, 1189 MHz, 81.20 W, 66 %, 10835 MiB
2026/10/03 00:38:30.180, 2, 59, 1189 MHz, 47.05 W, 42 %, 10869 MiB
2026/10/03 00:38:31.183, 0, 53, 1189 MHz, 43.08 W, 96 %, 10837 MiB
2026/10/03 00:38:31.187, 1, 60, 1189 MHz, 70.43 W, 40 %, 10835 MiB
2026/10/03 00:38:31.195, 2, 59, 1189 MHz, 100.91 W, 40 %, 10869 MiB
2026/10/03 00:38:32.201, 0, 53, 1215 MHz, 75.28 W, 76 %, 10837 MiB
2026/10/03 00:38:32.204, 1, 60, 1240 MHz, 44.31 W, 41 %, 10835 MiB
2026/10/03 00:38:32.224, 2, 59, 1189 MHz, 46.74 W, 62 %, 10869 MiB
2026/10/03 00:38:33.227, 0, 53, 1316 MHz, 149.11 W, 92 %, 10837 MiB
2026/10/03 00:38:33.237, 1, 60, 1240 MHz, 81.16 W, 43 %, 10835 MiB
2026/10/03 00:38:33.244, 2, 58, 1164 MHz, 127.44 W, 48 %, 10869 MiB
2026/10/03 00:38:34.247, 0, 53, 1303 MHz, 152.94 W, 90 %, 10837 MiB
2026/10/03 00:38:34.250, 1, 60, 1252 MHz, 61.88 W, 42 %, 10835 MiB
2026/10/03 00:38:34.253, 2, 58, 1189 MHz, 106.07 W, 38 %, 10869 MiB
2026/10/03 00:38:35.256, 0, 53, 1202 MHz, 64.32 W, 91 %, 10837 MiB
2026/10/03 00:38:35.260, 1, 60, 1189 MHz, 87.97 W, 50 %, 10835 MiB
2026/10/03 00:38:35.269, 2, 59, 1189 MHz, 48.63 W, 48 %, 10869 MiB
2026/10/03 00:38:36.272, 0, 53, 1189 MHz, 69.94 W, 92 %, 10837 MiB
2026/10/03 00:38:36.280, 1, 60, 1227 MHz, 47.63 W, 49 %, 10835 MiB
2026/10/03 00:38:36.285, 2, 59, 1290 MHz, 57.07 W, 46 %, 10869 MiB
2026/10/03 00:38:37.288, 0, 53, 1189 MHz, 89.26 W, 95 %, 10837 MiB
2026/10/03 00:38:37.292, 1, 60, 1189 MHz, 51.85 W, 48 %, 10835 MiB
2026/10/03 00:38:37.295, 2, 59, 1290 MHz, 76.79 W, 43 %, 10869 MiB
2026/10/03 00:38:38.298, 0, 53, 1240 MHz, 64.55 W, 89 %, 10837 MiB
2026/10/03 00:38:38.301, 1, 60, 1290 MHz, 48.34 W, 44 %, 10835 MiB
2026/10/03 00:38:38.304, 2, 59, 1290 MHz, 55.17 W, 43 %, 10869 MiB
2026/10/03 00:38:39.312, 0, 53, 1215 MHz, 86.73 W, 93 %, 10837 MiB
2026/10/03 00:38:39.316, 1, 60, 1227 MHz, 49.53 W, 49 %, 10835 MiB
2026/10/03 00:38:39.319, 2, 59, 1240 MHz, 55.50 W, 51 %, 10869 MiB
2026/10/03 00:38:40.326, 0, 53, 1240 MHz, 56.55 W, 94 %, 10837 MiB
2026/10/03 00:38:40.330, 1, 60, 1215 MHz, 79.32 W, 48 %, 10835 MiB
2026/10/03 00:38:40.335, 2, 59, 1202 MHz, 48.63 W, 50 %, 10869 MiB
2026/10/03 00:38:41.338, 0, 53, 1189 MHz, 45.18 W, 91 %, 10837 MiB
2026/10/03 00:38:41.341, 1, 60, 1189 MHz, 118.19 W, 45 %, 10835 MiB
2026/10/03 00:38:41.344, 2, 58, 1202 MHz, 73.42 W, 50 %, 10869 MiB
2026/10/03 00:38:42.349, 0, 53, 1215 MHz, 48.97 W, 92 %, 10837 MiB
2026/10/03 00:38:42.357, 1, 60, 1189 MHz, 103.94 W, 48 %, 10835 MiB
2026/10/03 00:38:42.360, 2, 59, 1252 MHz, 56.48 W, 50 %, 10869 MiB
2026/10/03 00:38:43.368, 0, 53, 1189 MHz, 74.12 W, 95 %, 10837 MiB
2026/10/03 00:38:43.371, 1, 60, 1202 MHz, 141.40 W, 49 %, 10835 MiB
2026/10/03 00:38:43.382, 2, 59, 1252 MHz, 145.32 W, 49 %, 10869 MiB
2026/10/03 00:38:44.394, 0, 53, 1177 MHz, 58.12 W, 92 %, 10837 MiB
2026/10/03 00:38:44.398, 1, 60, 1189 MHz, 92.85 W, 45 %, 10835 MiB
2026/10/03 00:38:44.403, 2, 59, 1202 MHz, 51.81 W, 49 %, 10869 MiB
2026/10/03 00:38:45.411, 0, 53, 1139 MHz, 87.44 W, 94 %, 10837 MiB
2026/10/03 00:38:45.414, 1, 60, 1189 MHz, 49.99 W, 50 %, 10835 MiB
2026/10/03 00:38:45.418, 2, 59, 1113 MHz, 68.82 W, 48 %, 10869 MiB
2026/10/03 00:38:46.421, 0, 54, 1177 MHz, 71.83 W, 94 %, 10837 MiB
2026/10/03 00:38:46.433, 1, 60, 1189 MHz, 80.48 W, 48 %, 10835 MiB
2026/10/03 00:38:46.436, 2, 59, 1189 MHz, 50.76 W, 51 %, 10869 MiB
2026/10/03 00:38:47.439, 0, 53, 1189 MHz, 114.23 W, 90 %, 10837 MiB
2026/10/03 00:38:47.443, 1, 60, 1177 MHz, 50.40 W, 50 %, 10835 MiB
2026/10/03 00:38:47.459, 2, 59, 1189 MHz, 56.79 W, 43 %, 10869 MiB
2026/10/03 00:38:48.462, 0, 54, 1189 MHz, 64.55 W, 89 %, 10837 MiB
2026/10/03 00:38:48.466, 1, 60, 1227 MHz, 56.44 W, 49 %, 10835 MiB
2026/10/03 00:38:48.469, 2, 59, 1189 MHz, 55.41 W, 43 %, 10869 MiB
2026/10/03 00:38:49.472, 0, 53, 1189 MHz, 48.73 W, 96 %, 10837 MiB
2026/10/03 00:38:49.482, 1, 60, 1227 MHz, 126.18 W, 47 %, 10835 MiB
2026/10/03 00:38:49.485, 2, 58, 1290 MHz, 101.56 W, 43 %, 10869 MiB
2026/10/03 00:38:50.492, 0, 53, 1215 MHz, 50.80 W, 94 %, 10837 MiB
2026/10/03 00:38:50.502, 1, 60, 1189 MHz, 115.50 W, 48 %, 10835 MiB
2026/10/03 00:38:50.505, 2, 59, 1265 MHz, 50.92 W, 48 %, 10869 MiB
2026/10/03 00:38:51.508, 0, 53, 1189 MHz, 42.85 W, 93 %, 10837 MiB
2026/10/03 00:38:51.512, 1, 60, 1189 MHz, 115.57 W, 49 %, 10835 MiB
2026/10/03 00:38:51.515, 2, 59, 1189 MHz, 77.16 W, 48 %, 10869 MiB
2026/10/03 00:38:52.518, 0, 53, 1252 MHz, 148.13 W, 92 %, 10837 MiB
2026/10/03 00:38:52.529, 1, 60, 1151 MHz, 74.63 W, 50 %, 10835 MiB
2026/10/03 00:38:52.532, 2, 59, 1164 MHz, 140.42 W, 47 %, 10869 MiB
2026/10/03 00:38:53.535, 0, 53, 1189 MHz, 44.27 W, 94 %, 10837 MiB
2026/10/03 00:38:53.539, 1, 60, 1189 MHz, 124.74 W, 48 %, 10835 MiB
2026/10/03 00:38:53.548, 2, 59, 1189 MHz, 106.21 W, 45 %, 10869 MiB
2026/10/03 00:38:54.552, 0, 54, 1202 MHz, 49.44 W, 92 %, 10837 MiB
2026/10/03 00:38:54.556, 1, 60, 1189 MHz, 113.24 W, 40 %, 10835 MiB
2026/10/03 00:38:54.559, 2, 59, 1202 MHz, 63.96 W, 44 %, 10869 MiB
2026/10/03 00:38:55.562, 0, 54, 1189 MHz, 95.14 W, 96 %, 10837 MiB
2026/10/03 00:38:55.566, 1, 60, 1252 MHz, 50.71 W, 43 %, 10835 MiB
2026/10/03 00:38:55.571, 2, 59, 1189 MHz, 56.36 W, 42 %, 10869 MiB
2026/10/03 00:38:56.581, 0, 54, 1189 MHz, 126.59 W, 91 %, 10837 MiB
2026/10/03 00:38:56.584, 1, 60, 1177 MHz, 53.28 W, 41 %, 10835 MiB
2026/10/03 00:38:56.593, 2, 59, 1202 MHz, 63.67 W, 43 %, 10869 MiB
2026/10/03 00:38:57.599, 0, 54, 1278 MHz, 86.31 W, 93 %, 10837 MiB
2026/10/03 00:38:57.602, 1, 60, 1189 MHz, 47.40 W, 44 %, 10835 MiB
2026/10/03 00:38:57.605, 2, 59, 1164 MHz, 65.56 W, 43 %, 10869 MiB
2026/10/03 00:38:58.609, 0, 53, 1189 MHz, 98.44 W, 92 %, 10837 MiB
2026/10/03 00:38:58.612, 1, 60, 1189 MHz, 98.15 W, 48 %, 10835 MiB
2026/10/03 00:38:58.621, 2, 59, 1189 MHz, 130.73 W, 50 %, 10869 MiB
2026/10/03 00:38:59.625, 0, 53, 1240 MHz, 89.59 W, 96 %, 10837 MiB
2026/10/03 00:38:59.628, 1, 60, 1189 MHz, 129.61 W, 46 %, 10835 MiB
2026/10/03 00:38:59.641, 2, 59, 1189 MHz, 129.62 W, 43 %, 10869 MiB
2026/10/03 00:39:00.644, 0, 54, 1202 MHz, 109.52 W, 94 %, 10837 MiB
2026/10/03 00:39:00.653, 1, 60, 1189 MHz, 48.81 W, 48 %, 10835 MiB
2026/10/03 00:39:00.663, 2, 59, 1189 MHz, 52.62 W, 47 %, 10869 MiB
2026/10/03 00:39:01.671, 0, 53, 1240 MHz, 110.94 W, 92 %, 10837 MiB
2026/10/03 00:39:01.674, 1, 60, 1189 MHz, 97.51 W, 42 %, 10835 MiB
2026/10/03 00:39:01.688, 2, 59, 1189 MHz, 136.37 W, 43 %, 10869 MiB
2026/10/03 00:39:02.692, 0, 53, 1189 MHz, 45.36 W, 90 %, 10837 MiB
2026/10/03 00:39:02.695, 1, 60, 1316 MHz, 96.45 W, 45 %, 10835 MiB
2026/10/03 00:39:02.713, 2, 59, 1290 MHz, 112.70 W, 43 %, 10869 MiB
2026/10/03 00:39:03.729, 0, 53, 1278 MHz, 51.94 W, 95 %, 10837 MiB
2026/10/03 00:39:03.733, 1, 60, 1278 MHz, 126.67 W, 43 %, 10835 MiB
2026/10/03 00:39:03.736, 2, 59, 1252 MHz, 46.26 W, 42 %, 10869 MiB
2026/10/03 00:39:04.739, 0, 53, 1303 MHz, 93.44 W, 91 %, 10837 MiB
2026/10/03 00:39:04.742, 1, 60, 1227 MHz, 51.85 W, 40 %, 10835 MiB
2026/10/03 00:39:04.748, 2, 59, 1215 MHz, 64.19 W, 43 %, 10869 MiB
2026/10/03 00:39:05.751, 0, 53, 1189 MHz, 83.48 W, 92 %, 10837 MiB
2026/10/03 00:39:05.758, 1, 60, 1240 MHz, 75.80 W, 48 %, 10835 MiB
2026/10/03 00:39:05.761, 2, 59, 1189 MHz, 96.52 W, 50 %, 10869 MiB
2026/10/03 00:39:06.765, 0, 54, 1151 MHz, 96.56 W, 91 %, 10837 MiB
2026/10/03 00:39:06.769, 1, 60, 1189 MHz, 48.31 W, 42 %, 10835 MiB
2026/10/03 00:39:06.772, 2, 59, 1189 MHz, 70.47 W, 43 %, 10869 MiB
2026/10/03 00:39:07.777, 0, 53, 1316 MHz, 168.65 W, 91 %, 10837 MiB
2026/10/03 00:39:07.787, 1, 60, 1126 MHz, 57.72 W, 43 %, 10835 MiB
2026/10/03 00:39:07.795, 2, 59, 1278 MHz, 84.62 W, 44 %, 10869 MiB
2026/10/03 00:39:08.798, 0, 54, 1290 MHz, 106.54 W, 92 %, 10837 MiB
2026/10/03 00:39:08.810, 1, 60, 1202 MHz, 46.45 W, 43 %, 10835 MiB
2026/10/03 00:39:08.819, 2, 59, 1189 MHz, 58.23 W, 44 %, 10869 MiB
2026/10/03 00:39:09.822, 0, 53, 1290 MHz, 47.07 W, 86 %, 10837 MiB
2026/10/03 00:39:09.828, 1, 60, 1189 MHz, 128.18 W, 48 %, 10835 MiB
2026/10/03 00:39:09.831, 2, 59, 1189 MHz, 98.86 W, 52 %, 10869 MiB
2026/10/03 00:39:10.838, 0, 53, 1202 MHz, 61.24 W, 89 %, 10837 MiB
2026/10/03 00:39:10.842, 1, 60, 1189 MHz, 40.79 W, 57 %, 10835 MiB
2026/10/03 00:39:10.845, 2, 59, 1189 MHz, 55.22 W, 36 %, 10869 MiB
2026/10/03 00:39:11.849, 0, 54, 1139 MHz, 58.68 W, 97 %, 10837 MiB
2026/10/03 00:39:11.860, 1, 60, 1189 MHz, 80.50 W, 39 %, 10835 MiB
2026/10/03 00:39:11.863, 2, 59, 1189 MHz, 48.16 W, 38 %, 10869 MiB
2026/10/03 00:39:12.866, 0, 53, 1189 MHz, 129.93 W, 68 %, 10837 MiB
2026/10/03 00:39:12.869, 1, 60, 1202 MHz, 57.48 W, 44 %, 10835 MiB
2026/10/03 00:39:12.872, 2, 59, 1164 MHz, 98.78 W, 71 %, 10869 MiB
2026/10/03 00:39:13.876, 0, 53, 1202 MHz, 77.35 W, 81 %, 10837 MiB
2026/10/03 00:39:13.881, 1, 60, 1189 MHz, 131.02 W, 75 %, 10835 MiB
2026/10/03 00:39:13.893, 2, 59, 1189 MHz, 126.38 W, 49 %, 10869 MiB
2026/10/03 00:39:14.896, 0, 54, 1189 MHz, 75.51 W, 98 %, 10837 MiB
2026/10/03 00:39:14.903, 1, 60, 1189 MHz, 43.63 W, 47 %, 10835 MiB
2026/10/03 00:39:14.909, 2, 59, 1189 MHz, 58.56 W, 46 %, 10869 MiB
2026/10/03 00:39:15.912, 0, 53, 1189 MHz, 43.29 W, 86 %, 10837 MiB
2026/10/03 00:39:15.915, 1, 60, 1189 MHz, 94.59 W, 57 %, 10835 MiB
2026/10/03 00:39:15.918, 2, 59, 1189 MHz, 88.15 W, 55 %, 10869 MiB
2026/10/03 00:39:16.926, 0, 54, 1189 MHz, 51.54 W, 93 %, 10837 MiB
2026/10/03 00:39:16.933, 1, 60, 1278 MHz, 99.48 W, 76 %, 10835 MiB
2026/10/03 00:39:16.940, 2, 59, 1189 MHz, 67.44 W, 48 %, 10869 MiB
2026/10/03 00:39:17.950, 0, 53, 1189 MHz, 113.29 W, 95 %, 10837 MiB
2026/10/03 00:39:17.953, 1, 60, 1151 MHz, 94.16 W, 40 %, 10835 MiB
2026/10/03 00:39:17.960, 2, 59, 1278 MHz, 136.59 W, 63 %, 10869 MiB
2026/10/03 00:39:18.963, 0, 54, 1189 MHz, 39.57 W, 79 %, 10837 MiB
2026/10/03 00:39:18.975, 1, 61, 1189 MHz, 95.32 W, 69 %, 10835 MiB
2026/10/03 00:39:18.978, 2, 59, 1265 MHz, 44.15 W, 46 %, 10869 MiB
2026/10/03 00:39:19.981, 0, 54, 1113 MHz, 134.62 W, 97 %, 10837 MiB
2026/10/03 00:39:19.984, 1, 61, 1189 MHz, 45.90 W, 53 %, 10835 MiB
2026/10/03 00:39:19.987, 2, 59, 1113 MHz, 64.99 W, 49 %, 10869 MiB
2026/10/03 00:39:20.990, 0, 53, 1278 MHz, 136.93 W, 95 %, 10837 MiB
2026/10/03 00:39:20.993, 1, 61, 1215 MHz, 140.46 W, 51 %, 10835 MiB
2026/10/03 00:39:21.004, 2, 59, 1164 MHz, 139.90 W, 46 %, 10869 MiB
2026/10/03 00:39:22.011, 0, 54, 1202 MHz, 96.98 W, 92 %, 10837 MiB
2026/10/03 00:39:22.014, 1, 60, 1215 MHz, 49.05 W, 43 %, 10835 MiB
2026/10/03 00:39:22.021, 2, 59, 1202 MHz, 60.56 W, 42 %, 10869 MiB
2026/10/03 00:39:23.026, 0, 53, 1303 MHz, 110.93 W, 94 %, 10837 MiB
2026/10/03 00:39:23.029, 1, 61, 1265 MHz, 155.61 W, 42 %, 10835 MiB
2026/10/03 00:39:23.033, 2, 59, 1227 MHz, 121.76 W, 43 %, 10869 MiB
2026/10/03 00:39:24.036, 0, 53, 1189 MHz, 70.65 W, 93 %, 10837 MiB
2026/10/03 00:39:24.043, 1, 60, 1189 MHz, 45.03 W, 49 %, 10835 MiB
2026/10/03 00:39:24.046, 2, 59, 1189 MHz, 57.62 W, 46 %, 10869 MiB
2026/10/03 00:39:25.049, 0, 53, 1126 MHz, 88.14 W, 91 %, 10837 MiB
2026/10/03 00:39:25.053, 1, 61, 1189 MHz, 47.62 W, 42 %, 10835 MiB
2026/10/03 00:39:25.056, 2, 59, 1139 MHz, 69.30 W, 43 %, 10869 MiB
2026/10/03 00:39:26.059, 0, 53, 1265 MHz, 48.44 W, 76 %, 10837 MiB
2026/10/03 00:39:26.066, 1, 60, 1189 MHz, 127.29 W, 50 %, 10835 MiB
2026/10/03 00:39:26.069, 2, 59, 1252 MHz, 102.18 W, 52 %, 10869 MiB
2026/10/03 00:39:27.072, 0, 54, 1189 MHz, 54.85 W, 92 %, 10837 MiB
2026/10/03 00:39:27.076, 1, 60, 1189 MHz, 80.77 W, 32 %, 10835 MiB
2026/10/03 00:39:27.079, 2, 59, 1189 MHz, 50.05 W, 34 %, 10869 MiB
2026/10/03 00:39:28.082, 0, 53, 1265 MHz, 59.65 W, 65 %, 10837 MiB
2026/10/03 00:39:28.090, 1, 60, 1215 MHz, 141.27 W, 47 %, 10835 MiB
2026/10/03 00:39:28.099, 2, 59, 1189 MHz, 122.48 W, 78 %, 10869 MiB
2026/10/03 00:39:29.102, 0, 54, 1189 MHz, 74.32 W, 78 %, 10837 MiB
2026/10/03 00:39:29.105, 1, 60, 1189 MHz, 51.85 W, 74 %, 10835 MiB
2026/10/03 00:39:29.109, 2, 59, 1189 MHz, 74.16 W, 49 %, 10869 MiB
2026/10/03 00:39:30.114, 0, 54, 1189 MHz, 133.10 W, 95 %, 10837 MiB
2026/10/03 00:39:30.117, 1, 60, 1189 MHz, 69.50 W, 58 %, 10835 MiB
2026/10/03 00:39:30.120, 2, 59, 1189 MHz, 135.30 W, 53 %, 10869 MiB
2026/10/03 00:39:31.123, 0, 53, 1189 MHz, 37.96 W, 97 %, 10837 MiB
2026/10/03 00:39:31.127, 1, 60, 1189 MHz, 37.95 W, 49 %, 10835 MiB
2026/10/03 00:39:31.130, 2, 59, 1189 MHz, 47.22 W, 46 %, 10869 MiB
2026/10/03 00:39:32.140, 0, 54, 1126 MHz, 103.85 W, 92 %, 10837 MiB
2026/10/03 00:39:32.145, 1, 61, 1088 MHz, 121.79 W, 44 %, 10835 MiB
2026/10/03 00:39:32.148, 2, 59, 1113 MHz, 72.47 W, 43 %, 10869 MiB
2026/10/03 00:39:33.157, 0, 53, 1202 MHz, 119.19 W, 94 %, 10837 MiB
2026/10/03 00:39:33.160, 1, 60, 1164 MHz, 133.49 W, 50 %, 10835 MiB
2026/10/03 00:39:33.167, 2, 59, 1189 MHz, 125.28 W, 47 %, 10869 MiB
2026/10/03 00:39:34.170, 0, 54, 1189 MHz, 53.19 W, 95 %, 10837 MiB
2026/10/03 00:39:34.173, 1, 60, 1189 MHz, 100.23 W, 44 %, 10835 MiB
2026/10/03 00:39:34.176, 2, 59, 1189 MHz, 49.10 W, 45 %, 10869 MiB
2026/10/03 00:39:35.181, 0, 53, 1189 MHz, 60.57 W, 90 %, 10837 MiB
2026/10/03 00:39:35.187, 1, 60, 1290 MHz, 68.53 W, 42 %, 10835 MiB
2026/10/03 00:39:35.194, 2, 59, 1189 MHz, 47.92 W, 41 %, 10869 MiB
2026/10/03 00:39:36.204, 0, 54, 1189 MHz, 47.04 W, 90 %, 10837 MiB
2026/10/03 00:39:36.213, 1, 60, 1240 MHz, 109.89 W, 45 %, 10835 MiB
2026/10/03 00:39:36.216, 2, 59, 1189 MHz, 46.74 W, 53 %, 10869 MiB
2026/10/03 00:39:37.222, 0, 54, 1189 MHz, 55.13 W, 89 %, 10837 MiB
2026/10/03 00:39:37.233, 1, 60, 1215 MHz, 97.66 W, 40 %, 10835 MiB
2026/10/03 00:39:37.236, 2, 59, 1303 MHz, 51.66 W, 43 %, 10869 MiB
2026/10/03 00:39:38.239, 0, 53, 1189 MHz, 54.38 W, 87 %, 10837 MiB
2026/10/03 00:39:38.243, 1, 60, 1202 MHz, 43.85 W, 49 %, 10835 MiB
2026/10/03 00:39:38.245, 2, 59, 1252 MHz, 53.56 W, 45 %, 10869 MiB
2026/10/03 00:39:39.248, 0, 53, 1303 MHz, 44.95 W, 73 %, 10837 MiB
2026/10/03 00:39:39.253, 1, 60, 1278 MHz, 143.58 W, 74 %, 10835 MiB
2026/10/03 00:39:39.257, 2, 59, 1278 MHz, 82.91 W, 44 %, 10869 MiB
2026/10/03 00:39:40.261, 0, 54, 1177 MHz, 69.47 W, 100 %, 10837 MiB
2026/10/03 00:39:40.264, 1, 60, 1189 MHz, 42.66 W, 38 %, 10835 MiB
2026/10/03 00:39:40.267, 2, 59, 1139 MHz, 50.76 W, 34 %, 10869 MiB
2026/10/03 00:39:41.282, 0, 53, 1278 MHz, 38.82 W, 70 %, 10837 MiB
2026/10/03 00:39:41.285, 1, 60, 1189 MHz, 126.26 W, 51 %, 10835 MiB
2026/10/03 00:39:41.288, 2, 59, 1189 MHz, 82.02 W, 63 %, 10869 MiB
2026/10/03 00:39:42.294, 0, 54, 1126 MHz, 51.29 W, 96 %, 10837 MiB
2026/10/03 00:39:42.302, 1, 61, 1088 MHz, 114.58 W, 47 %, 10835 MiB
2026/10/03 00:39:42.305, 2, 59, 1189 MHz, 46.75 W, 44 %, 10869 MiB
2026/10/03 00:39:43.308, 0, 53, 1215 MHz, 139.74 W, 95 %, 10837 MiB
2026/10/03 00:39:43.311, 1, 61, 1164 MHz, 131.84 W, 45 %, 10835 MiB
2026/10/03 00:39:43.323, 2, 59, 1139 MHz, 150.58 W, 43 %, 10869 MiB
2026/10/03 00:39:44.329, 0, 53, 1252 MHz, 136.10 W, 90 %, 10837 MiB
2026/10/03 00:39:44.332, 1, 60, 1189 MHz, 87.18 W, 49 %, 10835 MiB
2026/10/03 00:39:44.338, 2, 59, 1177 MHz, 131.57 W, 51 %, 10869 MiB
2026/10/03 00:39:45.344, 0, 53, 1202 MHz, 59.42 W, 89 %, 10837 MiB
2026/10/03 00:39:45.349, 1, 60, 1265 MHz, 103.66 W, 44 %, 10835 MiB
2026/10/03 00:39:45.352, 2, 59, 1202 MHz, 92.96 W, 43 %, 10869 MiB
2026/10/03 00:39:46.359, 0, 53, 1189 MHz, 87.10 W, 91 %, 10837 MiB
2026/10/03 00:39:46.362, 1, 61, 1215 MHz, 122.51 W, 58 %, 10835 MiB
2026/10/03 00:39:46.372, 2, 59, 1189 MHz, 128.71 W, 38 %, 10869 MiB
2026/10/03 00:39:47.377, 0, 54, 1202 MHz, 60.33 W, 97 %, 10837 MiB
2026/10/03 00:39:47.381, 1, 60, 1189 MHz, 81.20 W, 42 %, 10835 MiB
2026/10/03 00:39:47.390, 2, 59, 1189 MHz, 48.40 W, 47 %, 10869 MiB
2026/10/03 00:39:48.393, 0, 53, 1202 MHz, 44.00 W, 66 %, 10837 MiB
2026/10/03 00:39:48.399, 1, 60, 1252 MHz, 130.58 W, 43 %, 10835 MiB
2026/10/03 00:39:48.402, 2, 59, 1189 MHz, 56.71 W, 79 %, 10869 MiB
2026/10/03 00:39:49.407, 0, 54, 1189 MHz, 57.45 W, 95 %, 10837 MiB
2026/10/03 00:39:49.412, 1, 61, 1189 MHz, 80.54 W, 51 %, 10835 MiB
2026/10/03 00:39:49.415, 2, 59, 1189 MHz, 47.69 W, 43 %, 10869 MiB
2026/10/03 00:39:50.425, 0, 54, 1101 MHz, 73.40 W, 93 %, 10837 MiB
2026/10/03 00:39:50.428, 1, 60, 1189 MHz, 37.71 W, 39 %, 10835 MiB
2026/10/03 00:39:50.436, 2, 59, 1252 MHz, 41.81 W, 42 %, 10869 MiB
2026/10/03 00:39:51.447, 0, 54, 1189 MHz, 41.90 W, 93 %, 10837 MiB
2026/10/03 00:39:51.450, 1, 60, 1189 MHz, 38.59 W, 52 %, 10835 MiB
2026/10/03 00:39:51.455, 2, 60, 1088 MHz, 119.23 W, 64 %, 10869 MiB
2026/10/03 00:39:52.459, 0, 53, 1189 MHz, 48.23 W, 90 %, 10837 MiB
2026/10/03 00:39:52.467, 1, 60, 1215 MHz, 115.50 W, 50 %, 10835 MiB
2026/10/03 00:39:52.475, 2, 59, 1240 MHz, 108.31 W, 48 %, 10869 MiB
2026/10/03 00:39:53.487, 0, 53, 1290 MHz, 47.54 W, 91 %, 10837 MiB
2026/10/03 00:39:53.491, 1, 60, 1189 MHz, 121.20 W, 40 %, 10835 MiB
2026/10/03 00:39:53.497, 2, 59, 1227 MHz, 61.81 W, 43 %, 10869 MiB
2026/10/03 00:39:54.500, 0, 53, 1303 MHz, 147.80 W, 89 %, 10837 MiB
2026/10/03 00:39:54.504, 1, 60, 1151 MHz, 89.98 W, 41 %, 10835 MiB
2026/10/03 00:39:54.507, 2, 59, 1252 MHz, 137.35 W, 44 %, 10869 MiB
2026/10/03 00:39:55.518, 0, 53, 1189 MHz, 82.31 W, 88 %, 10837 MiB
2026/10/03 00:39:55.521, 1, 60, 1189 MHz, 61.36 W, 38 %, 10835 MiB
2026/10/03 00:39:55.524, 2, 59, 1189 MHz, 100.01 W, 43 %, 10869 MiB
2026/10/03 00:39:56.527, 0, 53, 1303 MHz, 44.47 W, 74 %, 10837 MiB
2026/10/03 00:39:56.531, 1, 60, 1227 MHz, 135.98 W, 82 %, 10835 MiB
2026/10/03 00:39:56.534, 2, 59, 1265 MHz, 98.34 W, 52 %, 10869 MiB
2026/10/03 00:39:57.538, 0, 53, 1189 MHz, 101.31 W, 99 %, 10837 MiB
2026/10/03 00:39:57.549, 1, 61, 1189 MHz, 49.99 W, 51 %, 10835 MiB
2026/10/03 00:39:57.553, 2, 59, 1164 MHz, 69.53 W, 52 %, 10869 MiB
2026/10/03 00:39:58.563, 0, 53, 1189 MHz, 36.51 W, 94 %, 10837 MiB
2026/10/03 00:39:58.567, 1, 60, 1189 MHz, 37.46 W, 46 %, 10835 MiB
2026/10/03 00:39:58.570, 2, 60, 1063 MHz, 77.92 W, 43 %, 10869 MiB
2026/10/03 00:39:59.573, 0, 53, 1278 MHz, 152.73 W, 95 %, 10837 MiB
2026/10/03 00:39:59.577, 1, 61, 1151 MHz, 144.03 W, 43 %, 10835 MiB
2026/10/03 00:39:59.580, 2, 59, 1252 MHz, 147.43 W, 41 %, 10869 MiB
2026/10/03 00:40:00.589, 0, 54, 1177 MHz, 133.69 W, 92 %, 10837 MiB
2026/10/03 00:40:00.592, 1, 61, 1189 MHz, 58.87 W, 51 %, 10835 MiB
2026/10/03 00:40:00.595, 2, 59, 1164 MHz, 92.14 W, 49 %, 10869 MiB
2026/10/03 00:40:01.599, 0, 54, 1151 MHz, 78.35 W, 89 %, 10837 MiB
2026/10/03 00:40:01.602, 1, 60, 1189 MHz, 57.41 W, 49 %, 10835 MiB
2026/10/03 00:40:01.611, 2, 59, 1189 MHz, 50.29 W, 52 %, 10869 MiB
2026/10/03 00:40:02.619, 0, 53, 1227 MHz, 92.31 W, 65 %, 10837 MiB
2026/10/03 00:40:02.622, 1, 61, 1189 MHz, 61.54 W, 30 %, 10835 MiB
2026/10/03 00:40:02.629, 2, 59, 1189 MHz, 88.97 W, 67 %, 10869 MiB
2026/10/03 00:40:03.634, 0, 53, 1189 MHz, 38.78 W, 73 %, 10837 MiB
2026/10/03 00:40:03.637, 1, 60, 1189 MHz, 128.28 W, 82 %, 10835 MiB
2026/10/03 00:40:03.640, 2, 59, 1189 MHz, 92.16 W, 53 %, 10869 MiB
2026/10/03 00:40:04.646, 0, 54, 1189 MHz, 131.47 W, 95 %, 10837 MiB
2026/10/03 00:40:04.657, 1, 60, 1215 MHz, 63.65 W, 42 %, 10835 MiB
2026/10/03 00:40:04.660, 2, 59, 1189 MHz, 117.78 W, 48 %, 10869 MiB
2026/10/03 00:40:05.671, 0, 53, 1189 MHz, 38.11 W, 97 %, 10837 MiB
2026/10/03 00:40:05.676, 1, 60, 1265 MHz, 40.01 W, 52 %, 10835 MiB
2026/10/03 00:40:05.681, 2, 60, 1075 MHz, 117.60 W, 74 %, 10869 MiB
2026/10/03 00:40:06.684, 0, 54, 1189 MHz, 46.57 W, 93 %, 10837 MiB
2026/10/03 00:40:06.687, 1, 60, 1240 MHz, 127.05 W, 50 %, 10835 MiB
2026/10/03 00:40:06.690, 2, 59, 1189 MHz, 62.77 W, 48 %, 10869 MiB
2026/10/03 00:40:07.696, 0, 53, 1189 MHz, 59.11 W, 89 %, 10837 MiB
2026/10/03 00:40:07.700, 1, 60, 1278 MHz, 49.91 W, 43 %, 10835 MiB
2026/10/03 00:40:07.704, 2, 59, 1278 MHz, 54.71 W, 44 %, 10869 MiB
2026/10/03 00:40:08.707, 0, 53, 1189 MHz, 137.44 W, 69 %, 10837 MiB
2026/10/03 00:40:08.710, 1, 61, 1227 MHz, 68.40 W, 43 %, 10835 MiB
2026/10/03 00:40:08.714, 2, 59, 1303 MHz, 104.55 W, 44 %, 10869 MiB
2026/10/03 00:40:09.726, 0, 54, 1126 MHz, 74.85 W, 89 %, 10837 MiB
2026/10/03 00:40:09.730, 1, 60, 1189 MHz, 46.21 W, 35 %, 10835 MiB
2026/10/03 00:40:09.733, 2, 60, 1227 MHz, 70.47 W, 43 %, 10869 MiB
2026/10/03 00:40:10.736, 0, 53, 1227 MHz, 80.47 W, 72 %, 10837 MiB
2026/10/03 00:40:10.744, 1, 61, 1189 MHz, 70.03 W, 89 %, 10835 MiB
2026/10/03 00:40:10.747, 2, 59, 1316 MHz, 135.38 W, 52 %, 10869 MiB
2026/10/03 00:40:11.750, 0, 54, 1088 MHz, 119.98 W, 97 %, 10837 MiB
2026/10/03 00:40:11.753, 1, 60, 1189 MHz, 37.17 W, 66 %, 10835 MiB
2026/10/03 00:40:11.756, 2, 59, 1189 MHz, 41.35 W, 61 %, 10869 MiB
2026/10/03 00:40:12.759, 0, 53, 1252 MHz, 144.15 W, 94 %, 10837 MiB
2026/10/03 00:40:12.770, 1, 61, 1126 MHz, 134.48 W, 48 %, 10835 MiB
2026/10/03 00:40:12.773, 2, 59, 1164 MHz, 135.02 W, 44 %, 10869 MiB
2026/10/03 00:40:13.776, 0, 53, 1265 MHz, 65.97 W, 90 %, 10837 MiB
2026/10/03 00:40:13.780, 1, 61, 1240 MHz, 46.69 W, 47 %, 10835 MiB
2026/10/03 00:40:13.783, 2, 59, 1189 MHz, 51.20 W, 47 %, 10869 MiB
2026/10/03 00:40:14.791, 0, 53, 1265 MHz, 84.83 W, 89 %, 10837 MiB
2026/10/03 00:40:14.795, 1, 60, 1189 MHz, 130.94 W, 49 %, 10835 MiB
2026/10/03 00:40:14.798, 2, 59, 1202 MHz, 102.31 W, 52 %, 10869 MiB
2026/10/03 00:40:15.801, 0, 54, 1303 MHz, 137.78 W, 68 %, 10837 MiB
2026/10/03 00:40:15.804, 1, 61, 1126 MHz, 55.83 W, 79 %, 10835 MiB
2026/10/03 00:40:15.814, 2, 59, 1189 MHz, 73.06 W, 41 %, 10869 MiB
2026/10/03 00:40:16.819, 0, 54, 1177 MHz, 64.79 W, 98 %, 10837 MiB
2026/10/03 00:40:16.822, 1, 60, 1189 MHz, 54.10 W, 55 %, 10835 MiB
2026/10/03 00:40:16.825, 2, 59, 1227 MHz, 54.74 W, 55 %, 10869 MiB
2026/10/03 00:40:17.833, 0, 53, 1189 MHz, 37.96 W, 95 %, 10837 MiB
2026/10/03 00:40:17.837, 1, 60, 1189 MHz, 38.18 W, 48 %, 10835 MiB
2026/10/03 00:40:17.843, 2, 59, 1088 MHz, 64.39 W, 46 %, 10869 MiB
2026/10/03 00:40:18.846, 0, 54, 1189 MHz, 43.50 W, 94 %, 10837 MiB
2026/10/03 00:40:18.849, 1, 61, 1189 MHz, 121.79 W, 50 %, 10835 MiB
2026/10/03 00:40:18.854, 2, 59, 1189 MHz, 100.98 W, 44 %, 10869 MiB
2026/10/03 00:40:19.861, 0, 54, 1278 MHz, 107.17 W, 88 %, 10837 MiB
2026/10/03 00:40:19.864, 1, 61, 1189 MHz, 55.33 W, 45 %, 10835 MiB
2026/10/03 00:40:19.867, 2, 59, 1252 MHz, 81.62 W, 43 %, 10869 MiB
2026/10/03 00:40:20.870, 0, 53, 1189 MHz, 98.30 W, 94 %, 10837 MiB
2026/10/03 00:40:20.873, 1, 60, 1189 MHz, 49.61 W, 33 %, 10835 MiB
2026/10/03 00:40:20.878, 2, 59, 1189 MHz, 96.43 W, 30 %, 10869 MiB
2026/10/03 00:40:21.883, 0, 53, 1189 MHz, 56.55 W, 59 %, 10837 MiB
2026/10/03 00:40:21.886, 1, 60, 1189 MHz, 45.03 W, 52 %, 10835 MiB
2026/10/03 00:40:21.889, 2, 59, 1189 MHz, 60.69 W, 81 %, 10869 MiB
2026/10/03 00:40:22.892, 0, 53, 1189 MHz, 37.17 W, 94 %, 10837 MiB
2026/10/03 00:40:22.896, 1, 61, 1189 MHz, 104.80 W, 83 %, 10835 MiB
2026/10/03 00:40:22.904, 2, 59, 1189 MHz, 47.83 W, 49 %, 10869 MiB
2026/10/03 00:40:23.909, 0, 54, 1151 MHz, 144.62 W, 95 %, 10837 MiB
2026/10/03 00:40:23.912, 1, 61, 1126 MHz, 131.77 W, 57 %, 10835 MiB
2026/10/03 00:40:23.915, 2, 59, 1164 MHz, 133.12 W, 56 %, 10869 MiB
2026/10/03 00:40:24.929, 0, 53, 1202 MHz, 115.60 W, 92 %, 10837 MiB
2026/10/03 00:40:24.933, 1, 60, 1215 MHz, 117.96 W, 44 %, 10835 MiB
2026/10/03 00:40:24.936, 2, 59, 1316 MHz, 152.43 W, 43 %, 10869 MiB
2026/10/03 00:40:25.939, 0, 54, 1265 MHz, 124.50 W, 94 %, 10837 MiB
2026/10/03 00:40:25.942, 1, 60, 1290 MHz, 113.64 W, 42 %, 10835 MiB
2026/10/03 00:40:25.950, 2, 59, 1252 MHz, 154.42 W, 44 %, 10869 MiB
2026/10/03 00:40:26.957, 0, 53, 1151 MHz, 82.59 W, 59 %, 10837 MiB
2026/10/03 00:40:26.960, 1, 61, 1240 MHz, 49.76 W, 45 %, 10835 MiB
2026/10/03 00:40:26.963, 2, 59, 1164 MHz, 65.33 W, 45 %, 10869 MiB
2026/10/03 00:40:27.972, 0, 54, 1189 MHz, 103.24 W, 98 %, 10837 MiB
2026/10/03 00:40:27.982, 1, 61, 1189 MHz, 45.97 W, 41 %, 10835 MiB
2026/10/03 00:40:27.985, 2, 59, 1139 MHz, 66.74 W, 40 %, 10869 MiB
2026/10/03 00:40:28.988, 0, 54, 1151 MHz, 51.30 W, 90 %, 10837 MiB
2026/10/03 00:40:28.991, 1, 61, 1189 MHz, 39.06 W, 54 %, 10835 MiB
2026/10/03 00:40:29.000, 2, 60, 1075 MHz, 117.59 W, 53 %, 10869 MiB
2026/10/03 00:40:30.007, 0, 53, 1290 MHz, 162.09 W, 94 %, 10837 MiB
2026/10/03 00:40:30.010, 1, 61, 1151 MHz, 60.52 W, 40 %, 10835 MiB
2026/10/03 00:40:30.017, 2, 59, 1164 MHz, 76.07 W, 43 %, 10869 MiB
2026/10/03 00:40:31.028, 0, 53, 1189 MHz, 112.68 W, 88 %, 10837 MiB
2026/10/03 00:40:31.032, 1, 61, 1252 MHz, 51.14 W, 45 %, 10835 MiB
2026/10/03 00:40:31.041, 2, 59, 1189 MHz, 60.09 W, 43 %, 10869 MiB
2026/10/03 00:40:32.047, 0, 54, 1189 MHz, 53.16 W, 81 %, 10837 MiB
2026/10/03 00:40:32.050, 1, 61, 1252 MHz, 87.93 W, 75 %, 10835 MiB
2026/10/03 00:40:32.053, 2, 59, 1189 MHz, 50.05 W, 36 %, 10869 MiB
2026/10/03 00:40:33.060, 0, 54, 1126 MHz, 60.76 W, 100 %, 10837 MiB
2026/10/03 00:40:33.071, 1, 60, 1202 MHz, 85.91 W, 56 %, 10835 MiB
2026/10/03 00:40:33.074, 2, 59, 1189 MHz, 49.82 W, 57 %, 10869 MiB
2026/10/03 00:40:34.077, 0, 54, 1189 MHz, 38.85 W, 95 %, 10837 MiB
2026/10/03 00:40:34.080, 1, 61, 1189 MHz, 37.88 W, 50 %, 10835 MiB
2026/10/03 00:40:34.087, 2, 59, 1075 MHz, 116.51 W, 48 %, 10869 MiB
2026/10/03 00:40:35.092, 0, 54, 1202 MHz, 67.58 W, 94 %, 10837 MiB
2026/10/03 00:40:35.095, 1, 60, 1189 MHz, 43.82 W, 50 %, 10835 MiB
2026/10/03 00:40:35.099, 2, 59, 1139 MHz, 54.47 W, 49 %, 10869 MiB
2026/10/03 00:40:36.107, 0, 54, 1189 MHz, 49.20 W, 80 %, 10837 MiB
2026/10/03 00:40:36.115, 1, 60, 1189 MHz, 94.15 W, 52 %, 10835 MiB
2026/10/03 00:40:36.118, 2, 59, 1189 MHz, 47.22 W, 56 %, 10869 MiB
2026/10/03 00:40:37.121, 0, 54, 1189 MHz, 108.18 W, 98 %, 10837 MiB
2026/10/03 00:40:37.124, 1, 61, 1189 MHz, 48.57 W, 47 %, 10835 MiB
2026/10/03 00:40:37.135, 2, 59, 1202 MHz, 60.10 W, 42 %, 10869 MiB
2026/10/03 00:40:38.142, 0, 53, 1189 MHz, 115.02 W, 89 %, 10837 MiB
2026/10/03 00:40:38.145, 1, 61, 1126 MHz, 52.56 W, 33 %, 10835 MiB
2026/10/03 00:40:38.153, 2, 60, 1164 MHz, 67.21 W, 77 %, 10869 MiB
2026/10/03 00:40:39.159, 0, 54, 1088 MHz, 93.13 W, 94 %, 10837 MiB
2026/10/03 00:40:39.163, 1, 61, 1088 MHz, 117.84 W, 66 %, 10835 MiB
2026/10/03 00:40:39.166, 2, 59, 1088 MHz, 69.65 W, 62 %, 10869 MiB
2026/10/03 00:40:40.174, 0, 53, 1189 MHz, 130.59 W, 89 %, 10837 MiB
2026/10/03 00:40:40.182, 1, 61, 1151 MHz, 79.05 W, 42 %, 10835 MiB
2026/10/03 00:40:40.185, 2, 59, 1290 MHz, 110.92 W, 43 %, 10869 MiB
2026/10/03 00:40:41.197, 0, 54, 1177 MHz, 141.13 W, 93 %, 10837 MiB
2026/10/03 00:40:41.205, 1, 61, 1215 MHz, 60.76 W, 43 %, 10835 MiB
2026/10/03 00:40:41.208, 2, 60, 1202 MHz, 101.52 W, 44 %, 10869 MiB
2026/10/03 00:40:42.211, 0, 53, 1316 MHz, 97.33 W, 94 %, 10837 MiB
2026/10/03 00:40:42.217, 1, 61, 1189 MHz, 117.72 W, 31 %, 10835 MiB
2026/10/03 00:40:42.225, 2, 59, 1189 MHz, 126.44 W, 30 %, 10869 MiB
2026/10/03 00:40:43.230, 0, 53, 1303 MHz, 96.61 W, 56 %, 10837 MiB
2026/10/03 00:40:43.233, 1, 60, 1290 MHz, 157.80 W, 46 %, 10835 MiB
2026/10/03 00:40:43.236, 2, 59, 1189 MHz, 116.49 W, 81 %, 10869 MiB
2026/10/03 00:40:44.243, 0, 54, 1177 MHz, 139.61 W, 95 %, 10837 MiB
2026/10/03 00:40:44.255, 1, 61, 1088 MHz, 118.93 W, 48 %, 10835 MiB
2026/10/03 00:40:44.258, 2, 60, 1088 MHz, 96.57 W, 47 %, 10869 MiB
2026/10/03 00:40:45.267, 0, 53, 1252 MHz, 133.67 W, 93 %, 10837 MiB
2026/10/03 00:40:45.274, 1, 61, 1177 MHz, 108.11 W, 47 %, 10835 MiB
2026/10/03 00:40:45.277, 2, 59, 1265 MHz, 149.25 W, 49 %, 10869 MiB
2026/10/03 00:40:46.280, 0, 53, 1189 MHz, 57.26 W, 91 %, 10837 MiB
2026/10/03 00:40:46.284, 1, 60, 1189 MHz, 80.49 W, 40 %, 10835 MiB
2026/10/03 00:40:46.292, 2, 59, 1189 MHz, 45.83 W, 36 %, 10869 MiB
2026/10/03 00:40:47.297, 0, 53, 1189 MHz, 72.01 W, 56 %, 10837 MiB
2026/10/03 00:40:47.301, 1, 61, 1252 MHz, 54.15 W, 42 %, 10835 MiB
2026/10/03 00:40:47.304, 2, 59, 1189 MHz, 73.45 W, 84 %, 10869 MiB
2026/10/03 00:40:48.310, 0, 54, 1189 MHz, 37.90 W, 98 %, 10837 MiB
2026/10/03 00:40:48.314, 1, 61, 1088 MHz, 113.73 W, 47 %, 10835 MiB
2026/10/03 00:40:48.320, 2, 59, 1189 MHz, 41.63 W, 43 %, 10869 MiB
2026/10/03 00:40:49.324, 0, 54, 1189 MHz, 55.79 W, 91 %, 10837 MiB
2026/10/03 00:40:49.329, 1, 61, 1189 MHz, 99.07 W, 45 %, 10835 MiB
2026/10/03 00:40:49.336, 2, 59, 1189 MHz, 48.40 W, 49 %, 10869 MiB
2026/10/03 00:40:50.339, 0, 54, 1177 MHz, 58.63 W, 90 %, 10837 MiB
2026/10/03 00:40:50.357, 1, 61, 1189 MHz, 88.48 W, 56 %, 10835 MiB
2026/10/03 00:40:50.360, 2, 59, 1189 MHz, 47.69 W, 46 %, 10869 MiB
2026/10/03 00:40:51.363, 0, 53, 1189 MHz, 126.96 W, 98 %, 10837 MiB
2026/10/03 00:40:51.378, 1, 61, 1189 MHz, 48.81 W, 47 %, 10835 MiB
2026/10/03 00:40:51.381, 2, 59, 1164 MHz, 73.25 W, 51 %, 10869 MiB
2026/10/03 00:40:52.384, 0, 53, 1189 MHz, 136.83 W, 92 %, 10837 MiB
2026/10/03 00:40:52.399, 1, 61, 1189 MHz, 48.10 W, 39 %, 10835 MiB
2026/10/03 00:40:52.405, 2, 60, 1139 MHz, 71.88 W, 81 %, 10869 MiB
2026/10/03 00:40:53.409, 0, 54, 1088 MHz, 81.76 W, 93 %, 10837 MiB
2026/10/03 00:40:53.421, 1, 61, 1101 MHz, 121.29 W, 61 %, 10835 MiB
2026/10/03 00:40:53.424, 2, 59, 1164 MHz, 60.79 W, 61 %, 10869 MiB
2026/10/03 00:40:54.427, 0, 54, 1240 MHz, 131.11 W, 79 %, 10837 MiB
2026/10/03 00:40:54.430, 1, 61, 1202 MHz, 103.89 W, 44 %, 10835 MiB
2026/10/03 00:40:54.433, 2, 59, 1252 MHz, 148.47 W, 41 %, 10869 MiB
2026/10/03 00:40:55.445, 0, 53, 1189 MHz, 66.64 W, 98 %, 10837 MiB
2026/10/03 00:40:55.448, 1, 61, 1240 MHz, 44.56 W, 48 %, 10835 MiB
2026/10/03 00:40:55.451, 2, 59, 1189 MHz, 46.74 W, 51 %, 10869 MiB
2026/10/03 00:40:56.466, 0, 53, 1252 MHz, 82.31 W, 52 %, 10837 MiB
2026/10/03 00:40:56.469, 1, 60, 1189 MHz, 78.86 W, 37 %, 10835 MiB
2026/10/03 00:40:56.472, 2, 59, 1189 MHz, 103.05 W, 81 %, 10869 MiB
2026/10/03 00:40:57.475, 0, 54, 1101 MHz, 52.72 W, 93 %, 10837 MiB
2026/10/03 00:40:57.478, 1, 61, 1088 MHz, 115.98 W, 48 %, 10835 MiB
2026/10/03 00:40:57.491, 2, 59, 1189 MHz, 43.00 W, 43 %, 10869 MiB
2026/10/03 00:40:58.498, 0, 53, 1303 MHz, 161.63 W, 92 %, 10837 MiB
2026/10/03 00:40:58.501, 1, 61, 1151 MHz, 64.91 W, 48 %, 10835 MiB
2026/10/03 00:40:58.512, 2, 59, 1139 MHz, 74.14 W, 50 %, 10869 MiB
2026/10/03 00:40:59.519, 0, 53, 1278 MHz, 143.52 W, 91 %, 10837 MiB
2026/10/03 00:40:59.527, 1, 61, 1189 MHz, 81.15 W, 56 %, 10835 MiB
2026/10/03 00:40:59.535, 2, 59, 1164 MHz, 139.36 W, 46 %, 10869 MiB
2026/10/03 00:41:00.538, 0, 54, 1189 MHz, 48.71 W, 99 %, 10837 MiB
2026/10/03 00:41:00.542, 1, 60, 1189 MHz, 79.79 W, 42 %, 10835 MiB
2026/10/03 00:41:00.545, 2, 59, 1252 MHz, 51.91 W, 44 %, 10869 MiB
2026/10/03 00:41:01.548, 0, 54, 1189 MHz, 35.53 W, 95 %, 10837 MiB
2026/10/03 00:41:01.555, 1, 61, 1189 MHz, 37.46 W, 47 %, 10835 MiB
2026/10/03 00:41:01.561, 2, 60, 1088 MHz, 74.86 W, 43 %, 10869 MiB
2026/10/03 00:41:02.565, 0, 54, 1189 MHz, 46.10 W, 94 %, 10837 MiB
2026/10/03 00:41:02.569, 1, 61, 1189 MHz, 117.24 W, 47 %, 10835 MiB
2026/10/03 00:41:02.572, 2, 59, 1189 MHz, 83.34 W, 49 %, 10869 MiB
2026/10/03 00:41:03.582, 0, 54, 1177 MHz, 74.62 W, 78 %, 10837 MiB
2026/10/03 00:41:03.586, 1, 61, 1189 MHz, 43.87 W, 44 %, 10835 MiB
2026/10/03 00:41:03.589, 2, 59, 1189 MHz, 60.85 W, 45 %, 10869 MiB
2026/10/03 00:41:04.592, 0, 54, 1189 MHz, 40.45 W, 100 %, 10837 MiB
2026/10/03 00:41:04.601, 1, 60, 1189 MHz, 124.19 W, 37 %, 10835 MiB
2026/10/03 00:41:04.604, 2, 59, 1189 MHz, 67.87 W, 46 %, 10869 MiB
2026/10/03 00:41:05.607, 0, 53, 1189 MHz, 35.29 W, 96 %, 10837 MiB
2026/10/03 00:41:05.610, 1, 60, 1303 MHz, 39.75 W, 46 %, 10835 MiB
2026/10/03 00:41:05.617, 2, 60, 1075 MHz, 86.00 W, 89 %, 10869 MiB
2026/10/03 00:41:06.626, 0, 54, 1189 MHz, 64.79 W, 92 %, 10837 MiB
2026/10/03 00:41:06.630, 1, 61, 1189 MHz, 47.58 W, 51 %, 10835 MiB
2026/10/03 00:41:06.633, 2, 59, 1252 MHz, 57.30 W, 46 %, 10869 MiB
2026/10/03 00:41:07.636, 0, 54, 1189 MHz, 76.92 W, 78 %, 10837 MiB
2026/10/03 00:41:07.639, 1, 60, 1177 MHz, 130.67 W, 42 %, 10835 MiB
2026/10/03 00:41:07.646, 2, 59, 1303 MHz, 149.77 W, 44 %, 10869 MiB
2026/10/03 00:41:08.651, 0, 53, 1189 MHz, 52.32 W, 67 %, 10837 MiB
2026/10/03 00:41:08.655, 1, 61, 1278 MHz, 49.89 W, 75 %, 10835 MiB
2026/10/03 00:41:08.658, 2, 59, 1189 MHz, 52.15 W, 29 %, 10869 MiB
2026/10/03 00:41:09.661, 0, 54, 1088 MHz, 121.24 W, 94 %, 10837 MiB
2026/10/03 00:41:09.673, 1, 61, 1189 MHz, 37.65 W, 64 %, 10835 MiB
2026/10/03 00:41:09.676, 2, 59, 1189 MHz, 41.58 W, 62 %, 10869 MiB
2026/10/03 00:41:10.679, 0, 54, 1164 MHz, 87.02 W, 91 %, 10837 MiB
2026/10/03 00:41:10.682, 1, 61, 1227 MHz, 53.90 W, 43 %, 10835 MiB
2026/10/03 00:41:10.691, 2, 60, 1189 MHz, 53.78 W, 41 %, 10869 MiB
2026/10/03 00:41:11.699, 0, 54, 1278 MHz, 69.88 W, 91 %, 10837 MiB
2026/10/03 00:41:11.702, 1, 61, 1265 MHz, 148.93 W, 46 %, 10835 MiB
2026/10/03 00:41:11.713, 2, 59, 1240 MHz, 138.67 W, 46 %, 10869 MiB
2026/10/03 00:41:12.717, 0, 53, 1303 MHz, 51.57 W, 55 %, 10837 MiB
2026/10/03 00:41:12.721, 1, 60, 1189 MHz, 97.89 W, 35 %, 10835 MiB
2026/10/03 00:41:12.728, 2, 59, 1189 MHz, 45.80 W, 78 %, 10869 MiB
2026/10/03 00:41:13.735, 0, 54, 1075 MHz, 121.32 W, 96 %, 10837 MiB
2026/10/03 00:41:13.739, 1, 60, 1189 MHz, 37.65 W, 50 %, 10835 MiB
2026/10/03 00:41:13.742, 2, 59, 1189 MHz, 42.76 W, 47 %, 10869 MiB
2026/10/03 00:41:14.745, 0, 54, 1303 MHz, 161.16 W, 92 %, 10837 MiB
2026/10/03 00:41:14.748, 1, 61, 1189 MHz, 56.50 W, 44 %, 10835 MiB
2026/10/03 00:41:14.759, 2, 59, 1139 MHz, 72.77 W, 52 %, 10869 MiB
2026/10/03 00:41:15.769, 0, 54, 1265 MHz, 66.91 W, 90 %, 10837 MiB
2026/10/03 00:41:15.777, 1, 60, 1189 MHz, 40.07 W, 30 %, 10835 MiB
2026/10/03 00:41:15.780, 2, 59, 1189 MHz, 53.33 W, 33 %, 10869 MiB
2026/10/03 00:41:16.784, 0, 54, 1189 MHz, 49.44 W, 51 %, 10837 MiB
2026/10/03 00:41:16.787, 1, 61, 1189 MHz, 90.55 W, 55 %, 10835 MiB
2026/10/03 00:41:16.790, 2, 59, 1189 MHz, 48.16 W, 81 %, 10869 MiB
2026/10/03 00:41:17.793, 0, 54, 1101 MHz, 124.61 W, 93 %, 10837 MiB
2026/10/03 00:41:17.805, 1, 61, 1088 MHz, 117.65 W, 44 %, 10835 MiB
2026/10/03 00:41:17.808, 2, 60, 1088 MHz, 93.12 W, 43 %, 10869 MiB
2026/10/03 00:41:18.811, 0, 54, 1290 MHz, 77.87 W, 91 %, 10837 MiB
2026/10/03 00:41:18.814, 1, 61, 1227 MHz, 49.02 W, 42 %, 10835 MiB
2026/10/03 00:41:18.817, 2, 59, 1215 MHz, 55.89 W, 43 %, 10869 MiB
2026/10/03 00:41:19.825, 0, 54, 1189 MHz, 49.44 W, 61 %, 10837 MiB
2026/10/03 00:41:19.830, 1, 61, 1189 MHz, 85.38 W, 93 %, 10835 MiB
2026/10/03 00:41:19.833, 2, 59, 1189 MHz, 47.93 W, 46 %, 10869 MiB
2026/10/03 00:41:20.836, 0, 54, 1189 MHz, 60.55 W, 97 %, 10837 MiB
2026/10/03 00:41:20.844, 1, 60, 1189 MHz, 134.99 W, 39 %, 10835 MiB
2026/10/03 00:41:20.855, 2, 59, 1189 MHz, 126.86 W, 39 %, 10869 MiB
2026/10/03 00:41:21.858, 0, 54, 1126 MHz, 130.44 W, 93 %, 10837 MiB
2026/10/03 00:41:21.872, 1, 61, 1101 MHz, 76.81 W, 63 %, 10835 MiB
2026/10/03 00:41:21.875, 2, 60, 1088 MHz, 124.02 W, 60 %, 10869 MiB
2026/10/03 00:41:22.878, 0, 54, 1189 MHz, 54.81 W, 90 %, 10837 MiB
2026/10/03 00:41:22.881, 1, 61, 1240 MHz, 93.04 W, 51 %, 10835 MiB
2026/10/03 00:41:22.884, 2, 60, 1227 MHz, 50.04 W, 48 %, 10869 MiB
2026/10/03 00:41:23.890, 0, 53, 1227 MHz, 82.01 W, 61 %, 10837 MiB
2026/10/03 00:41:23.895, 1, 61, 1252 MHz, 152.72 W, 68 %, 10835 MiB
2026/10/03 00:41:23.898, 2, 59, 1202 MHz, 105.96 W, 31 %, 10869 MiB
2026/10/03 00:41:24.901, 0, 54, 1088 MHz, 120.78 W, 96 %, 10837 MiB
2026/10/03 00:41:24.913, 1, 61, 1189 MHz, 37.41 W, 66 %, 10835 MiB
2026/10/03 00:41:24.916, 2, 59, 1189 MHz, 41.61 W, 66 %, 10869 MiB
2026/10/03 00:41:25.919, 0, 53, 1189 MHz, 135.17 W, 96 %, 10837 MiB
2026/10/03 00:41:25.930, 1, 61, 1139 MHz, 54.65 W, 42 %, 10835 MiB
2026/10/03 00:41:25.938, 2, 59, 1265 MHz, 68.07 W, 42 %, 10869 MiB
2026/10/03 00:41:26.945, 0, 53, 1227 MHz, 87.20 W, 91 %, 10837 MiB
2026/10/03 00:41:26.952, 1, 61, 1189 MHz, 44.08 W, 42 %, 10835 MiB
2026/10/03 00:41:26.955, 2, 59, 1189 MHz, 58.33 W, 41 %, 10869 MiB
2026/10/03 00:41:27.958, 0, 54, 1177 MHz, 85.60 W, 50 %, 10837 MiB
2026/10/03 00:41:27.962, 1, 61, 1189 MHz, 47.39 W, 47 %, 10835 MiB
2026/10/03 00:41:27.965, 2, 60, 1139 MHz, 66.74 W, 91 %, 10869 MiB
2026/10/03 00:41:28.968, 0, 54, 1177 MHz, 147.34 W, 94 %, 10837 MiB
2026/10/03 00:41:28.971, 1, 61, 1101 MHz, 124.15 W, 47 %, 10835 MiB
2026/10/03 00:41:28.984, 2, 60, 1063 MHz, 124.82 W, 45 %, 10869 MiB
2026/10/03 00:41:29.991, 0, 54, 1189 MHz, 72.67 W, 92 %, 10837 MiB
2026/10/03 00:41:29.994, 1, 61, 1189 MHz, 79.99 W, 42 %, 10835 MiB
2026/10/03 00:41:30.001, 2, 59, 1189 MHz, 102.77 W, 43 %, 10869 MiB
2026/10/03 00:41:31.007, 0, 54, 1126 MHz, 98.14 W, 68 %, 10837 MiB
2026/10/03 00:41:31.011, 1, 61, 1189 MHz, 49.75 W, 90 %, 10835 MiB
2026/10/03 00:41:31.014, 2, 59, 1139 MHz, 66.04 W, 44 %, 10869 MiB
2026/10/03 00:41:32.029, 0, 53, 1189 MHz, 37.48 W, 87 %, 10837 MiB
2026/10/03 00:41:32.033, 1, 60, 1189 MHz, 37.70 W, 57 %, 10835 MiB
2026/10/03 00:41:32.036, 2, 60, 1075 MHz, 62.04 W, 50 %, 10869 MiB
2026/10/03 00:41:33.045, 0, 54, 1202 MHz, 72.07 W, 93 %, 10837 MiB
2026/10/03 00:41:33.050, 1, 61, 1189 MHz, 44.08 W, 43 %, 10835 MiB
2026/10/03 00:41:33.053, 2, 59, 1189 MHz, 58.25 W, 43 %, 10869 MiB
2026/10/03 00:41:34.056, 0, 54, 1215 MHz, 80.94 W, 77 %, 10837 MiB
2026/10/03 00:41:34.059, 1, 61, 1189 MHz, 60.91 W, 45 %, 10835 MiB
2026/10/03 00:41:34.072, 2, 59, 1303 MHz, 63.92 W, 43 %, 10869 MiB
2026/10/03 00:41:35.087, 0, 54, 1265 MHz, 49.41 W, 77 %, 10837 MiB
2026/10/03 00:41:35.094, 1, 61, 1189 MHz, 106.28 W, 83 %, 10835 MiB
2026/10/03 00:41:35.097, 2, 59, 1189 MHz, 80.17 W, 36 %, 10869 MiB
2026/10/03 00:41:36.106, 0, 54, 1126 MHz, 132.92 W, 92 %, 10837 MiB
2026/10/03 00:41:36.118, 1, 61, 1101 MHz, 80.49 W, 57 %, 10835 MiB
2026/10/03 00:41:36.121, 2, 60, 1075 MHz, 116.54 W, 50 %, 10869 MiB
2026/10/03 00:41:37.133, 0, 53, 1189 MHz, 107.61 W, 89 %, 10837 MiB
2026/10/03 00:41:37.137, 1, 61, 1189 MHz, 59.27 W, 49 %, 10835 MiB
2026/10/03 00:41:37.140, 2, 59, 1189 MHz, 65.79 W, 48 %, 10869 MiB
2026/10/03 00:41:38.148, 0, 54, 1189 MHz, 91.05 W, 94 %, 10837 MiB
2026/10/03 00:41:38.158, 1, 60, 1151 MHz, 133.59 W, 23 %, 10835 MiB
2026/10/03 00:41:38.161, 2, 59, 1189 MHz, 126.36 W, 19 %, 10869 MiB
2026/10/03 00:41:39.164, 0, 53, 1290 MHz, 37.19 W, 64 %, 10837 MiB
2026/10/03 00:41:39.167, 1, 61, 1189 MHz, 36.94 W, 68 %, 10835 MiB
2026/10/03 00:41:39.170, 2, 60, 1075 MHz, 115.28 W, 65 %, 10869 MiB
2026/10/03 00:41:40.176, 0, 54, 1177 MHz, 128.22 W, 94 %, 10837 MiB
2026/10/03 00:41:40.183, 1, 61, 1189 MHz, 56.54 W, 44 %, 10835 MiB
2026/10/03 00:41:40.186, 2, 60, 1164 MHz, 76.78 W, 44 %, 10869 MiB
2026/10/03 00:41:41.196, 0, 53, 1227 MHz, 74.39 W, 77 %, 10837 MiB
2026/10/03 00:41:41.201, 1, 61, 1189 MHz, 42.69 W, 39 %, 10835 MiB
2026/10/03 00:41:41.204, 2, 59, 1189 MHz, 54.32 W, 44 %, 10869 MiB
2026/10/03 00:41:42.208, 0, 54, 1189 MHz, 71.77 W, 100 %, 10837 MiB
2026/10/03 00:41:42.211, 1, 61, 1189 MHz, 133.69 W, 67 %, 10835 MiB
2026/10/03 00:41:42.214, 2, 59, 1189 MHz, 105.82 W, 69 %, 10869 MiB
2026/10/03 00:41:43.219, 0, 54, 1215 MHz, 126.97 W, 92 %, 10837 MiB
2026/10/03 00:41:43.227, 1, 61, 1126 MHz, 146.74 W, 43 %, 10835 MiB
2026/10/03 00:41:43.230, 2, 59, 1189 MHz, 135.34 W, 45 %, 10869 MiB
2026/10/03 00:41:44.240, 0, 54, 1240 MHz, 43.08 W, 91 %, 10837 MiB
2026/10/03 00:41:44.246, 1, 60, 1189 MHz, 127.33 W, 32 %, 10835 MiB
2026/10/03 00:41:44.249, 2, 59, 1189 MHz, 88.01 W, 31 %, 10869 MiB
2026/10/03 00:41:45.252, 0, 54, 1202 MHz, 56.98 W, 46 %, 10837 MiB
2026/10/03 00:41:45.256, 1, 61, 1252 MHz, 80.49 W, 57 %, 10835 MiB
2026/10/03 00:41:45.259, 2, 60, 1189 MHz, 48.63 W, 81 %, 10869 MiB
2026/10/03 00:41:46.268, 0, 54, 1139 MHz, 135.17 W, 94 %, 10837 MiB
2026/10/03 00:41:46.277, 1, 61, 1088 MHz, 120.25 W, 42 %, 10835 MiB
2026/10/03 00:41:46.280, 2, 60, 1101 MHz, 125.29 W, 43 %, 10869 MiB
2026/10/03 00:41:47.290, 0, 54, 1227 MHz, 47.28 W, 90 %, 10837 MiB
2026/10/03 00:41:47.297, 1, 61, 1278 MHz, 117.01 W, 43 %, 10835 MiB
2026/10/03 00:41:47.300, 2, 60, 1189 MHz, 76.94 W, 43 %, 10869 MiB
2026/10/03 00:41:48.310, 0, 54, 1215 MHz, 41.39 W, 58 %, 10837 MiB
2026/10/03 00:41:48.314, 1, 61, 1316 MHz, 156.47 W, 60 %, 10835 MiB
2026/10/03 00:41:48.317, 2, 59, 1189 MHz, 80.10 W, 31 %, 10869 MiB
2026/10/03 00:41:49.322, 0, 54, 1088 MHz, 120.14 W, 93 %, 10837 MiB
2026/10/03 00:41:49.327, 1, 61, 1189 MHz, 38.83 W, 68 %, 10835 MiB
2026/10/03 00:41:49.332, 2, 60, 1202 MHz, 45.57 W, 68 %, 10869 MiB
2026/10/03 00:41:50.335, 0, 54, 1265 MHz, 66.38 W, 91 %, 10837 MiB
2026/10/03 00:41:50.343, 1, 61, 1290 MHz, 159.04 W, 44 %, 10835 MiB
2026/10/03 00:41:50.346, 2, 59, 1252 MHz, 125.40 W, 42 %, 10869 MiB
2026/10/03 00:41:51.373, 0, 54, 1189 MHz, 100.42 W, 82 %, 10837 MiB
2026/10/03 00:41:51.376, 1, 61, 1252 MHz, 51.11 W, 48 %, 10835 MiB
2026/10/03 00:41:51.380, 2, 59, 1189 MHz, 67.88 W, 49 %, 10869 MiB
2026/10/03 00:41:52.383, 0, 53, 1189 MHz, 47.31 W, 93 %, 10837 MiB
2026/10/03 00:41:52.394, 1, 61, 1215 MHz, 111.03 W, 43 %, 10835 MiB
2026/10/03 00:41:52.397, 2, 59, 1189 MHz, 80.40 W, 44 %, 10869 MiB
2026/10/03 00:41:53.401, 0, 54, 1316 MHz, 165.95 W, 94 %, 10837 MiB
2026/10/03 00:41:53.412, 1, 61, 1139 MHz, 59.53 W, 44 %, 10835 MiB
2026/10/03 00:41:53.420, 2, 59, 1240 MHz, 84.20 W, 45 %, 10869 MiB
2026/10/03 00:41:54.423, 0, 53, 1240 MHz, 53.63 W, 96 %, 10837 MiB
2026/10/03 00:41:54.431, 1, 61, 1189 MHz, 117.77 W, 45 %, 10835 MiB
2026/10/03 00:41:54.434, 2, 59, 1189 MHz, 46.62 W, 43 %, 10869 MiB
2026/10/03 00:41:55.438, 0, 53, 1189 MHz, 98.82 W, 85 %, 10837 MiB
2026/10/03 00:41:55.441, 1, 61, 1252 MHz, 56.46 W, 44 %, 10835 MiB
2026/10/03 00:41:55.445, 2, 59, 1189 MHz, 89.92 W, 46 %, 10869 MiB
2026/10/03 00:41:56.450, 0, 54, 1215 MHz, 53.43 W, 93 %, 10837 MiB
2026/10/03 00:41:56.454, 1, 61, 1202 MHz, 93.72 W, 55 %, 10835 MiB
2026/10/03 00:41:56.457, 2, 59, 1189 MHz, 49.78 W, 43 %, 10869 MiB
2026/10/03 00:41:57.460, 0, 54, 1278 MHz, 153.24 W, 92 %, 10837 MiB
2026/10/03 00:41:57.463, 1, 61, 1177 MHz, 74.39 W, 46 %, 10835 MiB
2026/10/03 00:41:57.473, 2, 59, 1139 MHz, 82.09 W, 46 %, 10869 MiB
2026/10/03 00:41:58.480, 0, 53, 1189 MHz, 99.38 W, 94 %, 10837 MiB
2026/10/03 00:41:58.484, 1, 61, 1189 MHz, 106.01 W, 48 %, 10835 MiB
2026/10/03 00:41:58.498, 2, 59, 1189 MHz, 135.99 W, 43 %, 10869 MiB
2026/10/03 00:41:59.502, 0, 54, 1202 MHz, 57.50 W, 95 %, 10837 MiB
2026/10/03 00:41:59.505, 1, 61, 1202 MHz, 53.43 W, 43 %, 10835 MiB
2026/10/03 00:41:59.508, 2, 59, 1189 MHz, 52.15 W, 43 %, 10869 MiB
2026/10/03 00:42:00.511, 0, 54, 1265 MHz, 56.22 W, 97 %, 10837 MiB
2026/10/03 00:42:00.515, 1, 61, 1189 MHz, 88.85 W, 50 %, 10835 MiB
2026/10/03 00:42:00.520, 2, 59, 1252 MHz, 62.52 W, 47 %, 10869 MiB
2026/10/03 00:42:01.528, 0, 54, 1215 MHz, 148.07 W, 84 %, 10837 MiB
2026/10/03 00:42:01.531, 1, 61, 1126 MHz, 63.02 W, 49 %, 10835 MiB
2026/10/03 00:42:01.534, 2, 59, 1189 MHz, 92.98 W, 51 %, 10869 MiB
2026/10/03 00:42:02.547, 0, 53, 1265 MHz, 90.34 W, 91 %, 10837 MiB
2026/10/03 00:42:02.550, 1, 61, 1252 MHz, 103.01 W, 42 %, 10835 MiB
2026/10/03 00:42:02.570, 2, 59, 1265 MHz, 138.27 W, 43 %, 10869 MiB
2026/10/03 00:42:03.574, 0, 54, 1189 MHz, 53.47 W, 90 %, 10837 MiB
2026/10/03 00:42:03.577, 1, 61, 1278 MHz, 78.84 W, 42 %, 10835 MiB
2026/10/03 00:42:03.585, 2, 59, 1278 MHz, 50.24 W, 43 %, 10869 MiB
2026/10/03 00:42:04.590, 0, 53, 1189 MHz, 119.09 W, 93 %, 10837 MiB
2026/10/03 00:42:04.593, 1, 61, 1189 MHz, 51.51 W, 48 %, 10835 MiB
2026/10/03 00:42:04.596, 2, 59, 1202 MHz, 81.41 W, 48 %, 10869 MiB
2026/10/03 00:42:05.599, 0, 53, 1189 MHz, 46.67 W, 92 %, 10837 MiB
2026/10/03 00:42:05.602, 1, 61, 1290 MHz, 44.08 W, 42 %, 10835 MiB
2026/10/03 00:42:05.607, 2, 59, 1189 MHz, 46.61 W, 51 %, 10869 MiB
2026/10/03 00:42:06.610, 0, 53, 1189 MHz, 39.53 W, 95 %, 10837 MiB
2026/10/03 00:42:06.617, 1, 60, 1189 MHz, 125.51 W, 38 %, 10835 MiB
2026/10/03 00:42:06.620, 2, 59, 1189 MHz, 66.97 W, 37 %, 10869 MiB
2026/10/03 00:42:07.623, 0, 53, 1189 MHz, 74.13 W, 86 %, 10837 MiB
2026/10/03 00:42:07.626, 1, 60, 1189 MHz, 68.11 W, 41 %, 10835 MiB
2026/10/03 00:42:07.631, 2, 59, 1189 MHz, 90.60 W, 45 %, 10869 MiB
2026/10/03 00:42:08.641, 0, 53, 1151 MHz, 68.53 W, 92 %, 10837 MiB
2026/10/03 00:42:08.651, 1, 61, 1189 MHz, 53.87 W, 42 %, 10835 MiB
2026/10/03 00:42:08.655, 2, 60, 1189 MHz, 51.23 W, 45 %, 10869 MiB
2026/10/03 00:42:09.662, 0, 53, 1303 MHz, 58.20 W, 94 %, 10837 MiB
2026/10/03 00:42:09.666, 1, 60, 1189 MHz, 130.44 W, 49 %, 10835 MiB
2026/10/03 00:42:09.669, 2, 59, 1189 MHz, 95.13 W, 49 %, 10869 MiB
2026/10/03 00:42:10.672, 0, 53, 1240 MHz, 131.77 W, 93 %, 10837 MiB
2026/10/03 00:42:10.675, 1, 61, 1215 MHz, 54.57 W, 43 %, 10835 MiB
2026/10/03 00:42:10.681, 2, 59, 1189 MHz, 78.26 W, 42 %, 10869 MiB
2026/10/03 00:42:11.684, 0, 54, 1265 MHz, 88.42 W, 83 %, 10837 MiB
2026/10/03 00:42:11.692, 1, 61, 1189 MHz, 47.40 W, 46 %, 10835 MiB
2026/10/03 00:42:11.695, 2, 60, 1139 MHz, 67.92 W, 43 %, 10869 MiB
2026/10/03 00:42:12.698, 0, 53, 1303 MHz, 139.65 W, 91 %, 10837 MiB
2026/10/03 00:42:12.701, 1, 61, 1126 MHz, 90.92 W, 55 %, 10835 MiB
2026/10/03 00:42:12.707, 2, 59, 1189 MHz, 130.48 W, 48 %, 10869 MiB
2026/10/03 00:42:13.715, 0, 54, 1303 MHz, 120.05 W, 91 %, 10837 MiB
2026/10/03 00:42:13.718, 1, 61, 1189 MHz, 48.78 W, 44 %, 10835 MiB
2026/10/03 00:42:13.724, 2, 59, 1189 MHz, 65.56 W, 56 %, 10869 MiB
2026/10/03 00:42:14.731, 0, 54, 1177 MHz, 58.16 W, 89 %, 10837 MiB
2026/10/03 00:42:14.742, 1, 60, 1189 MHz, 87.54 W, 55 %, 10835 MiB
2026/10/03 00:42:14.747, 2, 59, 1189 MHz, 48.19 W, 49 %, 10869 MiB
2026/10/03 00:42:15.756, 0, 53, 1189 MHz, 53.59 W, 93 %, 10837 MiB
2026/10/03 00:42:15.761, 1, 61, 1252 MHz, 155.20 W, 45 %, 10835 MiB
2026/10/03 00:42:15.773, 2, 59, 1189 MHz, 124.12 W, 45 %, 10869 MiB
2026/10/03 00:42:16.776, 0, 53, 1189 MHz, 128.77 W, 93 %, 10837 MiB
2026/10/03 00:42:16.783, 1, 61, 1215 MHz, 51.53 W, 46 %, 10835 MiB
2026/10/03 00:42:16.789, 2, 59, 1189 MHz, 71.73 W, 44 %, 10869 MiB
2026/10/03 00:42:17.800, 0, 54, 1189 MHz, 80.23 W, 95 %, 10837 MiB
2026/10/03 00:42:17.810, 1, 61, 1189 MHz, 43.87 W, 46 %, 10835 MiB
2026/10/03 00:42:17.815, 2, 59, 1202 MHz, 58.48 W, 61 %, 10869 MiB
2026/10/03 00:42:18.819, 0, 53, 1189 MHz, 40.92 W, 93 %, 10837 MiB
2026/10/03 00:42:18.822, 1, 60, 1290 MHz, 150.29 W, 55 %, 10835 MiB
2026/10/03 00:42:18.827, 2, 59, 1316 MHz, 114.63 W, 45 %, 10869 MiB
2026/10/03 00:42:19.833, 0, 53, 1189 MHz, 43.31 W, 96 %, 10837 MiB
2026/10/03 00:42:19.836, 1, 61, 1240 MHz, 99.10 W, 46 %, 10835 MiB
2026/10/03 00:42:19.839, 2, 59, 1189 MHz, 80.92 W, 49 %, 10869 MiB
2026/10/03 00:42:20.842, 0, 53, 1202 MHz, 139.28 W, 75 %, 10837 MiB
2026/10/03 00:42:20.845, 1, 61, 1290 MHz, 67.42 W, 44 %, 10835 MiB
2026/10/03 00:42:20.848, 2, 59, 1139 MHz, 102.86 W, 43 %, 10869 MiB
2026/10/03 00:42:21.855, 0, 53, 1189 MHz, 99.45 W, 90 %, 10837 MiB
2026/10/03 00:42:21.859, 1, 61, 1316 MHz, 71.40 W, 49 %, 10835 MiB
2026/10/03 00:42:21.862, 2, 59, 1189 MHz, 81.54 W, 50 %, 10869 MiB
2026/10/03 00:42:22.865, 0, 53, 1202 MHz, 135.87 W, 88 %, 10837 MiB
2026/10/03 00:42:22.871, 1, 61, 1126 MHz, 79.52 W, 41 %, 10835 MiB
2026/10/03 00:42:22.874, 2, 59, 1151 MHz, 121.36 W, 42 %, 10869 MiB
2026/10/03 00:42:23.880, 0, 53, 1189 MHz, 92.83 W, 91 %, 10837 MiB
2026/10/03 00:42:23.885, 1, 61, 1189 MHz, 48.02 W, 48 %, 10835 MiB
2026/10/03 00:42:23.888, 2, 59, 1189 MHz, 135.90 W, 47 %, 10869 MiB
2026/10/03 00:42:24.901, 0, 53, 1290 MHz, 135.30 W, 95 %, 10837 MiB
2026/10/03 00:42:24.913, 1, 61, 1189 MHz, 48.81 W, 44 %, 10835 MiB
2026/10/03 00:42:24.918, 2, 59, 1202 MHz, 72.59 W, 43 %, 10869 MiB
2026/10/03 00:42:25.921, 0, 53, 1240 MHz, 83.42 W, 96 %, 10837 MiB
2026/10/03 00:42:25.924, 1, 60, 1189 MHz, 46.91 W, 41 %, 10835 MiB
2026/10/03 00:42:25.927, 2, 59, 1189 MHz, 70.24 W, 35 %, 10869 MiB
2026/10/03 00:42:26.932, 0, 54, 1151 MHz, 89.32 W, 86 %, 10837 MiB
2026/10/03 00:42:26.939, 1, 61, 1189 MHz, 46.20 W, 39 %, 10835 MiB
2026/10/03 00:42:26.942, 2, 59, 1189 MHz, 66.74 W, 45 %, 10869 MiB
2026/10/03 00:42:27.947, 0, 53, 1290 MHz, 97.03 W, 90 %, 10837 MiB
2026/10/03 00:42:27.953, 1, 61, 1215 MHz, 115.00 W, 55 %, 10835 MiB
2026/10/03 00:42:27.961, 2, 59, 1189 MHz, 130.70 W, 44 %, 10869 MiB
2026/10/03 00:42:28.967, 0, 54, 1278 MHz, 57.17 W, 91 %, 10837 MiB
2026/10/03 00:42:28.971, 1, 60, 1189 MHz, 91.02 W, 49 %, 10835 MiB
2026/10/03 00:42:28.974, 2, 59, 1189 MHz, 48.63 W, 50 %, 10869 MiB
2026/10/03 00:42:29.979, 0, 53, 1240 MHz, 47.72 W, 93 %, 10837 MiB
2026/10/03 00:42:29.982, 1, 61, 1215 MHz, 142.36 W, 42 %, 10835 MiB
2026/10/03 00:42:29.989, 2, 59, 1202 MHz, 108.24 W, 44 %, 10869 MiB
2026/10/03 00:42:30.992, 0, 54, 1151 MHz, 62.19 W, 95 %, 10837 MiB
2026/10/03 00:42:31.003, 1, 60, 1189 MHz, 89.79 W, 41 %, 10835 MiB
2026/10/03 00:42:31.006, 2, 59, 1189 MHz, 50.05 W, 45 %, 10869 MiB
2026/10/03 00:42:32.012, 0, 54, 1126 MHz, 101.39 W, 96 %, 10837 MiB
2026/10/03 00:42:32.015, 1, 61, 1240 MHz, 68.58 W, 41 %, 10835 MiB
2026/10/03 00:42:32.029, 2, 59, 1189 MHz, 43.94 W, 43 %, 10869 MiB
2026/10/03 00:42:33.032, 0, 54, 1151 MHz, 72.26 W, 96 %, 10837 MiB
2026/10/03 00:42:33.036, 1, 61, 1189 MHz, 45.97 W, 44 %, 10835 MiB
2026/10/03 00:42:33.039, 2, 59, 1189 MHz, 64.63 W, 54 %, 10869 MiB
2026/10/03 00:42:34.046, 0, 53, 1202 MHz, 47.05 W, 93 %, 10837 MiB
2026/10/03 00:42:34.052, 1, 61, 1290 MHz, 105.02 W, 59 %, 10835 MiB
2026/10/03 00:42:34.055, 2, 59, 1303 MHz, 49.30 W, 47 %, 10869 MiB
2026/10/03 00:42:35.060, 0, 53, 1189 MHz, 88.19 W, 95 %, 10837 MiB
2026/10/03 00:42:35.068, 1, 61, 1189 MHz, 45.26 W, 40 %, 10835 MiB
2026/10/03 00:42:35.075, 2, 59, 1189 MHz, 57.06 W, 42 %, 10869 MiB
2026/10/03 00:42:36.082, 0, 53, 1278 MHz, 49.64 W, 66 %, 10837 MiB
2026/10/03 00:42:36.086, 1, 60, 1189 MHz, 114.51 W, 39 %, 10835 MiB
2026/10/03 00:42:36.092, 2, 59, 1265 MHz, 79.45 W, 47 %, 10869 MiB
2026/10/03 00:42:37.096, 0, 53, 1177 MHz, 151.76 W, 92 %, 10837 MiB
2026/10/03 00:42:37.101, 1, 61, 1303 MHz, 64.20 W, 45 %, 10835 MiB
2026/10/03 00:42:37.104, 2, 59, 1139 MHz, 98.52 W, 44 %, 10869 MiB
2026/10/03 00:42:38.111, 0, 53, 1202 MHz, 98.29 W, 86 %, 10837 MiB
2026/10/03 00:42:38.114, 1, 61, 1189 MHz, 64.42 W, 43 %, 10835 MiB
2026/10/03 00:42:38.117, 2, 59, 1189 MHz, 81.31 W, 48 %, 10869 MiB
2026/10/03 00:42:39.120, 0, 53, 1202 MHz, 97.07 W, 89 %, 10837 MiB
2026/10/03 00:42:39.123, 1, 61, 1202 MHz, 143.50 W, 40 %, 10835 MiB
2026/10/03 00:42:39.126, 2, 59, 1278 MHz, 145.98 W, 43 %, 10869 MiB
2026/10/03 00:42:40.131, 0, 54, 1126 MHz, 84.42 W, 90 %, 10837 MiB
2026/10/03 00:42:40.135, 1, 61, 1202 MHz, 47.63 W, 44 %, 10835 MiB
2026/10/03 00:42:40.140, 2, 59, 1240 MHz, 65.95 W, 43 %, 10869 MiB
2026/10/03 00:42:41.143, 0, 53, 1189 MHz, 138.82 W, 96 %, 10837 MiB
2026/10/03 00:42:41.155, 1, 61, 1215 MHz, 47.55 W, 44 %, 10835 MiB
2026/10/03 00:42:41.158, 2, 59, 1215 MHz, 71.53 W, 44 %, 10869 MiB
2026/10/03 00:42:42.161, 0, 53, 1290 MHz, 43.45 W, 80 %, 10837 MiB
2026/10/03 00:42:42.164, 1, 60, 1215 MHz, 135.54 W, 45 %, 10835 MiB
2026/10/03 00:42:42.169, 2, 59, 1189 MHz, 110.34 W, 43 %, 10869 MiB
2026/10/03 00:42:43.176, 0, 54, 1189 MHz, 44.95 W, 89 %, 10837 MiB
2026/10/03 00:42:43.179, 1, 61, 1189 MHz, 86.28 W, 50 %, 10835 MiB
2026/10/03 00:42:43.187, 2, 59, 1240 MHz, 95.76 W, 48 %, 10869 MiB
2026/10/03 00:42:44.190, 0, 53, 1240 MHz, 74.56 W, 77 %, 10837 MiB
2026/10/03 00:42:44.193, 1, 60, 1189 MHz, 45.26 W, 39 %, 10835 MiB
2026/10/03 00:42:44.198, 2, 59, 1189 MHz, 64.63 W, 52 %, 10869 MiB
2026/10/03 00:42:45.201, 0, 53, 1303 MHz, 133.45 W, 87 %, 10837 MiB
2026/10/03 00:42:45.204, 1, 61, 1189 MHz, 97.63 W, 65 %, 10835 MiB
2026/10/03 00:42:45.215, 2, 59, 1164 MHz, 111.85 W, 52 %, 10869 MiB
2026/10/03 00:42:46.224, 0, 54, 1227 MHz, 70.42 W, 94 %, 10837 MiB
2026/10/03 00:42:46.228, 1, 61, 1189 MHz, 47.11 W, 47 %, 10835 MiB
2026/10/03 00:42:46.234, 2, 59, 1189 MHz, 51.44 W, 46 %, 10869 MiB
2026/10/03 00:42:47.241, 0, 53, 1189 MHz, 73.20 W, 91 %, 10837 MiB
2026/10/03 00:42:47.245, 1, 60, 1189 MHz, 43.16 W, 40 %, 10835 MiB
2026/10/03 00:42:47.248, 2, 59, 1189 MHz, 61.36 W, 58 %, 10869 MiB
2026/10/03 00:42:48.251, 0, 53, 1278 MHz, 151.46 W, 91 %, 10837 MiB
2026/10/03 00:42:48.254, 1, 61, 1189 MHz, 70.43 W, 46 %, 10835 MiB
2026/10/03 00:42:48.263, 2, 59, 1189 MHz, 94.13 W, 41 %, 10869 MiB
2026/10/03 00:42:49.273, 0, 54, 1189 MHz, 51.33 W, 91 %, 10837 MiB
2026/10/03 00:42:49.277, 1, 60, 1240 MHz, 109.26 W, 47 %, 10835 MiB
2026/10/03 00:42:49.281, 2, 59, 1189 MHz, 46.74 W, 41 %, 10869 MiB
2026/10/03 00:42:50.284, 0, 54, 1278 MHz, 56.34 W, 90 %, 10837 MiB
2026/10/03 00:42:50.291, 1, 61, 1278 MHz, 102.93 W, 43 %, 10835 MiB
2026/10/03 00:42:50.300, 2, 59, 1265 MHz, 47.45 W, 42 %, 10869 MiB
2026/10/03 00:42:51.303, 0, 54, 1240 MHz, 53.90 W, 93 %, 10837 MiB
2026/10/03 00:42:51.306, 1, 61, 1189 MHz, 100.71 W, 50 %, 10835 MiB
2026/10/03 00:42:51.309, 2, 59, 1265 MHz, 50.26 W, 48 %, 10869 MiB
2026/10/03 00:42:52.314, 0, 54, 1189 MHz, 76.66 W, 95 %, 10837 MiB
2026/10/03 00:42:52.317, 1, 60, 1189 MHz, 127.06 W, 49 %, 10835 MiB
2026/10/03 00:42:52.322, 2, 59, 1227 MHz, 113.95 W, 47 %, 10869 MiB
2026/10/03 00:42:53.325, 0, 53, 1189 MHz, 104.03 W, 92 %, 10837 MiB
2026/10/03 00:42:53.329, 1, 61, 1215 MHz, 53.18 W, 45 %, 10835 MiB
2026/10/03 00:42:53.332, 2, 59, 1252 MHz, 153.33 W, 43 %, 10869 MiB
2026/10/03 00:42:54.345, 0, 54, 1189 MHz, 50.22 W, 95 %, 10837 MiB
2026/10/03 00:42:54.348, 1, 61, 1101 MHz, 72.87 W, 45 %, 10835 MiB
2026/10/03 00:42:54.351, 2, 59, 1189 MHz, 48.88 W, 43 %, 10869 MiB
2026/10/03 00:42:55.354, 0, 54, 1101 MHz, 49.65 W, 93 %, 10837 MiB
2026/10/03 00:42:55.364, 1, 60, 1215 MHz, 131.49 W, 48 %, 10835 MiB
2026/10/03 00:42:55.367, 2, 59, 1189 MHz, 69.27 W, 49 %, 10869 MiB
2026/10/03 00:42:56.370, 0, 53, 1189 MHz, 137.53 W, 96 %, 10837 MiB
2026/10/03 00:42:56.373, 1, 61, 1139 MHz, 63.54 W, 50 %, 10835 MiB
2026/10/03 00:42:56.376, 2, 59, 1189 MHz, 111.39 W, 55 %, 10869 MiB
2026/10/03 00:42:57.379, 0, 53, 1189 MHz, 48.03 W, 93 %, 10837 MiB
2026/10/03 00:42:57.386, 1, 61, 1189 MHz, 102.17 W, 60 %, 10835 MiB
2026/10/03 00:42:57.391, 2, 59, 1189 MHz, 50.68 W, 39 %, 10869 MiB
2026/10/03 00:42:58.394, 0, 54, 1189 MHz, 91.13 W, 93 %, 10837 MiB
2026/10/03 00:42:58.397, 1, 60, 1227 MHz, 61.34 W, 41 %, 10835 MiB
2026/10/03 00:42:58.401, 2, 59, 1202 MHz, 87.40 W, 45 %, 10869 MiB
2026/10/03 00:42:59.411, 0, 53, 1316 MHz, 84.30 W, 74 %, 10837 MiB
2026/10/03 00:42:59.415, 1, 61, 1240 MHz, 146.92 W, 47 %, 10835 MiB
2026/10/03 00:42:59.418, 2, 59, 1215 MHz, 109.86 W, 56 %, 10869 MiB
2026/10/03 00:43:00.421, 0, 53, 1316 MHz, 125.67 W, 92 %, 10837 MiB
2026/10/03 00:43:00.429, 1, 61, 1189 MHz, 114.82 W, 47 %, 10835 MiB
2026/10/03 00:43:00.437, 2, 59, 1177 MHz, 141.79 W, 41 %, 10869 MiB
2026/10/03 00:43:01.442, 0, 53, 1278 MHz, 90.26 W, 85 %, 10837 MiB
2026/10/03 00:43:01.452, 1, 61, 1189 MHz, 47.16 W, 41 %, 10835 MiB
2026/10/03 00:43:01.455, 2, 59, 1113 MHz, 58.48 W, 59 %, 10869 MiB
2026/10/03 00:43:02.465, 0, 53, 1240 MHz, 114.97 W, 92 %, 10837 MiB
2026/10/03 00:43:02.474, 1, 61, 1215 MHz, 48.29 W, 63 %, 10835 MiB
2026/10/03 00:43:02.478, 2, 59, 1189 MHz, 85.09 W, 51 %, 10869 MiB
2026/10/03 00:43:03.488, 0, 54, 1189 MHz, 62.19 W, 94 %, 10837 MiB
2026/10/03 00:43:03.500, 1, 60, 1290 MHz, 63.70 W, 42 %, 10835 MiB
2026/10/03 00:43:03.503, 2, 59, 1189 MHz, 49.31 W, 46 %, 10869 MiB
2026/10/03 00:43:04.508, 0, 54, 1189 MHz, 94.75 W, 89 %, 10837 MiB
2026/10/03 00:43:04.516, 1, 60, 1252 MHz, 105.70 W, 42 %, 10835 MiB
2026/10/03 00:43:04.527, 2, 59, 1252 MHz, 150.18 W, 55 %, 10869 MiB
2026/10/03 00:43:05.536, 0, 54, 1189 MHz, 72.31 W, 91 %, 10837 MiB
2026/10/03 00:43:05.539, 1, 61, 1189 MHz, 44.82 W, 44 %, 10835 MiB
2026/10/03 00:43:05.545, 2, 59, 1164 MHz, 53.80 W, 50 %, 10869 MiB
2026/10/03 00:43:06.554, 0, 54, 1189 MHz, 50.15 W, 91 %, 10837 MiB
2026/10/03 00:43:06.560, 1, 60, 1215 MHz, 116.36 W, 43 %, 10835 MiB
2026/10/03 00:43:06.567, 2, 59, 1189 MHz, 81.92 W, 49 %, 10869 MiB
2026/10/03 00:43:07.572, 0, 54, 1240 MHz, 78.82 W, 81 %, 10837 MiB
2026/10/03 00:43:07.576, 1, 61, 1278 MHz, 49.49 W, 49 %, 10835 MiB
2026/10/03 00:43:07.579, 2, 59, 1278 MHz, 56.16 W, 44 %, 10869 MiB
2026/10/03 00:43:08.584, 0, 54, 1189 MHz, 83.02 W, 89 %, 10837 MiB
2026/10/03 00:43:08.588, 1, 61, 1189 MHz, 45.71 W, 50 %, 10835 MiB
2026/10/03 00:43:08.593, 2, 59, 1265 MHz, 55.22 W, 46 %, 10869 MiB
2026/10/03 00:43:09.597, 0, 53, 1202 MHz, 64.75 W, 88 %, 10837 MiB
2026/10/03 00:43:09.601, 1, 61, 1189 MHz, 53.87 W, 50 %, 10835 MiB
2026/10/03 00:43:09.604, 2, 59, 1227 MHz, 50.02 W, 47 %, 10869 MiB
2026/10/03 00:43:10.609, 0, 54, 1189 MHz, 49.64 W, 89 %, 10837 MiB
2026/10/03 00:43:10.612, 1, 60, 1189 MHz, 115.26 W, 45 %, 10835 MiB
2026/10/03 00:43:10.617, 2, 59, 1227 MHz, 47.63 W, 46 %, 10869 MiB
2026/10/03 00:43:11.620, 0, 54, 1189 MHz, 48.02 W, 90 %, 10837 MiB
2026/10/03 00:43:11.628, 1, 60, 1189 MHz, 103.23 W, 50 %, 10835 MiB
2026/10/03 00:43:11.631, 2, 59, 1189 MHz, 52.75 W, 51 %, 10869 MiB
2026/10/03 00:43:12.639, 0, 53, 1316 MHz, 90.59 W, 92 %, 10837 MiB
2026/10/03 00:43:12.643, 1, 60, 1189 MHz, 130.24 W, 50 %, 10835 MiB
2026/10/03 00:43:12.646, 2, 59, 1189 MHz, 106.84 W, 49 %, 10869 MiB
2026/10/03 00:43:13.649, 0, 53, 1316 MHz, 134.70 W, 93 %, 10837 MiB
2026/10/03 00:43:13.654, 1, 61, 1177 MHz, 76.27 W, 48 %, 10835 MiB
2026/10/03 00:43:13.667, 2, 59, 1189 MHz, 110.05 W, 50 %, 10869 MiB
2026/10/03 00:43:14.670, 0, 54, 1316 MHz, 167.44 W, 93 %, 10837 MiB
2026/10/03 00:43:14.673, 1, 61, 1126 MHz, 73.53 W, 48 %, 10835 MiB
2026/10/03 00:43:14.676, 2, 59, 1139 MHz, 111.84 W, 50 %, 10869 MiB
2026/10/03 00:43:15.687, 0, 54, 1278 MHz, 65.93 W, 95 %, 10837 MiB
2026/10/03 00:43:15.690, 1, 60, 1189 MHz, 61.35 W, 51 %, 10835 MiB
2026/10/03 00:43:15.693, 2, 59, 1189 MHz, 50.99 W, 50 %, 10869 MiB
2026/10/03 00:43:16.701, 0, 54, 1303 MHz, 128.63 W, 95 %, 10837 MiB
2026/10/03 00:43:16.710, 1, 60, 1189 MHz, 49.28 W, 43 %, 10835 MiB
2026/10/03 00:43:16.713, 2, 59, 1189 MHz, 64.62 W, 43 %, 10869 MiB
2026/10/03 00:43:17.720, 0, 54, 1215 MHz, 67.35 W, 97 %, 10837 MiB
2026/10/03 00:43:17.732, 1, 60, 1265 MHz, 50.15 W, 50 %, 10835 MiB
2026/10/03 00:43:17.735, 2, 59, 1177 MHz, 55.41 W, 43 %, 10869 MiB
2026/10/03 00:43:18.744, 0, 54, 1240 MHz, 46.83 W, 95 %, 10837 MiB
2026/10/03 00:43:18.751, 1, 61, 1252 MHz, 125.58 W, 50 %, 10835 MiB
2026/10/03 00:43:18.754, 2, 59, 1189 MHz, 64.85 W, 43 %, 10869 MiB
2026/10/03 00:43:19.757, 0, 54, 1177 MHz, 75.57 W, 94 %, 10837 MiB
2026/10/03 00:43:19.760, 1, 61, 1189 MHz, 44.56 W, 50 %, 10835 MiB
2026/10/03 00:43:19.763, 2, 59, 1189 MHz, 52.62 W, 48 %, 10869 MiB
2026/10/03 00:43:20.773, 0, 54, 1189 MHz, 51.78 W, 93 %, 10837 MiB
2026/10/03 00:43:20.777, 1, 61, 1189 MHz, 101.65 W, 50 %, 10835 MiB
2026/10/03 00:43:20.780, 2, 59, 1240 MHz, 51.33 W, 48 %, 10869 MiB
2026/10/03 00:43:21.788, 0, 54, 1202 MHz, 77.64 W, 94 %, 10837 MiB
2026/10/03 00:43:21.791, 1, 60, 1189 MHz, 125.42 W, 51 %, 10835 MiB
2026/10/03 00:43:21.795, 2, 59, 1227 MHz, 120.32 W, 48 %, 10869 MiB
2026/10/03 00:43:22.800, 0, 54, 1227 MHz, 46.12 W, 93 %, 10837 MiB
2026/10/03 00:43:22.803, 1, 60, 1189 MHz, 122.99 W, 46 %, 10835 MiB
2026/10/03 00:43:22.807, 2, 59, 1189 MHz, 88.20 W, 47 %, 10869 MiB
2026/10/03 00:43:23.812, 0, 53, 1240 MHz, 121.91 W, 93 %, 10837 MiB
2026/10/03 00:43:23.822, 1, 61, 1151 MHz, 129.67 W, 50 %, 10835 MiB
2026/10/03 00:43:23.825, 2, 59, 1189 MHz, 132.87 W, 47 %, 10869 MiB
2026/10/03 00:43:24.834, 0, 54, 1189 MHz, 45.65 W, 93 %, 10837 MiB
2026/10/03 00:43:24.838, 1, 60, 1215 MHz, 130.67 W, 43 %, 10835 MiB
2026/10/03 00:43:24.842, 2, 59, 1290 MHz, 105.29 W, 43 %, 10869 MiB
2026/10/03 00:43:25.847, 0, 54, 1189 MHz, 52.92 W, 96 %, 10837 MiB
2026/10/03 00:43:25.851, 1, 61, 1189 MHz, 99.24 W, 44 %, 10835 MiB
2026/10/03 00:43:25.856, 2, 59, 1227 MHz, 50.25 W, 40 %, 10869 MiB
2026/10/03 00:43:26.859, 0, 54, 1202 MHz, 58.15 W, 91 %, 10837 MiB
2026/10/03 00:43:26.862, 1, 60, 1189 MHz, 95.14 W, 41 %, 10835 MiB
2026/10/03 00:43:26.868, 2, 59, 1189 MHz, 49.34 W, 42 %, 10869 MiB
2026/10/03 00:43:27.874, 0, 54, 1189 MHz, 139.17 W, 90 %, 10837 MiB
2026/10/03 00:43:27.880, 1, 61, 1126 MHz, 58.40 W, 49 %, 10835 MiB
2026/10/03 00:43:27.889, 2, 60, 1189 MHz, 68.63 W, 44 %, 10869 MiB
2026/10/03 00:43:28.897, 0, 54, 1215 MHz, 144.94 W, 93 %, 10837 MiB
2026/10/03 00:43:28.901, 1, 61, 1139 MHz, 56.99 W, 49 %, 10835 MiB
2026/10/03 00:43:28.910, 2, 59, 1189 MHz, 63.25 W, 49 %, 10869 MiB
2026/10/03 00:43:29.919, 0, 54, 1177 MHz, 85.84 W, 93 %, 10837 MiB
2026/10/03 00:43:29.925, 1, 61, 1189 MHz, 46.45 W, 49 %, 10835 MiB
2026/10/03 00:43:29.932, 2, 59, 1189 MHz, 49.81 W, 48 %, 10869 MiB
2026/10/03 00:43:30.943, 0, 53, 1290 MHz, 103.25 W, 95 %, 10837 MiB
2026/10/03 00:43:30.957, 1, 61, 1189 MHz, 46.45 W, 50 %, 10835 MiB
2026/10/03 00:43:30.960, 2, 59, 1189 MHz, 58.96 W, 43 %, 10869 MiB
2026/10/03 00:43:31.968, 0, 54, 1139 MHz, 75.12 W, 96 %, 10837 MiB
2026/10/03 00:43:31.971, 1, 61, 1265 MHz, 46.92 W, 47 %, 10835 MiB
2026/10/03 00:43:31.976, 2, 59, 1189 MHz, 52.38 W, 43 %, 10869 MiB
2026/10/03 00:43:32.987, 0, 53, 1278 MHz, 144.74 W, 92 %, 10837 MiB
2026/10/03 00:43:32.990, 1, 61, 1240 MHz, 82.80 W, 45 %, 10835 MiB
2026/10/03 00:43:32.999, 2, 59, 1265 MHz, 114.63 W, 43 %, 10869 MiB
2026/10/03 00:43:34.002, 0, 54, 1189 MHz, 54.72 W, 95 %, 10837 MiB
2026/10/03 00:43:34.008, 1, 60, 1290 MHz, 155.60 W, 43 %, 10835 MiB
2026/10/03 00:43:34.011, 2, 59, 1240 MHz, 110.03 W, 40 %, 10869 MiB
2026/10/03 00:43:35.016, 0, 54, 1189 MHz, 49.85 W, 88 %, 10837 MiB
2026/10/03 00:43:35.019, 1, 60, 1252 MHz, 126.28 W, 41 %, 10835 MiB
2026/10/03 00:43:35.026, 2, 59, 1265 MHz, 89.18 W, 42 %, 10869 MiB
2026/10/03 00:43:36.035, 0, 53, 1189 MHz, 95.13 W, 91 %, 10837 MiB
2026/10/03 00:43:36.038, 1, 61, 1278 MHz, 65.84 W, 50 %, 10835 MiB
2026/10/03 00:43:36.045, 2, 59, 1189 MHz, 84.39 W, 51 %, 10869 MiB
2026/10/03 00:43:37.049, 0, 54, 1227 MHz, 48.23 W, 90 %, 10837 MiB
2026/10/03 00:43:37.054, 1, 61, 1189 MHz, 112.16 W, 43 %, 10835 MiB
2026/10/03 00:43:37.059, 2, 59, 1189 MHz, 74.40 W, 43 %, 10869 MiB
2026/10/03 00:43:38.062, 0, 54, 1189 MHz, 64.79 W, 91 %, 10837 MiB
2026/10/03 00:43:38.065, 1, 61, 1189 MHz, 76.81 W, 43 %, 10835 MiB
2026/10/03 00:43:38.071, 2, 59, 1202 MHz, 54.51 W, 43 %, 10869 MiB
2026/10/03 00:43:39.074, 0, 54, 1215 MHz, 135.01 W, 94 %, 10837 MiB
2026/10/03 00:43:39.082, 1, 60, 1151 MHz, 74.19 W, 40 %, 10835 MiB
2026/10/03 00:43:39.085, 2, 59, 1189 MHz, 139.98 W, 44 %, 10869 MiB
2026/10/03 00:43:40.088, 0, 54, 1303 MHz, 130.35 W, 66 %, 10837 MiB
2026/10/03 00:43:40.091, 1, 60, 1240 MHz, 107.56 W, 46 %, 10835 MiB
2026/10/03 00:43:40.100, 2, 59, 1227 MHz, 141.48 W, 41 %, 10869 MiB
2026/10/03 00:43:41.108, 0, 54, 1189 MHz, 75.04 W, 99 %, 10837 MiB
2026/10/03 00:43:41.112, 1, 61, 1189 MHz, 43.37 W, 36 %, 10835 MiB
2026/10/03 00:43:41.116, 2, 59, 1189 MHz, 55.73 W, 41 %, 10869 MiB
2026/10/03 00:43:42.119, 0, 54, 1240 MHz, 46.57 W, 71 %, 10837 MiB
2026/10/03 00:43:42.125, 1, 60, 1189 MHz, 102.83 W, 35 %, 10835 MiB
2026/10/03 00:43:42.128, 2, 59, 1189 MHz, 85.38 W, 58 %, 10869 MiB
2026/10/03 00:43:43.137, 0, 54, 1126 MHz, 74.61 W, 90 %, 10837 MiB
2026/10/03 00:43:43.141, 1, 61, 1189 MHz, 44.79 W, 75 %, 10835 MiB
2026/10/03 00:43:43.144, 2, 59, 1189 MHz, 52.89 W, 46 %, 10869 MiB
2026/10/03 00:43:44.155, 0, 54, 1303 MHz, 55.48 W, 94 %, 10837 MiB
2026/10/03 00:43:44.158, 1, 60, 1202 MHz, 144.67 W, 40 %, 10835 MiB
2026/10/03 00:43:44.165, 2, 59, 1189 MHz, 121.53 W, 38 %, 10869 MiB
2026/10/03 00:43:45.174, 0, 54, 1240 MHz, 52.80 W, 67 %, 10837 MiB
2026/10/03 00:43:45.177, 1, 61, 1240 MHz, 67.84 W, 47 %, 10835 MiB
2026/10/03 00:43:45.183, 2, 59, 1189 MHz, 50.73 W, 72 %, 10869 MiB
2026/10/03 00:43:46.186, 0, 53, 1240 MHz, 107.13 W, 81 %, 10837 MiB
2026/10/03 00:43:46.192, 1, 61, 1290 MHz, 45.97 W, 65 %, 10835 MiB
2026/10/03 00:43:46.205, 2, 59, 1189 MHz, 66.98 W, 57 %, 10869 MiB
2026/10/03 00:43:47.208, 0, 54, 1177 MHz, 67.82 W, 97 %, 10837 MiB
2026/10/03 00:43:47.218, 1, 61, 1189 MHz, 75.16 W, 44 %, 10835 MiB
2026/10/03 00:43:47.223, 2, 59, 1189 MHz, 49.82 W, 43 %, 10869 MiB
2026/10/03 00:43:48.226, 0, 54, 1151 MHz, 72.25 W, 70 %, 10837 MiB
2026/10/03 00:43:48.229, 1, 61, 1189 MHz, 49.53 W, 47 %, 10835 MiB
2026/10/03 00:43:48.232, 2, 60, 1113 MHz, 57.59 W, 73 %, 10869 MiB
2026/10/03 00:43:49.242, 0, 54, 1075 MHz, 64.75 W, 94 %, 10837 MiB
2026/10/03 00:43:49.246, 1, 60, 1265 MHz, 51.51 W, 48 %, 10835 MiB
2026/10/03 00:43:49.249, 2, 59, 1290 MHz, 43.24 W, 47 %, 10869 MiB
2026/10/03 00:43:50.252, 0, 54, 1164 MHz, 52.48 W, 92 %, 10837 MiB
2026/10/03 00:43:50.255, 1, 61, 1189 MHz, 40.49 W, 58 %, 10835 MiB
2026/10/03 00:43:50.258, 2, 60, 1088 MHz, 121.73 W, 62 %, 10869 MiB
2026/10/03 00:43:51.271, 0, 54, 1278 MHz, 146.25 W, 95 %, 10837 MiB
2026/10/03 00:43:51.274, 1, 61, 1151 MHz, 132.22 W, 52 %, 10835 MiB
2026/10/03 00:43:51.277, 2, 59, 1265 MHz, 154.27 W, 44 %, 10869 MiB
2026/10/03 00:43:52.289, 0, 54, 1189 MHz, 47.07 W, 92 %, 10837 MiB
2026/10/03 00:43:52.295, 1, 61, 1189 MHz, 111.60 W, 41 %, 10835 MiB
2026/10/03 00:43:52.298, 2, 59, 1189 MHz, 59.50 W, 43 %, 10869 MiB
2026/10/03 00:43:53.301, 0, 54, 1189 MHz, 137.76 W, 94 %, 10837 MiB
2026/10/03 00:43:53.304, 1, 61, 1139 MHz, 60.72 W, 44 %, 10835 MiB
2026/10/03 00:43:53.313, 2, 59, 1139 MHz, 73.02 W, 39 %, 10869 MiB
2026/10/03 00:43:54.317, 0, 54, 1189 MHz, 65.97 W, 91 %, 10837 MiB
2026/10/03 00:43:54.321, 1, 61, 1252 MHz, 47.60 W, 42 %, 10835 MiB
2026/10/03 00:43:54.324, 2, 59, 1189 MHz, 53.84 W, 50 %, 10869 MiB
2026/10/03 00:43:55.331, 0, 54, 1227 MHz, 52.25 W, 89 %, 10837 MiB
2026/10/03 00:43:55.335, 1, 60, 1189 MHz, 98.65 W, 42 %, 10835 MiB
2026/10/03 00:43:55.338, 2, 59, 1189 MHz, 52.51 W, 43 %, 10869 MiB
2026/10/03 00:43:56.343, 0, 54, 1151 MHz, 128.46 W, 83 %, 10837 MiB
2026/10/03 00:43:56.347, 1, 61, 1177 MHz, 52.80 W, 49 %, 10835 MiB
2026/10/03 00:43:56.356, 2, 60, 1227 MHz, 61.98 W, 44 %, 10869 MiB
2026/10/03 00:43:57.364, 0, 54, 1202 MHz, 92.73 W, 64 %, 10837 MiB
2026/10/03 00:43:57.368, 1, 61, 1189 MHz, 45.03 W, 32 %, 10835 MiB
2026/10/03 00:43:57.375, 2, 59, 1202 MHz, 58.80 W, 46 %, 10869 MiB
2026/10/03 00:43:58.379, 0, 54, 1151 MHz, 56.47 W, 90 %, 10837 MiB
2026/10/03 00:43:58.389, 1, 61, 1189 MHz, 91.67 W, 77 %, 10835 MiB
2026/10/03 00:43:58.392, 2, 59, 1189 MHz, 48.91 W, 44 %, 10869 MiB
2026/10/03 00:43:59.398, 0, 54, 1303 MHz, 47.08 W, 94 %, 10837 MiB
2026/10/03 00:43:59.402, 1, 60, 1202 MHz, 100.11 W, 47 %, 10835 MiB
2026/10/03 00:43:59.405, 2, 59, 1189 MHz, 46.03 W, 38 %, 10869 MiB
2026/10/03 00:44:00.410, 0, 54, 1240 MHz, 46.84 W, 65 %, 10837 MiB
2026/10/03 00:44:00.414, 1, 61, 1189 MHz, 114.35 W, 32 %, 10835 MiB
2026/10/03 00:44:00.420, 2, 59, 1189 MHz, 82.98 W, 62 %, 10869 MiB
2026/10/03 00:44:01.423, 0, 54, 1278 MHz, 145.48 W, 77 %, 10837 MiB
2026/10/03 00:44:01.427, 1, 61, 1126 MHz, 88.10 W, 79 %, 10835 MiB
2026/10/03 00:44:01.430, 2, 59, 1189 MHz, 132.34 W, 45 %, 10869 MiB
2026/10/03 00:44:02.433, 0, 54, 1088 MHz, 122.65 W, 95 %, 10837 MiB
2026/10/03 00:44:02.436, 1, 61, 1265 MHz, 39.54 W, 47 %, 10835 MiB
2026/10/03 00:44:02.443, 2, 59, 1189 MHz, 42.79 W, 43 %, 10869 MiB
2026/10/03 00:44:03.448, 0, 54, 1177 MHz, 98.71 W, 93 %, 10837 MiB
2026/10/03 00:44:03.463, 1, 61, 1189 MHz, 45.19 W, 59 %, 10835 MiB
2026/10/03 00:44:03.466, 2, 60, 1088 MHz, 122.20 W, 62 %, 10869 MiB
2026/10/03 00:44:04.475, 0, 54, 1189 MHz, 80.18 W, 93 %, 10837 MiB
2026/10/03 00:44:04.478, 1, 60, 1189 MHz, 132.57 W, 48 %, 10835 MiB
2026/10/03 00:44:04.492, 2, 59, 1265 MHz, 145.21 W, 44 %, 10869 MiB
2026/10/03 00:44:05.504, 0, 54, 1278 MHz, 69.71 W, 92 %, 10837 MiB
2026/10/03 00:44:05.507, 1, 61, 1215 MHz, 46.40 W, 43 %, 10835 MiB
2026/10/03 00:44:05.510, 2, 59, 1202 MHz, 55.68 W, 43 %, 10869 MiB
2026/10/03 00:44:06.517, 0, 54, 1189 MHz, 84.89 W, 90 %, 10837 MiB
2026/10/03 00:44:06.523, 1, 60, 1189 MHz, 46.45 W, 50 %, 10835 MiB
2026/10/03 00:44:06.527, 2, 59, 1240 MHz, 56.44 W, 44 %, 10869 MiB
2026/10/03 00:44:07.530, 0, 54, 1189 MHz, 135.01 W, 88 %, 10837 MiB
2026/10/03 00:44:07.533, 1, 61, 1215 MHz, 61.37 W, 44 %, 10835 MiB
2026/10/03 00:44:07.536, 2, 59, 1316 MHz, 113.02 W, 43 %, 10869 MiB
2026/10/03 00:44:08.545, 0, 54, 1240 MHz, 56.32 W, 73 %, 10837 MiB
2026/10/03 00:44:08.551, 1, 61, 1265 MHz, 66.73 W, 58 %, 10835 MiB
2026/10/03 00:44:08.554, 2, 59, 1189 MHz, 71.88 W, 48 %, 10869 MiB
2026/10/03 00:44:09.555, 0, 53, 1189 MHz, 134.73 W, 100 %, 10837 MiB
2026/10/03 00:44:09.558, 1, 61, 1139 MHz, 68.56 W, 38 %, 10835 MiB
2026/10/03 00:44:09.561, 2, 59, 1189 MHz, 113.43 W, 32 %, 10869 MiB
2026/10/03 00:44:10.570, 0, 54, 1202 MHz, 59.35 W, 68 %, 10837 MiB
2026/10/03 00:44:10.575, 1, 61, 1189 MHz, 41.95 W, 35 %, 10835 MiB
2026/10/03 00:44:10.578, 2, 59, 1189 MHz, 56.92 W, 80 %, 10869 MiB
2026/10/03 00:44:11.581, 0, 54, 1151 MHz, 76.51 W, 94 %, 10837 MiB
2026/10/03 00:44:11.584, 1, 61, 1189 MHz, 46.45 W, 64 %, 10835 MiB
2026/10/03 00:44:11.587, 2, 59, 1189 MHz, 56.36 W, 49 %, 10869 MiB
2026/10/03 00:44:12.596, 0, 54, 1101 MHz, 78.78 W, 94 %, 10837 MiB
2026/10/03 00:44:12.601, 1, 60, 1189 MHz, 37.95 W, 46 %, 10835 MiB
2026/10/03 00:44:12.604, 2, 59, 1189 MHz, 41.20 W, 48 %, 10869 MiB
2026/10/03 00:44:13.607, 0, 54, 1189 MHz, 51.77 W, 95 %, 10837 MiB
2026/10/03 00:44:13.610, 1, 61, 1189 MHz, 40.72 W, 48 %, 10835 MiB
2026/10/03 00:44:13.613, 2, 60, 1063 MHz, 119.25 W, 48 %, 10869 MiB
2026/10/03 00:44:14.619, 0, 54, 1189 MHz, 59.54 W, 91 %, 10837 MiB
2026/10/03 00:44:14.623, 1, 61, 1189 MHz, 80.67 W, 50 %, 10835 MiB
2026/10/03 00:44:14.626, 2, 60, 1189 MHz, 53.29 W, 43 %, 10869 MiB
2026/10/03 00:44:15.630, 0, 54, 1189 MHz, 51.82 W, 89 %, 10837 MiB
2026/10/03 00:44:15.633, 1, 61, 1202 MHz, 69.80 W, 43 %, 10835 MiB
2026/10/03 00:44:15.636, 2, 59, 1202 MHz, 46.98 W, 44 %, 10869 MiB
2026/10/03 00:44:16.646, 0, 53, 1303 MHz, 145.01 W, 89 %, 10837 MiB
2026/10/03 00:44:16.651, 1, 61, 1126 MHz, 70.67 W, 32 %, 10835 MiB
2026/10/03 00:44:16.654, 2, 59, 1189 MHz, 99.69 W, 51 %, 10869 MiB
2026/10/03 00:44:17.667, 0, 53, 1252 MHz, 123.99 W, 88 %, 10837 MiB
2026/10/03 00:44:17.671, 1, 61, 1290 MHz, 48.98 W, 42 %, 10835 MiB
2026/10/03 00:44:17.674, 2, 59, 1189 MHz, 91.31 W, 62 %, 10869 MiB
2026/10/03 00:44:18.677, 0, 54, 1316 MHz, 169.65 W, 75 %, 10837 MiB
2026/10/03 00:44:18.690, 1, 61, 1189 MHz, 59.54 W, 56 %, 10835 MiB
2026/10/03 00:44:18.693, 2, 60, 1164 MHz, 106.85 W, 42 %, 10869 MiB
2026/10/03 00:44:19.696, 0, 54, 1215 MHz, 45.86 W, 100 %, 10837 MiB
2026/10/03 00:44:19.699, 1, 61, 1189 MHz, 87.94 W, 39 %, 10835 MiB
2026/10/03 00:44:19.702, 2, 59, 1189 MHz, 88.38 W, 59 %, 10869 MiB
2026/10/03 00:44:20.707, 0, 53, 1252 MHz, 60.79 W, 73 %, 10837 MiB
2026/10/03 00:44:20.712, 1, 60, 1189 MHz, 130.49 W, 39 %, 10835 MiB
2026/10/03 00:44:20.715, 2, 60, 1189 MHz, 97.94 W, 46 %, 10869 MiB
2026/10/03 00:44:21.719, 0, 54, 1177 MHz, 63.31 W, 93 %, 10837 MiB
2026/10/03 00:44:21.722, 1, 61, 1088 MHz, 116.68 W, 58 %, 10835 MiB
2026/10/03 00:44:21.725, 2, 60, 1113 MHz, 52.88 W, 42 %, 10869 MiB
2026/10/03 00:44:22.733, 0, 54, 1290 MHz, 124.58 W, 95 %, 10837 MiB
2026/10/03 00:44:22.739, 1, 61, 1189 MHz, 133.03 W, 49 %, 10835 MiB
2026/10/03 00:44:22.742, 2, 59, 1265 MHz, 131.09 W, 43 %, 10869 MiB
2026/10/03 00:44:23.748, 0, 54, 1189 MHz, 61.52 W, 94 %, 10837 MiB
2026/10/03 00:44:23.752, 1, 61, 1278 MHz, 96.48 W, 49 %, 10835 MiB
2026/10/03 00:44:23.759, 2, 59, 1252 MHz, 47.68 W, 41 %, 10869 MiB
2026/10/03 00:44:24.764, 0, 53, 1189 MHz, 126.00 W, 89 %, 10837 MiB
2026/10/03 00:44:24.767, 1, 61, 1151 MHz, 78.62 W, 44 %, 10835 MiB
2026/10/03 00:44:24.770, 2, 59, 1290 MHz, 124.47 W, 43 %, 10869 MiB
2026/10/03 00:44:25.782, 0, 54, 1278 MHz, 115.43 W, 70 %, 10837 MiB
2026/10/03 00:44:25.785, 1, 61, 1189 MHz, 50.79 W, 58 %, 10835 MiB
2026/10/03 00:44:25.788, 2, 59, 1189 MHz, 107.47 W, 50 %, 10869 MiB
2026/10/03 00:44:26.791, 0, 54, 1189 MHz, 51.38 W, 100 %, 10837 MiB
2026/10/03 00:44:26.796, 1, 60, 1189 MHz, 86.74 W, 50 %, 10835 MiB
2026/10/03 00:44:26.801, 2, 59, 1189 MHz, 48.40 W, 31 %, 10869 MiB
2026/10/03 00:44:27.804, 0, 53, 1189 MHz, 97.41 W, 89 %, 10837 MiB
2026/10/03 00:44:27.818, 1, 61, 1240 MHz, 45.98 W, 52 %, 10835 MiB
2026/10/03 00:44:27.825, 2, 60, 1189 MHz, 58.96 W, 70 %, 10869 MiB
2026/10/03 00:44:28.828, 0, 54, 1189 MHz, 39.08 W, 94 %, 10837 MiB
2026/10/03 00:44:28.834, 1, 61, 1088 MHz, 73.44 W, 49 %, 10835 MiB
2026/10/03 00:44:28.843, 2, 59, 1189 MHz, 41.64 W, 48 %, 10869 MiB
2026/10/03 00:44:29.846, 0, 54, 1215 MHz, 143.93 W, 94 %, 10837 MiB
2026/10/03 00:44:29.850, 1, 61, 1126 MHz, 132.62 W, 44 %, 10835 MiB
2026/10/03 00:44:29.853, 2, 60, 1189 MHz, 135.01 W, 43 %, 10869 MiB
2026/10/03 00:44:30.856, 0, 53, 1189 MHz, 93.91 W, 91 %, 10837 MiB
2026/10/03 00:44:30.862, 1, 61, 1189 MHz, 46.82 W, 45 %, 10835 MiB
2026/10/03 00:44:30.870, 2, 59, 1189 MHz, 58.44 W, 45 %, 10869 MiB
2026/10/03 00:44:31.873, 0, 54, 1215 MHz, 55.28 W, 89 %, 10837 MiB
2026/10/03 00:44:31.877, 1, 61, 1189 MHz, 93.68 W, 52 %, 10835 MiB
2026/10/03 00:44:31.880, 2, 60, 1189 MHz, 50.28 W, 43 %, 10869 MiB
2026/10/03 00:44:32.883, 0, 53, 1189 MHz, 83.01 W, 74 %, 10837 MiB
2026/10/03 00:44:32.888, 1, 61, 1189 MHz, 42.45 W, 76 %, 10835 MiB
2026/10/03 00:44:32.893, 2, 59, 1189 MHz, 61.60 W, 32 %, 10869 MiB
2026/10/03 00:44:33.897, 0, 54, 1189 MHz, 49.44 W, 94 %, 10837 MiB
2026/10/03 00:44:33.910, 1, 60, 1189 MHz, 122.39 W, 34 %, 10835 MiB
2026/10/03 00:44:33.913, 2, 59, 1189 MHz, 78.33 W, 36 %, 10869 MiB
2026/10/03 00:44:34.918, 0, 54, 1240 MHz, 116.94 W, 62 %, 10837 MiB
2026/10/03 00:44:34.923, 1, 61, 1177 MHz, 56.07 W, 45 %, 10835 MiB
2026/10/03 00:44:34.926, 2, 60, 1151 MHz, 87.68 W, 61 %, 10869 MiB
2026/10/03 00:44:35.929, 0, 54, 1189 MHz, 46.37 W, 94 %, 10837 MiB
2026/10/03 00:44:35.935, 1, 61, 1088 MHz, 115.53 W, 66 %, 10835 MiB
2026/10/03 00:44:35.942, 2, 59, 1189 MHz, 46.07 W, 43 %, 10869 MiB
2026/10/03 00:44:36.945, 0, 54, 1189 MHz, 66.87 W, 93 %, 10837 MiB
2026/10/03 00:44:36.953, 1, 61, 1189 MHz, 128.22 W, 48 %, 10835 MiB
2026/10/03 00:44:36.959, 2, 59, 1189 MHz, 113.07 W, 49 %, 10869 MiB
2026/10/03 00:44:37.962, 0, 54, 1252 MHz, 44.47 W, 95 %, 10837 MiB
2026/10/03 00:44:37.967, 1, 61, 1290 MHz, 142.36 W, 44 %, 10835 MiB
2026/10/03 00:44:37.970, 2, 59, 1189 MHz, 77.39 W, 43 %, 10869 MiB
2026/10/03 00:44:38.975, 0, 54, 1278 MHz, 140.43 W, 91 %, 10837 MiB
2026/10/03 00:44:38.978, 1, 61, 1252 MHz, 86.52 W, 43 %, 10835 MiB
2026/10/03 00:44:38.984, 2, 59, 1189 MHz, 138.53 W, 47 %, 10869 MiB
2026/10/03 00:44:39.994, 0, 53, 1202 MHz, 45.19 W, 70 %, 10837 MiB
2026/10/03 00:44:40.000, 1, 61, 1215 MHz, 83.51 W, 44 %, 10835 MiB
2026/10/03 00:44:40.005, 2, 59, 1240 MHz, 92.07 W, 44 %, 10869 MiB
2026/10/03 00:44:41.010, 0, 54, 1189 MHz, 96.71 W, 100 %, 10837 MiB
2026/10/03 00:44:41.015, 1, 61, 1252 MHz, 66.30 W, 45 %, 10835 MiB
2026/10/03 00:44:41.018, 2, 59, 1189 MHz, 111.71 W, 29 %, 10869 MiB
2026/10/03 00:44:42.021, 0, 54, 1189 MHz, 37.25 W, 95 %, 10837 MiB
2026/10/03 00:44:42.025, 1, 60, 1189 MHz, 37.47 W, 61 %, 10835 MiB
2026/10/03 00:44:42.028, 2, 60, 1126 MHz, 53.10 W, 81 %, 10869 MiB
2026/10/03 00:44:43.031, 0, 54, 1278 MHz, 148.87 W, 95 %, 10837 MiB
2026/10/03 00:44:43.034, 1, 61, 1151 MHz, 132.15 W, 44 %, 10835 MiB
2026/10/03 00:44:43.041, 2, 59, 1164 MHz, 138.65 W, 43 %, 10869 MiB
2026/10/03 00:44:44.044, 0, 54, 1189 MHz, 45.89 W, 88 %, 10837 MiB
2026/10/03 00:44:44.051, 1, 61, 1252 MHz, 130.40 W, 42 %, 10835 MiB
2026/10/03 00:44:44.054, 2, 59, 1290 MHz, 68.14 W, 43 %, 10869 MiB
2026/10/03 00:44:45.060, 0, 54, 1189 MHz, 128.57 W, 91 %, 10837 MiB
2026/10/03 00:44:45.065, 1, 61, 1189 MHz, 72.54 W, 51 %, 10835 MiB
2026/10/03 00:44:45.069, 2, 59, 1265 MHz, 139.87 W, 44 %, 10869 MiB
2026/10/03 00:44:46.072, 0, 54, 1189 MHz, 117.98 W, 97 %, 10837 MiB
2026/10/03 00:44:46.086, 1, 61, 1189 MHz, 49.93 W, 42 %, 10835 MiB
2026/10/03 00:44:46.089, 2, 59, 1139 MHz, 71.37 W, 32 %, 10869 MiB
2026/10/03 00:44:47.092, 0, 54, 1189 MHz, 43.05 W, 77 %, 10837 MiB
2026/10/03 00:44:47.096, 1, 61, 1189 MHz, 94.55 W, 53 %, 10835 MiB
2026/10/03 00:44:47.101, 2, 60, 1189 MHz, 88.50 W, 73 %, 10869 MiB
2026/10/03 00:44:48.106, 0, 54, 1189 MHz, 37.01 W, 91 %, 10837 MiB
2026/10/03 00:44:48.110, 1, 61, 1189 MHz, 81.86 W, 48 %, 10835 MiB
2026/10/03 00:44:48.117, 2, 59, 1189 MHz, 41.34 W, 51 %, 10869 MiB
2026/10/03 00:44:49.122, 0, 54, 1202 MHz, 140.06 W, 92 %, 10837 MiB
2026/10/03 00:44:49.132, 1, 61, 1126 MHz, 126.20 W, 66 %, 10835 MiB
2026/10/03 00:44:49.141, 2, 60, 1139 MHz, 131.03 W, 42 %, 10869 MiB
2026/10/03 00:44:50.150, 0, 54, 1240 MHz, 49.41 W, 96 %, 10837 MiB
2026/10/03 00:44:50.157, 1, 61, 1290 MHz, 147.60 W, 43 %, 10835 MiB
2026/10/03 00:44:50.160, 2, 59, 1202 MHz, 79.43 W, 44 %, 10869 MiB
2026/10/03 00:44:51.163, 0, 54, 1316 MHz, 87.77 W, 90 %, 10837 MiB
2026/10/03 00:44:51.169, 1, 60, 1303 MHz, 126.23 W, 44 %, 10835 MiB
2026/10/03 00:44:51.179, 2, 60, 1189 MHz, 125.29 W, 45 %, 10869 MiB
2026/10/03 00:44:52.182, 0, 53, 1316 MHz, 142.84 W, 84 %, 10837 MiB
2026/10/03 00:44:52.185, 1, 61, 1252 MHz, 62.17 W, 58 %, 10835 MiB
2026/10/03 00:44:52.189, 2, 59, 1126 MHz, 76.02 W, 43 %, 10869 MiB
2026/10/03 00:44:53.197, 0, 54, 1177 MHz, 132.36 W, 100 %, 10837 MiB
2026/10/03 00:44:53.200, 1, 61, 1189 MHz, 56.06 W, 42 %, 10835 MiB
2026/10/03 00:44:53.204, 2, 59, 1189 MHz, 83.27 W, 52 %, 10869 MiB
2026/10/03 00:44:54.212, 0, 54, 1189 MHz, 41.43 W, 98 %, 10837 MiB
2026/10/03 00:44:54.218, 1, 61, 1189 MHz, 38.36 W, 59 %, 10835 MiB
2026/10/03 00:44:54.221, 2, 60, 1063 MHz, 117.44 W, 78 %, 10869 MiB
2026/10/03 00:44:55.224, 0, 54, 1202 MHz, 113.24 W, 95 %, 10837 MiB
2026/10/03 00:44:55.227, 1, 61, 1240 MHz, 54.43 W, 44 %, 10835 MiB
2026/10/03 00:44:55.231, 2, 59, 1202 MHz, 72.82 W, 48 %, 10869 MiB
2026/10/03 00:44:56.235, 0, 54, 1189 MHz, 60.01 W, 92 %, 10837 MiB
2026/10/03 00:44:56.240, 1, 61, 1189 MHz, 87.02 W, 43 %, 10835 MiB
2026/10/03 00:44:56.243, 2, 59, 1189 MHz, 52.18 W, 48 %, 10869 MiB
2026/10/03 00:44:57.246, 0, 54, 1202 MHz, 96.70 W, 85 %, 10837 MiB
2026/10/03 00:44:57.249, 1, 61, 1215 MHz, 60.40 W, 58 %, 10835 MiB
2026/10/03 00:44:57.252, 2, 59, 1278 MHz, 105.53 W, 45 %, 10869 MiB
2026/10/03 00:44:58.257, 0, 54, 1189 MHz, 72.49 W, 57 %, 10837 MiB
2026/10/03 00:44:58.260, 1, 61, 1189 MHz, 68.86 W, 41 %, 10835 MiB
2026/10/03 00:44:58.265, 2, 59, 1240 MHz, 109.94 W, 72 %, 10869 MiB
2026/10/03 00:44:59.268, 0, 54, 1189 MHz, 38.85 W, 99 %, 10837 MiB
2026/10/03 00:44:59.271, 1, 61, 1088 MHz, 113.72 W, 48 %, 10835 MiB
2026/10/03 00:44:59.276, 2, 59, 1189 MHz, 42.31 W, 58 %, 10869 MiB
2026/10/03 00:45:00.279, 0, 54, 1189 MHz, 52.48 W, 92 %, 10837 MiB
2026/10/03 00:45:00.287, 1, 61, 1189 MHz, 100.24 W, 43 %, 10835 MiB
2026/10/03 00:45:00.290, 2, 59, 1202 MHz, 53.22 W, 42 %, 10869 MiB
2026/10/03 00:45:01.298, 0, 54, 1189 MHz, 43.53 W, 88 %, 10837 MiB
2026/10/03 00:45:01.304, 1, 61, 1189 MHz, 100.84 W, 44 %, 10835 MiB
2026/10/03 00:45:01.307, 2, 59, 1227 MHz, 83.27 W, 43 %, 10869 MiB
2026/10/03 00:45:02.310, 0, 54, 1189 MHz, 52.93 W, 98 %, 10837 MiB
2026/10/03 00:45:02.313, 1, 61, 1189 MHz, 86.16 W, 31 %, 10835 MiB
2026/10/03 00:45:02.316, 2, 60, 1189 MHz, 49.10 W, 31 %, 10869 MiB
2026/10/03 00:45:03.323, 0, 54, 1202 MHz, 43.79 W, 70 %, 10837 MiB
2026/10/03 00:45:03.328, 1, 61, 1240 MHz, 91.39 W, 56 %, 10835 MiB
2026/10/03 00:45:03.331, 2, 60, 1240 MHz, 94.11 W, 79 %, 10869 MiB
2026/10/03 00:45:04.335, 0, 54, 1189 MHz, 40.72 W, 92 %, 10837 MiB
2026/10/03 00:45:04.338, 1, 61, 1088 MHz, 116.47 W, 50 %, 10835 MiB
2026/10/03 00:45:04.341, 2, 59, 1189 MHz, 43.49 W, 45 %, 10869 MiB
2026/10/03 00:45:05.346, 0, 54, 1177 MHz, 48.02 W, 93 %, 10837 MiB
2026/10/03 00:45:05.357, 1, 61, 1189 MHz, 114.49 W, 49 %, 10835 MiB
2026/10/03 00:45:05.360, 2, 59, 1189 MHz, 87.96 W, 42 %, 10869 MiB
2026/10/03 00:45:06.367, 0, 54, 1189 MHz, 100.43 W, 89 %, 10837 MiB
2026/10/03 00:45:06.371, 1, 61, 1278 MHz, 50.67 W, 44 %, 10835 MiB
2026/10/03 00:45:06.378, 2, 59, 1290 MHz, 69.06 W, 44 %, 10869 MiB
2026/10/03 00:45:07.383, 0, 53, 1189 MHz, 44.71 W, 56 %, 10837 MiB
2026/10/03 00:45:07.387, 1, 61, 1290 MHz, 92.56 W, 44 %, 10835 MiB
2026/10/03 00:45:07.393, 2, 59, 1189 MHz, 85.20 W, 62 %, 10869 MiB
2026/10/03 00:45:08.396, 0, 54, 1189 MHz, 44.00 W, 99 %, 10837 MiB
2026/10/03 00:45:08.399, 1, 61, 1215 MHz, 115.97 W, 79 %, 10835 MiB
2026/10/03 00:45:08.402, 2, 59, 1189 MHz, 78.15 W, 60 %, 10869 MiB
2026/10/03 00:45:09.405, 0, 54, 1088 MHz, 123.89 W, 97 %, 10837 MiB
2026/10/03 00:45:09.409, 1, 61, 1189 MHz, 41.91 W, 60 %, 10835 MiB
2026/10/03 00:45:09.412, 2, 60, 1189 MHz, 50.29 W, 43 %, 10869 MiB
2026/10/03 00:45:10.419, 0, 53, 1303 MHz, 82.30 W, 97 %, 10837 MiB
2026/10/03 00:45:10.431, 1, 61, 1189 MHz, 45.03 W, 41 %, 10835 MiB
2026/10/03 00:45:10.440, 2, 59, 1189 MHz, 55.89 W, 43 %, 10869 MiB
2026/10/03 00:45:11.443, 0, 54, 1316 MHz, 168.74 W, 90 %, 10837 MiB
2026/10/03 00:45:11.455, 1, 61, 1215 MHz, 55.36 W, 43 %, 10835 MiB
2026/10/03 00:45:11.465, 2, 60, 1139 MHz, 76.03 W, 51 %, 10869 MiB
2026/10/03 00:45:12.468, 0, 54, 1290 MHz, 149.17 W, 72 %, 10837 MiB
2026/10/03 00:45:12.479, 1, 61, 1189 MHz, 46.44 W, 31 %, 10835 MiB
2026/10/03 00:45:12.486, 2, 60, 1252 MHz, 69.53 W, 49 %, 10869 MiB
2026/10/03 00:45:13.489, 0, 54, 1240 MHz, 79.76 W, 68 %, 10837 MiB
2026/10/03 00:45:13.497, 1, 61, 1189 MHz, 44.32 W, 81 %, 10835 MiB
2026/10/03 00:45:13.507, 2, 59, 1189 MHz, 51.94 W, 52 %, 10869 MiB
2026/10/03 00:45:14.510, 0, 54, 1075 MHz, 122.18 W, 93 %, 10837 MiB
2026/10/03 00:45:14.521, 1, 61, 1189 MHz, 41.43 W, 50 %, 10835 MiB
2026/10/03 00:45:14.524, 2, 60, 1189 MHz, 48.16 W, 58 %, 10869 MiB
2026/10/03 00:45:15.531, 0, 54, 1240 MHz, 54.61 W, 93 %, 10837 MiB
2026/10/03 00:45:15.539, 1, 61, 1202 MHz, 108.32 W, 49 %, 10835 MiB
2026/10/03 00:45:15.542, 2, 59, 1189 MHz, 54.40 W, 44 %, 10869 MiB
2026/10/03 00:45:16.545, 0, 53, 1202 MHz, 121.62 W, 89 %, 10837 MiB
2026/10/03 00:45:16.548, 1, 61, 1189 MHz, 86.05 W, 41 %, 10835 MiB
2026/10/03 00:45:16.555, 2, 59, 1189 MHz, 147.28 W, 43 %, 10869 MiB
2026/10/03 00:45:17.561, 0, 53, 1265 MHz, 118.98 W, 67 %, 10837 MiB
2026/10/03 00:45:17.565, 1, 61, 1189 MHz, 125.40 W, 87 %, 10835 MiB
2026/10/03 00:45:17.568, 2, 59, 1189 MHz, 129.86 W, 33 %, 10869 MiB
2026/10/03 00:45:18.579, 0, 54, 1088 MHz, 60.77 W, 99 %, 10837 MiB
2026/10/03 00:45:18.587, 1, 60, 1189 MHz, 85.56 W, 45 %, 10835 MiB
2026/10/03 00:45:18.590, 2, 59, 1189 MHz, 83.15 W, 61 %, 10869 MiB
2026/10/03 00:45:19.606, 0, 54, 1126 MHz, 138.66 W, 94 %, 10837 MiB
2026/10/03 00:45:19.611, 1, 61, 1101 MHz, 125.32 W, 63 %, 10835 MiB
2026/10/03 00:45:19.614, 2, 60, 1139 MHz, 135.76 W, 42 %, 10869 MiB
2026/10/03 00:45:20.626, 0, 53, 1227 MHz, 94.42 W, 90 %, 10837 MiB
2026/10/03 00:45:20.630, 1, 61, 1278 MHz, 55.30 W, 44 %, 10835 MiB
2026/10/03 00:45:20.633, 2, 59, 1189 MHz, 72.26 W, 43 %, 10869 MiB
2026/10/03 00:45:21.636, 0, 54, 1252 MHz, 79.49 W, 89 %, 10837 MiB
2026/10/03 00:45:21.646, 1, 61, 1227 MHz, 61.81 W, 46 %, 10835 MiB
2026/10/03 00:45:21.649, 2, 59, 1189 MHz, 93.83 W, 62 %, 10869 MiB
2026/10/03 00:45:22.654, 0, 54, 1265 MHz, 74.51 W, 65 %, 10837 MiB
2026/10/03 00:45:22.658, 1, 61, 1189 MHz, 76.54 W, 85 %, 10835 MiB
2026/10/03 00:45:22.661, 2, 59, 1189 MHz, 92.13 W, 60 %, 10869 MiB
2026/10/03 00:45:23.666, 0, 54, 1075 MHz, 121.71 W, 96 %, 10837 MiB
2026/10/03 00:45:23.671, 1, 61, 1189 MHz, 40.49 W, 64 %, 10835 MiB
2026/10/03 00:45:23.674, 2, 60, 1189 MHz, 49.58 W, 43 %, 10869 MiB
2026/10/03 00:45:24.677, 0, 54, 1202 MHz, 71.08 W, 95 %, 10837 MiB
2026/10/03 00:45:24.680, 1, 61, 1189 MHz, 54.15 W, 46 %, 10835 MiB
2026/10/03 00:45:24.683, 2, 60, 1189 MHz, 53.08 W, 45 %, 10869 MiB
2026/10/03 00:45:25.693, 0, 54, 1290 MHz, 45.41 W, 90 %, 10837 MiB
2026/10/03 00:45:25.696, 1, 60, 1278 MHz, 146.57 W, 43 %, 10835 MiB
2026/10/03 00:45:25.699, 2, 59, 1189 MHz, 82.25 W, 62 %, 10869 MiB
2026/10/03 00:45:26.702, 0, 54, 1227 MHz, 52.56 W, 65 %, 10837 MiB
2026/10/03 00:45:26.706, 1, 61, 1227 MHz, 44.32 W, 84 %, 10835 MiB
2026/10/03 00:45:26.710, 2, 59, 1189 MHz, 54.27 W, 32 %, 10869 MiB
2026/10/03 00:45:27.713, 0, 54, 1088 MHz, 121.48 W, 97 %, 10837 MiB
2026/10/03 00:45:27.719, 1, 60, 1189 MHz, 37.88 W, 59 %, 10835 MiB
2026/10/03 00:45:27.724, 2, 59, 1240 MHz, 43.70 W, 62 %, 10869 MiB
2026/10/03 00:45:28.727, 0, 53, 1278 MHz, 110.86 W, 94 %, 10837 MiB
2026/10/03 00:45:28.735, 1, 61, 1227 MHz, 50.92 W, 40 %, 10835 MiB
2026/10/03 00:45:28.738, 2, 59, 1252 MHz, 70.04 W, 42 %, 10869 MiB
2026/10/03 00:45:29.741, 0, 54, 1240 MHz, 48.49 W, 90 %, 10837 MiB
2026/10/03 00:45:29.745, 1, 61, 1215 MHz, 117.07 W, 47 %, 10835 MiB
2026/10/03 00:45:29.748, 2, 59, 1303 MHz, 59.50 W, 44 %, 10869 MiB
2026/10/03 00:45:30.754, 0, 53, 1189 MHz, 65.69 W, 54 %, 10837 MiB
2026/10/03 00:45:30.760, 1, 61, 1189 MHz, 44.08 W, 37 %, 10835 MiB
2026/10/03 00:45:30.763, 2, 60, 1240 MHz, 65.33 W, 66 %, 10869 MiB
2026/10/03 00:45:31.766, 0, 54, 1189 MHz, 38.13 W, 96 %, 10837 MiB
2026/10/03 00:45:31.769, 1, 61, 1088 MHz, 115.52 W, 44 %, 10835 MiB
2026/10/03 00:45:31.772, 2, 59, 1189 MHz, 42.08 W, 62 %, 10869 MiB
2026/10/03 00:45:32.778, 0, 54, 1240 MHz, 73.44 W, 95 %, 10837 MiB
2026/10/03 00:45:32.786, 1, 61, 1189 MHz, 44.55 W, 47 %, 10835 MiB
2026/10/03 00:45:32.789, 2, 60, 1252 MHz, 62.45 W, 41 %, 10869 MiB
2026/10/03 00:45:33.792, 0, 54, 1227 MHz, 139.33 W, 89 %, 10837 MiB
2026/10/03 00:45:33.795, 1, 61, 1139 MHz, 49.01 W, 56 %, 10835 MiB
2026/10/03 00:45:33.806, 2, 60, 1265 MHz, 74.19 W, 44 %, 10869 MiB
2026/10/03 00:45:34.810, 0, 54, 1316 MHz, 55.06 W, 52 %, 10837 MiB
2026/10/03 00:45:34.814, 1, 61, 1189 MHz, 78.60 W, 45 %, 10835 MiB
2026/10/03 00:45:34.820, 2, 59, 1189 MHz, 47.90 W, 81 %, 10869 MiB
2026/10/03 00:45:35.824, 0, 54, 1189 MHz, 36.71 W, 94 %, 10837 MiB
2026/10/03 00:45:35.828, 1, 61, 1088 MHz, 114.34 W, 48 %, 10835 MiB
2026/10/03 00:45:35.831, 2, 59, 1189 MHz, 41.58 W, 55 %, 10869 MiB
2026/10/03 00:45:36.834, 0, 53, 1189 MHz, 139.14 W, 95 %, 10837 MiB
2026/10/03 00:45:36.837, 1, 61, 1189 MHz, 56.07 W, 48 %, 10835 MiB
2026/10/03 00:45:36.844, 2, 59, 1189 MHz, 81.68 W, 48 %, 10869 MiB
2026/10/03 00:45:37.851, 0, 54, 1265 MHz, 44.18 W, 76 %, 10837 MiB
2026/10/03 00:45:37.854, 1, 61, 1227 MHz, 133.96 W, 40 %, 10835 MiB
2026/10/03 00:45:37.857, 2, 59, 1189 MHz, 85.01 W, 43 %, 10869 MiB
2026/10/03 00:45:38.860, 0, 54, 1189 MHz, 78.59 W, 97 %, 10837 MiB
2026/10/03 00:45:38.863, 1, 61, 1189 MHz, 67.63 W, 26 %, 10835 MiB
2026/10/03 00:45:38.868, 2, 59, 1252 MHz, 114.06 W, 46 %, 10869 MiB
2026/10/03 00:45:39.873, 0, 54, 1189 MHz, 39.77 W, 97 %, 10837 MiB
2026/10/03 00:45:39.876, 1, 61, 1202 MHz, 38.12 W, 61 %, 10835 MiB
2026/10/03 00:45:39.879, 2, 60, 1075 MHz, 116.90 W, 43 %, 10869 MiB
2026/10/03 00:45:40.882, 0, 54, 1189 MHz, 52.38 W, 93 %, 10837 MiB
2026/10/03 00:45:40.885, 1, 60, 1215 MHz, 153.27 W, 44 %, 10835 MiB
2026/10/03 00:45:40.892, 2, 59, 1189 MHz, 112.44 W, 43 %, 10869 MiB
2026/10/03 00:45:41.897, 0, 53, 1202 MHz, 89.79 W, 50 %, 10837 MiB
2026/10/03 00:45:41.900, 1, 61, 1227 MHz, 47.86 W, 42 %, 10835 MiB
2026/10/03 00:45:41.903, 2, 60, 1227 MHz, 65.80 W, 62 %, 10869 MiB
2026/10/03 00:45:42.906, 0, 54, 1189 MHz, 73.85 W, 95 %, 10837 MiB
2026/10/03 00:45:42.910, 1, 61, 1189 MHz, 70.01 W, 88 %, 10835 MiB
2026/10/03 00:45:42.915, 2, 59, 1189 MHz, 110.23 W, 64 %, 10869 MiB
2026/10/03 00:45:43.923, 0, 54, 1126 MHz, 68.19 W, 93 %, 10837 MiB
2026/10/03 00:45:43.927, 1, 61, 1189 MHz, 43.09 W, 58 %, 10835 MiB
2026/10/03 00:45:43.932, 2, 60, 1025 MHz, 113.71 W, 42 %, 10869 MiB
2026/10/03 00:45:44.941, 0, 54, 1278 MHz, 74.62 W, 94 %, 10837 MiB
2026/10/03 00:45:44.945, 1, 61, 1252 MHz, 63.94 W, 50 %, 10835 MiB
2026/10/03 00:45:44.955, 2, 59, 1227 MHz, 47.24 W, 41 %, 10869 MiB
2026/10/03 00:45:45.959, 0, 54, 1177 MHz, 57.46 W, 90 %, 10837 MiB
2026/10/03 00:45:45.973, 1, 60, 1189 MHz, 97.06 W, 32 %, 10835 MiB
2026/10/03 00:45:45.976, 2, 60, 1240 MHz, 49.81 W, 52 %, 10869 MiB
2026/10/03 00:45:46.979, 0, 53, 1290 MHz, 145.57 W, 63 %, 10837 MiB
2026/10/03 00:45:46.983, 1, 61, 1151 MHz, 90.21 W, 81 %, 10835 MiB
2026/10/03 00:45:46.986, 2, 59, 1303 MHz, 160.36 W, 46 %, 10869 MiB
2026/10/03 00:45:47.989, 0, 54, 1189 MHz, 135.55 W, 93 %, 10837 MiB
2026/10/03 00:45:47.998, 1, 61, 1177 MHz, 136.04 W, 41 %, 10835 MiB
2026/10/03 00:45:48.005, 2, 60, 1164 MHz, 136.88 W, 46 %, 10869 MiB
2026/10/03 00:45:49.008, 0, 54, 1240 MHz, 49.17 W, 90 %, 10837 MiB
2026/10/03 00:45:49.016, 1, 61, 1189 MHz, 112.51 W, 43 %, 10835 MiB
2026/10/03 00:45:49.023, 2, 59, 1202 MHz, 80.27 W, 43 %, 10869 MiB
2026/10/03 00:45:50.026, 0, 54, 1189 MHz, 45.57 W, 98 %, 10837 MiB
2026/10/03 00:45:50.029, 1, 60, 1189 MHz, 129.29 W, 38 %, 10835 MiB
2026/10/03 00:45:50.032, 2, 59, 1189 MHz, 94.96 W, 22 %, 10869 MiB
2026/10/03 00:45:51.038, 0, 53, 1189 MHz, 35.56 W, 95 %, 10837 MiB
2026/10/03 00:45:51.045, 1, 61, 1189 MHz, 37.68 W, 51 %, 10835 MiB
2026/10/03 00:45:51.048, 2, 60, 1088 MHz, 80.18 W, 69 %, 10869 MiB
2026/10/03 00:45:52.051, 0, 54, 1202 MHz, 52.92 W, 95 %, 10837 MiB
2026/10/03 00:45:52.055, 1, 61, 1189 MHz, 106.37 W, 49 %, 10835 MiB
2026/10/03 00:45:52.058, 2, 60, 1252 MHz, 61.84 W, 42 %, 10869 MiB
2026/10/03 00:45:53.066, 0, 53, 1189 MHz, 117.51 W, 77 %, 10837 MiB
2026/10/03 00:45:53.071, 1, 61, 1151 MHz, 99.09 W, 35 %, 10835 MiB
2026/10/03 00:45:53.074, 2, 59, 1189 MHz, 125.61 W, 54 %, 10869 MiB
2026/10/03 00:45:54.077, 0, 54, 1189 MHz, 44.00 W, 100 %, 10837 MiB
2026/10/03 00:45:54.080, 1, 61, 1189 MHz, 85.81 W, 32 %, 10835 MiB
2026/10/03 00:45:54.089, 2, 59, 1189 MHz, 103.55 W, 49 %, 10869 MiB
2026/10/03 00:45:55.094, 0, 54, 1088 MHz, 61.43 W, 91 %, 10837 MiB
2026/10/03 00:45:55.097, 1, 61, 1189 MHz, 42.62 W, 65 %, 10835 MiB
2026/10/03 00:45:55.100, 2, 60, 1050 MHz, 116.26 W, 49 %, 10869 MiB
2026/10/03 00:45:56.108, 0, 54, 1240 MHz, 104.37 W, 90 %, 10837 MiB
2026/10/03 00:45:56.111, 1, 61, 1290 MHz, 54.66 W, 42 %, 10835 MiB
2026/10/03 00:45:56.114, 2, 59, 1227 MHz, 63.00 W, 43 %, 10869 MiB
2026/10/03 00:45:57.118, 0, 53, 1278 MHz, 127.50 W, 50 %, 10837 MiB
2026/10/03 00:45:57.121, 1, 61, 1252 MHz, 59.10 W, 46 %, 10835 MiB
2026/10/03 00:45:57.124, 2, 60, 1164 MHz, 74.19 W, 81 %, 10869 MiB
2026/10/03 00:45:58.133, 0, 54, 1189 MHz, 37.67 W, 93 %, 10837 MiB
2026/10/03 00:45:58.136, 1, 61, 1189 MHz, 84.68 W, 84 %, 10835 MiB
2026/10/03 00:45:58.139, 2, 59, 1189 MHz, 40.90 W, 45 %, 10869 MiB
2026/10/03 00:45:59.143, 0, 54, 1189 MHz, 57.65 W, 92 %, 10837 MiB
2026/10/03 00:45:59.146, 1, 61, 1278 MHz, 102.29 W, 48 %, 10835 MiB
2026/10/03 00:45:59.151, 2, 59, 1189 MHz, 47.68 W, 47 %, 10869 MiB
2026/10/03 00:46:00.157, 0, 54, 1265 MHz, 88.71 W, 63 %, 10837 MiB
2026/10/03 00:46:00.160, 1, 61, 1240 MHz, 152.40 W, 43 %, 10835 MiB
2026/10/03 00:46:00.163, 2, 59, 1189 MHz, 118.37 W, 32 %, 10869 MiB
2026/10/03 00:46:01.172, 0, 54, 1252 MHz, 49.35 W, 98 %, 10837 MiB
2026/10/03 00:46:01.181, 1, 61, 1189 MHz, 89.76 W, 37 %, 10835 MiB
2026/10/03 00:46:01.184, 2, 59, 1189 MHz, 88.61 W, 21 %, 10869 MiB
2026/10/03 00:46:02.187, 0, 54, 1189 MHz, 49.44 W, 88 %, 10837 MiB
2026/10/03 00:46:02.190, 1, 61, 1189 MHz, 39.78 W, 58 %, 10835 MiB
2026/10/03 00:46:02.193, 2, 60, 1075 MHz, 117.21 W, 77 %, 10869 MiB
2026/10/03 00:46:03.197, 0, 54, 1290 MHz, 120.65 W, 93 %, 10837 MiB
2026/10/03 00:46:03.202, 1, 61, 1189 MHz, 56.51 W, 43 %, 10835 MiB
2026/10/03 00:46:03.206, 2, 59, 1215 MHz, 84.81 W, 43 %, 10869 MiB
2026/10/03 00:46:04.209, 0, 53, 1316 MHz, 156.26 W, 79 %, 10837 MiB
2026/10/03 00:46:04.212, 1, 61, 1177 MHz, 90.46 W, 76 %, 10835 MiB
2026/10/03 00:46:04.215, 2, 59, 1164 MHz, 137.56 W, 32 %, 10869 MiB
2026/10/03 00:46:05.222, 0, 55, 1075 MHz, 120.07 W, 97 %, 10837 MiB
2026/10/03 00:46:05.231, 1, 61, 1189 MHz, 37.17 W, 60 %, 10835 MiB
2026/10/03 00:46:05.234, 2, 59, 1202 MHz, 41.61 W, 68 %, 10869 MiB
2026/10/03 00:46:06.238, 0, 54, 1278 MHz, 107.34 W, 94 %, 10837 MiB
2026/10/03 00:46:06.256, 1, 61, 1189 MHz, 48.52 W, 43 %, 10835 MiB
2026/10/03 00:46:06.263, 2, 60, 1189 MHz, 57.53 W, 42 %, 10869 MiB
2026/10/03 00:46:07.266, 0, 54, 1202 MHz, 99.50 W, 95 %, 10837 MiB
2026/10/03 00:46:07.274, 1, 61, 1189 MHz, 45.26 W, 30 %, 10835 MiB
2026/10/03 00:46:07.279, 2, 59, 1189 MHz, 60.42 W, 42 %, 10869 MiB
2026/10/03 00:46:08.282, 0, 54, 1290 MHz, 150.41 W, 59 %, 10837 MiB
2026/10/03 00:46:08.285, 1, 61, 1189 MHz, 63.77 W, 67 %, 10835 MiB
2026/10/03 00:46:08.288, 2, 60, 1189 MHz, 112.09 W, 88 %, 10869 MiB
2026/10/03 00:46:09.292, 0, 54, 1189 MHz, 136.08 W, 94 %, 10837 MiB
2026/10/03 00:46:09.303, 1, 61, 1101 MHz, 129.21 W, 64 %, 10835 MiB
2026/10/03 00:46:09.310, 2, 60, 1139 MHz, 140.27 W, 43 %, 10869 MiB
2026/10/03 00:46:10.313, 0, 54, 1252 MHz, 81.41 W, 89 %, 10837 MiB
2026/10/03 00:46:10.322, 1, 61, 1252 MHz, 45.74 W, 47 %, 10835 MiB
2026/10/03 00:46:10.326, 2, 60, 1202 MHz, 59.66 W, 50 %, 10869 MiB
2026/10/03 00:46:11.329, 0, 54, 1278 MHz, 46.80 W, 60 %, 10837 MiB
2026/10/03 00:46:11.333, 1, 61, 1303 MHz, 137.47 W, 61 %, 10835 MiB
2026/10/03 00:46:11.336, 2, 59, 1278 MHz, 63.67 W, 48 %, 10869 MiB
2026/10/03 00:46:12.343, 0, 54, 1189 MHz, 40.24 W, 95 %, 10837 MiB
2026/10/03 00:46:12.349, 1, 61, 1189 MHz, 38.12 W, 68 %, 10835 MiB
2026/10/03 00:46:12.352, 2, 60, 1075 MHz, 118.29 W, 46 %, 10869 MiB
2026/10/03 00:46:13.355, 0, 54, 1240 MHz, 91.44 W, 90 %, 10837 MiB
2026/10/03 00:46:13.358, 1, 61, 1240 MHz, 50.45 W, 43 %, 10835 MiB
2026/10/03 00:46:13.361, 2, 59, 1189 MHz, 52.42 W, 43 %, 10869 MiB
2026/10/03 00:46:14.368, 0, 53, 1189 MHz, 105.86 W, 47 %, 10837 MiB
2026/10/03 00:46:14.371, 1, 61, 1151 MHz, 102.27 W, 32 %, 10835 MiB
2026/10/03 00:46:14.378, 2, 59, 1189 MHz, 128.55 W, 85 %, 10869 MiB
2026/10/03 00:46:15.381, 0, 54, 1189 MHz, 37.19 W, 96 %, 10837 MiB
2026/10/03 00:46:15.384, 1, 61, 1088 MHz, 116.23 W, 75 %, 10835 MiB
2026/10/03 00:46:15.389, 2, 59, 1189 MHz, 41.60 W, 46 %, 10869 MiB
2026/10/03 00:46:16.394, 0, 54, 1240 MHz, 75.01 W, 89 %, 10837 MiB
2026/10/03 00:46:16.397, 1, 61, 1252 MHz, 147.62 W, 42 %, 10835 MiB
2026/10/03 00:46:16.403, 2, 59, 1189 MHz, 125.34 W, 43 %, 10869 MiB
2026/10/03 00:46:17.415, 0, 54, 1215 MHz, 45.89 W, 60 %, 10837 MiB
2026/10/03 00:46:17.419, 1, 61, 1252 MHz, 103.56 W, 56 %, 10835 MiB
2026/10/03 00:46:17.424, 2, 59, 1227 MHz, 86.69 W, 48 %, 10869 MiB
2026/10/03 00:46:18.431, 0, 54, 1101 MHz, 64.04 W, 100 %, 10837 MiB
2026/10/03 00:46:18.434, 1, 60, 1215 MHz, 48.47 W, 62 %, 10835 MiB
2026/10/03 00:46:18.437, 2, 59, 1303 MHz, 44.62 W, 50 %, 10869 MiB
2026/10/03 00:46:19.446, 0, 54, 1215 MHz, 53.13 W, 93 %, 10837 MiB
2026/10/03 00:46:19.449, 1, 61, 1189 MHz, 123.66 W, 43 %, 10835 MiB
2026/10/03 00:46:19.453, 2, 59, 1189 MHz, 111.63 W, 48 %, 10869 MiB
2026/10/03 00:46:20.460, 0, 54, 1278 MHz, 79.29 W, 91 %, 10837 MiB
2026/10/03 00:46:20.464, 1, 61, 1227 MHz, 46.21 W, 40 %, 10835 MiB
2026/10/03 00:46:20.467, 2, 59, 1240 MHz, 59.74 W, 47 %, 10869 MiB
2026/10/03 00:46:21.470, 0, 53, 1202 MHz, 114.61 W, 48 %, 10837 MiB
2026/10/03 00:46:21.476, 1, 61, 1189 MHz, 56.07 W, 51 %, 10835 MiB
2026/10/03 00:46:21.479, 2, 60, 1164 MHz, 69.99 W, 89 %, 10869 MiB
2026/10/03 00:46:22.488, 0, 54, 1290 MHz, 48.42 W, 94 %, 10837 MiB
2026/10/03 00:46:22.491, 1, 60, 1189 MHz, 131.34 W, 47 %, 10835 MiB
2026/10/03 00:46:22.497, 2, 59, 1278 MHz, 112.25 W, 43 %, 10869 MiB
2026/10/03 00:46:23.500, 0, 53, 1189 MHz, 98.57 W, 85 %, 10837 MiB
2026/10/03 00:46:23.503, 1, 61, 1189 MHz, 62.73 W, 44 %, 10835 MiB
2026/10/03 00:46:23.507, 2, 59, 1240 MHz, 114.45 W, 47 %, 10869 MiB
2026/10/03 00:46:24.510, 0, 54, 1151 MHz, 62.89 W, 89 %, 10837 MiB
2026/10/03 00:46:24.520, 1, 61, 1189 MHz, 90.72 W, 57 %, 10835 MiB
2026/10/03 00:46:24.523, 2, 59, 1252 MHz, 51.26 W, 43 %, 10869 MiB
2026/10/03 00:46:25.526, 0, 53, 1227 MHz, 105.17 W, 91 %, 10837 MiB
2026/10/03 00:46:25.529, 1, 61, 1189 MHz, 123.06 W, 36 %, 10835 MiB
2026/10/03 00:46:25.532, 2, 59, 1252 MHz, 132.33 W, 50 %, 10869 MiB
2026/10/03 00:46:26.535, 0, 54, 1189 MHz, 55.63 W, 96 %, 10837 MiB
2026/10/03 00:46:26.539, 1, 61, 1252 MHz, 62.76 W, 42 %, 10835 MiB
2026/10/03 00:46:26.545, 2, 59, 1215 MHz, 51.44 W, 43 %, 10869 MiB
2026/10/03 00:46:27.548, 0, 54, 1278 MHz, 97.53 W, 93 %, 10837 MiB
2026/10/03 00:46:27.551, 1, 61, 1189 MHz, 69.28 W, 48 %, 10835 MiB
2026/10/03 00:46:27.554, 2, 59, 1189 MHz, 112.14 W, 42 %, 10869 MiB
2026/10/03 00:46:28.558, 0, 54, 1215 MHz, 87.02 W, 93 %, 10837 MiB
2026/10/03 00:46:28.565, 1, 61, 1189 MHz, 46.21 W, 47 %, 10835 MiB
2026/10/03 00:46:28.572, 2, 59, 1189 MHz, 57.30 W, 48 %, 10869 MiB
2026/10/03 00:46:29.575, 0, 53, 1189 MHz, 48.13 W, 87 %, 10837 MiB
2026/10/03 00:46:29.579, 1, 61, 1189 MHz, 126.46 W, 45 %, 10835 MiB
2026/10/03 00:46:29.586, 2, 59, 1189 MHz, 118.19 W, 43 %, 10869 MiB
2026/10/03 00:46:30.595, 0, 54, 1189 MHz, 61.24 W, 89 %, 10837 MiB
2026/10/03 00:46:30.598, 1, 61, 1290 MHz, 42.68 W, 42 %, 10835 MiB
2026/10/03 00:46:30.601, 2, 59, 1189 MHz, 54.75 W, 43 %, 10869 MiB
2026/10/03 00:46:31.604, 0, 54, 1189 MHz, 58.63 W, 89 %, 10837 MiB
2026/10/03 00:46:31.612, 1, 60, 1189 MHz, 84.72 W, 46 %, 10835 MiB
2026/10/03 00:46:31.618, 2, 59, 1189 MHz, 49.82 W, 52 %, 10869 MiB
2026/10/03 00:46:32.621, 0, 54, 1215 MHz, 138.15 W, 90 %, 10837 MiB
2026/10/03 00:46:32.624, 1, 61, 1126 MHz, 80.94 W, 42 %, 10835 MiB
2026/10/03 00:46:32.627, 2, 59, 1189 MHz, 135.14 W, 43 %, 10869 MiB
2026/10/03 00:46:33.630, 0, 54, 1189 MHz, 44.10 W, 97 %, 10837 MiB
2026/10/03 00:46:33.633, 1, 61, 1303 MHz, 76.53 W, 44 %, 10835 MiB
2026/10/03 00:46:33.641, 2, 60, 1252 MHz, 54.26 W, 43 %, 10869 MiB
2026/10/03 00:46:34.644, 0, 54, 1189 MHz, 97.93 W, 95 %, 10837 MiB
2026/10/03 00:46:34.647, 1, 61, 1240 MHz, 61.58 W, 54 %, 10835 MiB
2026/10/03 00:46:34.650, 2, 59, 1189 MHz, 86.27 W, 47 %, 10869 MiB
2026/10/03 00:46:35.660, 0, 54, 1151 MHz, 73.68 W, 94 %, 10837 MiB
2026/10/03 00:46:35.663, 1, 61, 1189 MHz, 48.74 W, 38 %, 10835 MiB
2026/10/03 00:46:35.670, 2, 60, 1240 MHz, 53.59 W, 49 %, 10869 MiB
2026/10/03 00:46:36.682, 0, 53, 1215 MHz, 86.54 W, 91 %, 10837 MiB
2026/10/03 00:46:36.697, 1, 61, 1189 MHz, 44.08 W, 46 %, 10835 MiB
2026/10/03 00:46:36.707, 2, 59, 1189 MHz, 55.41 W, 43 %, 10869 MiB
2026/10/03 00:46:37.710, 0, 53, 1303 MHz, 67.34 W, 96 %, 10837 MiB
2026/10/03 00:46:37.718, 1, 61, 1189 MHz, 135.71 W, 49 %, 10835 MiB
2026/10/03 00:46:37.735, 2, 59, 1265 MHz, 154.86 W, 43 %, 10869 MiB
2026/10/03 00:46:38.739, 0, 54, 1164 MHz, 116.15 W, 95 %, 10837 MiB
2026/10/03 00:46:38.747, 1, 61, 1278 MHz, 45.02 W, 44 %, 10835 MiB
2026/10/03 00:46:38.752, 2, 59, 1189 MHz, 49.18 W, 46 %, 10869 MiB
2026/10/03 00:46:39.756, 0, 54, 1290 MHz, 61.87 W, 86 %, 10837 MiB
2026/10/03 00:46:39.760, 1, 61, 1240 MHz, 81.60 W, 45 %, 10835 MiB
2026/10/03 00:46:39.763, 2, 59, 1189 MHz, 50.02 W, 49 %, 10869 MiB
2026/10/03 00:46:40.770, 0, 53, 1290 MHz, 135.62 W, 93 %, 10837 MiB
2026/10/03 00:46:40.774, 1, 61, 1151 MHz, 96.98 W, 55 %, 10835 MiB
2026/10/03 00:46:40.780, 2, 59, 1189 MHz, 126.91 W, 49 %, 10869 MiB
2026/10/03 00:46:41.783, 0, 54, 1227 MHz, 118.54 W, 93 %, 10837 MiB
2026/10/03 00:46:41.786, 1, 61, 1189 MHz, 50.64 W, 39 %, 10835 MiB
2026/10/03 00:46:41.790, 2, 59, 1189 MHz, 75.56 W, 42 %, 10869 MiB
2026/10/03 00:46:42.793, 0, 54, 1252 MHz, 71.59 W, 92 %, 10837 MiB
2026/10/03 00:46:42.797, 1, 61, 1215 MHz, 85.38 W, 44 %, 10835 MiB
2026/10/03 00:46:42.807, 2, 60, 1189 MHz, 51.67 W, 43 %, 10869 MiB
2026/10/03 00:46:43.810, 0, 54, 1189 MHz, 87.72 W, 93 %, 10837 MiB
2026/10/03 00:46:43.818, 1, 61, 1189 MHz, 63.94 W, 50 %, 10835 MiB
2026/10/03 00:46:43.829, 2, 59, 1189 MHz, 52.38 W, 48 %, 10869 MiB
2026/10/03 00:46:44.834, 0, 54, 1151 MHz, 133.47 W, 93 %, 10837 MiB
2026/10/03 00:46:44.842, 1, 61, 1290 MHz, 44.78 W, 46 %, 10835 MiB
2026/10/03 00:46:44.845, 2, 59, 1189 MHz, 51.31 W, 42 %, 10869 MiB
2026/10/03 00:46:45.848, 0, 53, 1189 MHz, 86.91 W, 94 %, 10837 MiB
2026/10/03 00:46:45.857, 1, 61, 1202 MHz, 47.15 W, 46 %, 10835 MiB
2026/10/03 00:46:45.862, 2, 59, 1189 MHz, 57.34 W, 48 %, 10869 MiB
2026/10/03 00:46:46.869, 0, 53, 1189 MHz, 80.83 W, 95 %, 10837 MiB
2026/10/03 00:46:46.872, 1, 61, 1252 MHz, 151.32 W, 57 %, 10835 MiB
2026/10/03 00:46:46.875, 2, 59, 1278 MHz, 132.22 W, 42 %, 10869 MiB
2026/10/03 00:46:47.878, 0, 54, 1189 MHz, 50.06 W, 96 %, 10837 MiB
2026/10/03 00:46:47.884, 1, 61, 1202 MHz, 86.52 W, 48 %, 10835 MiB
2026/10/03 00:46:47.887, 2, 59, 1189 MHz, 84.31 W, 45 %, 10869 MiB
2026/10/03 00:46:48.892, 0, 53, 1189 MHz, 109.53 W, 79 %, 10837 MiB
2026/10/03 00:46:48.907, 1, 61, 1189 MHz, 46.21 W, 42 %, 10835 MiB
2026/10/03 00:46:48.910, 2, 59, 1189 MHz, 60.38 W, 49 %, 10869 MiB
2026/10/03 00:46:49.918, 0, 53, 1316 MHz, 101.01 W, 94 %, 10837 MiB
2026/10/03 00:46:49.925, 1, 61, 1265 MHz, 114.82 W, 49 %, 10835 MiB
2026/10/03 00:46:49.935, 2, 59, 1252 MHz, 138.88 W, 41 %, 10869 MiB
2026/10/03 00:46:50.938, 0, 53, 1290 MHz, 134.24 W, 93 %, 10837 MiB
2026/10/03 00:46:50.945, 1, 61, 1189 MHz, 105.49 W, 43 %, 10835 MiB
2026/10/03 00:46:50.956, 2, 59, 1189 MHz, 71.17 W, 48 %, 10869 MiB
2026/10/03 00:46:51.959, 0, 53, 1303 MHz, 133.09 W, 83 %, 10837 MiB
2026/10/03 00:46:51.970, 1, 61, 1151 MHz, 54.22 W, 47 %, 10835 MiB
2026/10/03 00:46:51.978, 2, 60, 1189 MHz, 73.30 W, 54 %, 10869 MiB
2026/10/03 00:46:52.981, 0, 53, 1240 MHz, 47.58 W, 94 %, 10837 MiB
2026/10/03 00:46:52.988, 1, 61, 1189 MHz, 90.92 W, 59 %, 10835 MiB
2026/10/03 00:46:52.991, 2, 59, 1252 MHz, 50.99 W, 50 %, 10869 MiB
2026/10/03 00:46:53.994, 0, 53, 1202 MHz, 112.04 W, 94 %, 10837 MiB
2026/10/03 00:46:54.001, 1, 61, 1189 MHz, 49.52 W, 49 %, 10835 MiB
2026/10/03 00:46:54.007, 2, 59, 1139 MHz, 69.57 W, 40 %, 10869 MiB
2026/10/03 00:46:55.013, 0, 53, 1240 MHz, 55.60 W, 87 %, 10837 MiB
2026/10/03 00:46:55.016, 1, 61, 1189 MHz, 83.73 W, 43 %, 10835 MiB
2026/10/03 00:46:55.022, 2, 59, 1189 MHz, 48.63 W, 43 %, 10869 MiB
2026/10/03 00:46:56.025, 0, 54, 1215 MHz, 54.85 W, 92 %, 10837 MiB
2026/10/03 00:46:56.030, 1, 61, 1189 MHz, 90.98 W, 54 %, 10835 MiB
2026/10/03 00:46:56.033, 2, 59, 1189 MHz, 48.64 W, 43 %, 10869 MiB
2026/10/03 00:46:57.038, 0, 53, 1202 MHz, 47.32 W, 91 %, 10837 MiB
2026/10/03 00:46:57.041, 1, 60, 1189 MHz, 106.27 W, 45 %, 10835 MiB
2026/10/03 00:46:57.051, 2, 59, 1189 MHz, 72.28 W, 43 %, 10869 MiB
2026/10/03 00:46:58.055, 0, 53, 1189 MHz, 64.56 W, 94 %, 10837 MiB
2026/10/03 00:46:58.062, 1, 61, 1278 MHz, 93.67 W, 47 %, 10835 MiB
2026/10/03 00:46:58.069, 2, 59, 1227 MHz, 124.75 W, 44 %, 10869 MiB
2026/10/03 00:46:59.073, 0, 54, 1240 MHz, 142.94 W, 94 %, 10837 MiB
2026/10/03 00:46:59.076, 1, 61, 1164 MHz, 79.05 W, 46 %, 10835 MiB
2026/10/03 00:46:59.079, 2, 60, 1189 MHz, 128.03 W, 45 %, 10869 MiB
2026/10/03 00:47:00.082, 0, 54, 1189 MHz, 45.18 W, 93 %, 10837 MiB
2026/10/03 00:47:00.091, 1, 61, 1215 MHz, 115.89 W, 42 %, 10835 MiB
2026/10/03 00:47:00.096, 2, 59, 1189 MHz, 73.70 W, 46 %, 10869 MiB
2026/10/03 00:47:01.099, 0, 53, 1202 MHz, 40.45 W, 80 %, 10837 MiB
2026/10/03 00:47:01.102, 1, 61, 1252 MHz, 129.95 W, 41 %, 10835 MiB
2026/10/03 00:47:01.105, 2, 59, 1189 MHz, 49.51 W, 58 %, 10869 MiB
2026/10/03 00:47:02.108, 0, 54, 1189 MHz, 50.39 W, 92 %, 10837 MiB
2026/10/03 00:47:02.114, 1, 61, 1189 MHz, 90.04 W, 57 %, 10835 MiB
2026/10/03 00:47:02.119, 2, 59, 1189 MHz, 48.67 W, 44 %, 10869 MiB
2026/10/03 00:47:03.122, 0, 53, 1215 MHz, 75.52 W, 97 %, 10837 MiB
2026/10/03 00:47:03.126, 1, 61, 1290 MHz, 47.84 W, 43 %, 10835 MiB
2026/10/03 00:47:03.129, 2, 59, 1189 MHz, 57.38 W, 41 %, 10869 MiB
2026/10/03 00:47:04.132, 0, 54, 1177 MHz, 76.79 W, 86 %, 10837 MiB
2026/10/03 00:47:04.140, 1, 61, 1265 MHz, 57.57 W, 43 %, 10835 MiB
2026/10/03 00:47:04.147, 2, 60, 1189 MHz, 56.35 W, 48 %, 10869 MiB
2026/10/03 00:47:05.150, 0, 53, 1189 MHz, 45.89 W, 90 %, 10837 MiB
2026/10/03 00:47:05.156, 1, 60, 1240 MHz, 115.27 W, 49 %, 10835 MiB
2026/10/03 00:47:05.159, 2, 59, 1290 MHz, 52.74 W, 42 %, 10869 MiB
2026/10/03 00:47:06.164, 0, 54, 1126 MHz, 67.11 W, 92 %, 10837 MiB
2026/10/03 00:47:06.168, 1, 61, 1215 MHz, 46.22 W, 42 %, 10835 MiB
2026/10/03 00:47:06.171, 2, 59, 1227 MHz, 60.61 W, 44 %, 10869 MiB
2026/10/03 00:47:07.174, 0, 54, 1202 MHz, 49.71 W, 89 %, 10837 MiB
2026/10/03 00:47:07.182, 1, 61, 1189 MHz, 39.60 W, 49 %, 10835 MiB
2026/10/03 00:47:07.190, 2, 60, 1088 MHz, 78.39 W, 43 %, 10869 MiB
2026/10/03 00:47:08.193, 0, 53, 1265 MHz, 149.85 W, 93 %, 10837 MiB
2026/10/03 00:47:08.204, 1, 61, 1189 MHz, 57.96 W, 46 %, 10835 MiB
2026/10/03 00:47:08.212, 2, 59, 1139 MHz, 90.44 W, 45 %, 10869 MiB
2026/10/03 00:47:09.215, 0, 54, 1240 MHz, 53.40 W, 97 %, 10837 MiB
2026/10/03 00:47:09.223, 1, 61, 1215 MHz, 105.27 W, 49 %, 10835 MiB
2026/10/03 00:47:09.231, 2, 59, 1189 MHz, 67.69 W, 36 %, 10869 MiB
2026/10/03 00:47:10.234, 0, 53, 1265 MHz, 47.52 W, 80 %, 10837 MiB
2026/10/03 00:47:10.237, 1, 61, 1189 MHz, 91.38 W, 38 %, 10835 MiB
2026/10/03 00:47:10.240, 2, 59, 1202 MHz, 48.87 W, 60 %, 10869 MiB
2026/10/03 00:47:11.243, 0, 54, 1278 MHz, 86.67 W, 89 %, 10837 MiB
2026/10/03 00:47:11.250, 1, 61, 1202 MHz, 46.69 W, 66 %, 10835 MiB
2026/10/03 00:47:11.257, 2, 59, 1189 MHz, 62.93 W, 44 %, 10869 MiB
2026/10/03 00:47:12.260, 0, 53, 1316 MHz, 114.20 W, 94 %, 10837 MiB
2026/10/03 00:47:12.266, 1, 60, 1189 MHz, 57.33 W, 41 %, 10835 MiB
2026/10/03 00:47:12.269, 2, 59, 1189 MHz, 83.20 W, 39 %, 10869 MiB
2026/10/03 00:47:13.277, 0, 53, 1189 MHz, 95.98 W, 89 %, 10837 MiB
2026/10/03 00:47:13.280, 1, 61, 1189 MHz, 135.15 W, 33 %, 10835 MiB
2026/10/03 00:47:13.289, 2, 59, 1189 MHz, 133.12 W, 48 %, 10869 MiB
2026/10/03 00:47:14.304, 0, 53, 1189 MHz, 62.66 W, 91 %, 10837 MiB
2026/10/03 00:47:14.312, 1, 61, 1316 MHz, 46.89 W, 44 %, 10835 MiB
2026/10/03 00:47:14.315, 2, 59, 1189 MHz, 50.73 W, 45 %, 10869 MiB
2026/10/03 00:47:15.323, 0, 54, 1202 MHz, 64.32 W, 90 %, 10837 MiB
2026/10/03 00:47:15.326, 1, 60, 1316 MHz, 159.13 W, 44 %, 10835 MiB
2026/10/03 00:47:15.332, 2, 59, 1252 MHz, 132.09 W, 43 %, 10869 MiB
2026/10/03 00:47:16.337, 0, 54, 1202 MHz, 61.95 W, 92 %, 10837 MiB
2026/10/03 00:47:16.340, 1, 61, 1189 MHz, 57.34 W, 51 %, 10835 MiB
2026/10/03 00:47:16.343, 2, 59, 1189 MHz, 50.29 W, 43 %, 10869 MiB
2026/10/03 00:47:17.351, 0, 54, 1240 MHz, 108.20 W, 91 %, 10837 MiB
2026/10/03 00:47:17.359, 1, 61, 1202 MHz, 138.45 W, 49 %, 10835 MiB
2026/10/03 00:47:17.399, 2, 59, 1189 MHz, 51.00 W, 44 %, 10869 MiB
2026/10/03 00:47:18.402, 0, 54, 1189 MHz, 48.67 W, 98 %, 10837 MiB
2026/10/03 00:47:18.405, 1, 60, 1215 MHz, 132.54 W, 48 %, 10835 MiB
2026/10/03 00:47:18.408, 2, 59, 1252 MHz, 103.41 W, 45 %, 10869 MiB
2026/10/03 00:47:19.413, 0, 54, 1177 MHz, 77.91 W, 78 %, 10837 MiB
2026/10/03 00:47:19.418, 1, 61, 1240 MHz, 49.29 W, 48 %, 10835 MiB
2026/10/03 00:47:19.421, 2, 59, 1252 MHz, 59.86 W, 56 %, 10869 MiB
2026/10/03 00:47:20.429, 0, 54, 1290 MHz, 74.38 W, 92 %, 10837 MiB
2026/10/03 00:47:20.433, 1, 61, 1189 MHz, 43.39 W, 60 %, 10835 MiB
2026/10/03 00:47:20.440, 2, 59, 1189 MHz, 57.15 W, 51 %, 10869 MiB
2026/10/03 00:47:21.443, 0, 53, 1303 MHz, 67.33 W, 96 %, 10837 MiB
2026/10/03 00:47:21.452, 1, 61, 1189 MHz, 115.24 W, 51 %, 10835 MiB
2026/10/03 00:47:21.465, 2, 59, 1189 MHz, 128.15 W, 37 %, 10869 MiB
2026/10/03 00:47:22.468, 0, 53, 1202 MHz, 50.77 W, 78 %, 10837 MiB
2026/10/03 00:47:22.473, 1, 61, 1189 MHz, 78.39 W, 40 %, 10835 MiB
2026/10/03 00:47:22.478, 2, 59, 1189 MHz, 87.03 W, 54 %, 10869 MiB
2026/10/03 00:47:23.481, 0, 53, 1202 MHz, 104.62 W, 92 %, 10837 MiB
2026/10/03 00:47:23.486, 1, 61, 1189 MHz, 54.54 W, 44 %, 10835 MiB
2026/10/03 00:47:23.489, 2, 59, 1189 MHz, 89.20 W, 36 %, 10869 MiB
2026/10/03 00:47:24.492, 0, 53, 1189 MHz, 55.80 W, 88 %, 10837 MiB
2026/10/03 00:47:24.499, 1, 61, 1189 MHz, 83.54 W, 39 %, 10835 MiB
2026/10/03 00:47:24.502, 2, 59, 1189 MHz, 47.92 W, 43 %, 10869 MiB
2026/10/03 00:47:25.505, 0, 53, 1265 MHz, 130.82 W, 87 %, 10837 MiB
2026/10/03 00:47:25.508, 1, 61, 1189 MHz, 95.57 W, 57 %, 10835 MiB
2026/10/03 00:47:25.515, 2, 59, 1189 MHz, 136.55 W, 50 %, 10869 MiB
2026/10/03 00:47:26.528, 0, 54, 1164 MHz, 93.50 W, 90 %, 10837 MiB
2026/10/03 00:47:26.533, 1, 60, 1189 MHz, 43.86 W, 49 %, 10835 MiB
2026/10/03 00:47:26.540, 2, 59, 1189 MHz, 52.85 W, 51 %, 10869 MiB
2026/10/03 00:47:27.550, 0, 53, 1189 MHz, 96.52 W, 89 %, 10837 MiB
2026/10/03 00:47:27.553, 1, 60, 1290 MHz, 65.80 W, 44 %, 10835 MiB
2026/10/03 00:47:27.558, 2, 59, 1189 MHz, 93.72 W, 48 %, 10869 MiB
2026/10/03 00:47:28.561, 0, 54, 1189 MHz, 43.52 W, 90 %, 10837 MiB
2026/10/03 00:47:28.565, 1, 60, 1316 MHz, 139.56 W, 45 %, 10835 MiB
2026/10/03 00:47:28.568, 2, 59, 1252 MHz, 72.04 W, 44 %, 10869 MiB
2026/10/03 00:47:29.573, 0, 53, 1240 MHz, 130.73 W, 91 %, 10837 MiB
2026/10/03 00:47:29.576, 1, 61, 1316 MHz, 104.59 W, 45 %, 10835 MiB
2026/10/03 00:47:29.585, 2, 59, 1189 MHz, 108.15 W, 48 %, 10869 MiB
2026/10/03 00:47:30.598, 0, 53, 1189 MHz, 85.72 W, 92 %, 10837 MiB
2026/10/03 00:47:30.601, 1, 61, 1189 MHz, 128.69 W, 49 %, 10835 MiB
2026/10/03 00:47:30.606, 2, 59, 1278 MHz, 138.45 W, 42 %, 10869 MiB
2026/10/03 00:47:31.621, 0, 54, 1189 MHz, 130.33 W, 93 %, 10837 MiB
2026/10/03 00:47:31.624, 1, 61, 1113 MHz, 145.49 W, 50 %, 10835 MiB
2026/10/03 00:47:31.630, 2, 59, 1290 MHz, 146.76 W, 42 %, 10869 MiB
2026/10/03 00:47:32.633, 0, 54, 1126 MHz, 136.04 W, 96 %, 10837 MiB
2026/10/03 00:47:32.651, 1, 60, 1189 MHz, 39.78 W, 48 %, 10835 MiB
2026/10/03 00:47:32.654, 2, 59, 1189 MHz, 49.62 W, 43 %, 10869 MiB
2026/10/03 00:47:33.658, 0, 53, 1240 MHz, 40.77 W, 83 %, 10837 MiB
2026/10/03 00:47:33.661, 1, 61, 1189 MHz, 38.42 W, 50 %, 10835 MiB
2026/10/03 00:47:33.666, 2, 59, 1189 MHz, 51.20 W, 51 %, 10869 MiB
2026/10/03 00:47:34.673, 0, 54, 1202 MHz, 39.53 W, 87 %, 10837 MiB
2026/10/03 00:47:34.678, 1, 61, 1189 MHz, 129.11 W, 48 %, 10835 MiB
2026/10/03 00:47:34.681, 2, 59, 1189 MHz, 88.94 W, 47 %, 10869 MiB
2026/10/03 00:47:35.684, 0, 54, 1189 MHz, 65.97 W, 96 %, 10837 MiB
2026/10/03 00:47:35.687, 1, 60, 1189 MHz, 133.74 W, 46 %, 10835 MiB
2026/10/03 00:47:35.693, 2, 59, 1240 MHz, 118.12 W, 50 %, 10869 MiB
2026/10/03 00:47:36.696, 0, 53, 1290 MHz, 161.57 W, 77 %, 10837 MiB
2026/10/03 00:47:36.699, 1, 61, 1164 MHz, 61.88 W, 47 %, 10835 MiB
2026/10/03 00:47:36.702, 2, 59, 1189 MHz, 112.48 W, 62 %, 10869 MiB
2026/10/03 00:47:37.705, 0, 54, 1265 MHz, 51.06 W, 89 %, 10837 MiB
2026/10/03 00:47:37.709, 1, 61, 1189 MHz, 101.87 W, 48 %, 10835 MiB
2026/10/03 00:47:37.714, 2, 59, 1189 MHz, 86.27 W, 43 %, 10869 MiB
2026/10/03 00:47:38.719, 0, 53, 1202 MHz, 50.38 W, 75 %, 10837 MiB
2026/10/03 00:47:38.722, 1, 61, 1189 MHz, 86.70 W, 54 %, 10835 MiB
2026/10/03 00:47:38.725, 2, 59, 1189 MHz, 46.98 W, 60 %, 10869 MiB
2026/10/03 00:47:39.730, 0, 54, 1189 MHz, 78.42 W, 88 %, 10837 MiB
2026/10/03 00:47:39.733, 1, 61, 1189 MHz, 71.59 W, 52 %, 10835 MiB
2026/10/03 00:47:39.738, 2, 59, 1227 MHz, 119.72 W, 41 %, 10869 MiB
2026/10/03 00:47:40.743, 0, 54, 1189 MHz, 46.60 W, 97 %, 10837 MiB
2026/10/03 00:47:40.747, 1, 60, 1189 MHz, 101.82 W, 51 %, 10835 MiB
2026/10/03 00:47:40.750, 2, 59, 1189 MHz, 79.05 W, 42 %, 10869 MiB
2026/10/03 00:47:41.755, 0, 53, 1189 MHz, 80.71 W, 75 %, 10837 MiB
2026/10/03 00:47:41.759, 1, 61, 1189 MHz, 68.34 W, 56 %, 10835 MiB
2026/10/03 00:47:41.763, 2, 59, 1189 MHz, 108.20 W, 60 %, 10869 MiB
2026/10/03 00:47:42.766, 0, 54, 1202 MHz, 61.24 W, 88 %, 10837 MiB
2026/10/03 00:47:42.780, 1, 60, 1290 MHz, 60.65 W, 61 %, 10835 MiB
2026/10/03 00:47:42.783, 2, 59, 1189 MHz, 50.96 W, 44 %, 10869 MiB
2026/10/03 00:47:43.788, 0, 54, 1189 MHz, 58.68 W, 98 %, 10837 MiB
2026/10/03 00:47:43.795, 1, 60, 1189 MHz, 43.59 W, 37 %, 10835 MiB
2026/10/03 00:47:43.800, 2, 59, 1189 MHz, 52.62 W, 41 %, 10869 MiB
2026/10/03 00:47:44.803, 0, 53, 1189 MHz, 43.08 W, 75 %, 10837 MiB
2026/10/03 00:47:44.807, 1, 60, 1202 MHz, 117.01 W, 30 %, 10835 MiB
2026/10/03 00:47:44.810, 2, 59, 1189 MHz, 55.56 W, 60 %, 10869 MiB
2026/10/03 00:47:45.814, 0, 53, 1252 MHz, 148.91 W, 86 %, 10837 MiB
2026/10/03 00:47:45.825, 1, 61, 1189 MHz, 61.22 W, 57 %, 10835 MiB
2026/10/03 00:47:45.828, 2, 59, 1189 MHz, 91.84 W, 41 %, 10869 MiB
2026/10/03 00:47:46.836, 0, 53, 1265 MHz, 148.67 W, 73 %, 10837 MiB
2026/10/03 00:47:46.845, 1, 61, 1202 MHz, 74.20 W, 31 %, 10835 MiB
2026/10/03 00:47:46.848, 2, 59, 1189 MHz, 102.75 W, 52 %, 10869 MiB
2026/10/03 00:47:47.862, 0, 54, 1189 MHz, 72.02 W, 87 %, 10837 MiB
2026/10/03 00:47:47.869, 1, 61, 1240 MHz, 48.34 W, 65 %, 10835 MiB
2026/10/03 00:47:47.872, 2, 59, 1139 MHz, 53.80 W, 51 %, 10869 MiB
2026/10/03 00:47:48.882, 0, 54, 1316 MHz, 88.61 W, 94 %, 10837 MiB
2026/10/03 00:47:48.897, 1, 61, 1189 MHz, 46.21 W, 42 %, 10835 MiB
2026/10/03 00:47:48.904, 2, 59, 1189 MHz, 64.19 W, 37 %, 10869 MiB
2026/10/03 00:47:49.907, 0, 54, 1215 MHz, 79.53 W, 88 %, 10837 MiB
2026/10/03 00:47:49.914, 1, 61, 1215 MHz, 45.50 W, 40 %, 10835 MiB
2026/10/03 00:47:49.917, 2, 59, 1227 MHz, 64.33 W, 43 %, 10869 MiB
2026/10/03 00:47:50.920, 0, 54, 1278 MHz, 66.64 W, 90 %, 10837 MiB
2026/10/03 00:47:50.924, 1, 61, 1189 MHz, 71.17 W, 69 %, 10835 MiB
2026/10/03 00:47:50.931, 2, 59, 1189 MHz, 50.06 W, 35 %, 10869 MiB
2026/10/03 00:47:51.937, 0, 54, 1151 MHz, 102.50 W, 94 %, 10837 MiB
2026/10/03 00:47:51.940, 1, 61, 1189 MHz, 50.67 W, 43 %, 10835 MiB
2026/10/03 00:47:51.944, 2, 59, 1151 MHz, 74.43 W, 37 %, 10869 MiB
2026/10/03 00:47:52.951, 0, 54, 1240 MHz, 75.75 W, 72 %, 10837 MiB
2026/10/03 00:47:52.958, 1, 60, 1189 MHz, 45.74 W, 43 %, 10835 MiB
2026/10/03 00:47:52.961, 2, 59, 1139 MHz, 60.13 W, 61 %, 10869 MiB
2026/10/03 00:47:53.971, 0, 54, 1189 MHz, 82.08 W, 82 %, 10837 MiB
2026/10/03 00:47:53.976, 1, 61, 1189 MHz, 70.95 W, 66 %, 10835 MiB
2026/10/03 00:47:53.982, 2, 59, 1189 MHz, 103.47 W, 45 %, 10869 MiB
2026/10/03 00:47:54.985, 0, 53, 1265 MHz, 65.26 W, 70 %, 10837 MiB
2026/10/03 00:47:54.988, 1, 61, 1215 MHz, 55.48 W, 43 %, 10835 MiB
2026/10/03 00:47:54.991, 2, 59, 1202 MHz, 57.80 W, 62 %, 10869 MiB
2026/10/03 00:47:55.998, 0, 54, 1189 MHz, 54.85 W, 83 %, 10837 MiB
2026/10/03 00:47:56.004, 1, 61, 1227 MHz, 95.66 W, 46 %, 10835 MiB
2026/10/03 00:47:56.012, 2, 59, 1189 MHz, 58.37 W, 46 %, 10869 MiB
2026/10/03 00:47:57.020, 0, 53, 1189 MHz, 104.44 W, 97 %, 10837 MiB
2026/10/03 00:47:57.030, 1, 60, 1265 MHz, 49.29 W, 45 %, 10835 MiB
2026/10/03 00:47:57.033, 2, 59, 1126 MHz, 63.96 W, 44 %, 10869 MiB
2026/10/03 00:47:58.036, 0, 53, 1189 MHz, 100.49 W, 74 %, 10837 MiB
2026/10/03 00:47:58.050, 1, 61, 1202 MHz, 45.76 W, 46 %, 10835 MiB
2026/10/03 00:47:58.053, 2, 59, 1139 MHz, 63.01 W, 62 %, 10869 MiB
2026/10/03 00:47:59.056, 0, 53, 1177 MHz, 78.87 W, 86 %, 10837 MiB
2026/10/03 00:47:59.060, 1, 61, 1189 MHz, 48.58 W, 55 %, 10835 MiB
2026/10/03 00:47:59.063, 2, 59, 1189 MHz, 58.48 W, 51 %, 10869 MiB
2026/10/03 00:48:00.070, 0, 53, 1189 MHz, 133.16 W, 98 %, 10837 MiB
2026/10/03 00:48:00.074, 1, 61, 1189 MHz, 61.46 W, 33 %, 10835 MiB
2026/10/03 00:48:00.081, 2, 59, 1189 MHz, 92.14 W, 43 %, 10869 MiB
2026/10/03 00:48:01.089, 0, 54, 1151 MHz, 107.87 W, 70 %, 10837 MiB
2026/10/03 00:48:01.098, 1, 61, 1189 MHz, 47.15 W, 31 %, 10835 MiB
2026/10/03 00:48:01.105, 2, 59, 1164 MHz, 65.37 W, 52 %, 10869 MiB
2026/10/03 00:48:02.116, 0, 54, 1189 MHz, 48.50 W, 91 %, 10837 MiB
2026/10/03 00:48:02.121, 1, 61, 1189 MHz, 95.79 W, 65 %, 10835 MiB
2026/10/03 00:48:02.124, 2, 59, 1189 MHz, 47.45 W, 50 %, 10869 MiB
2026/10/03 00:48:03.127, 0, 53, 1316 MHz, 148.10 W, 84 %, 10837 MiB
2026/10/03 00:48:03.130, 1, 61, 1189 MHz, 86.26 W, 40 %, 10835 MiB
2026/10/03 00:48:03.133, 2, 59, 1303 MHz, 162.77 W, 44 %, 10869 MiB
2026/10/03 00:48:04.142, 0, 53, 1316 MHz, 116.07 W, 78 %, 10837 MiB
2026/10/03 00:48:04.146, 1, 61, 1189 MHz, 134.78 W, 70 %, 10835 MiB
2026/10/03 00:48:04.149, 2, 59, 1290 MHz, 142.89 W, 44 %, 10869 MiB
2026/10/03 00:48:05.160, 0, 54, 1278 MHz, 57.26 W, 97 %, 10837 MiB
2026/10/03 00:48:05.163, 1, 61, 1252 MHz, 55.26 W, 42 %, 10835 MiB
2026/10/03 00:48:05.168, 2, 59, 1189 MHz, 52.15 W, 45 %, 10869 MiB
2026/10/03 00:48:06.171, 0, 53, 1189 MHz, 83.35 W, 69 %, 10837 MiB
2026/10/03 00:48:06.174, 1, 61, 1189 MHz, 55.81 W, 43 %, 10835 MiB
2026/10/03 00:48:06.177, 2, 59, 1189 MHz, 85.76 W, 68 %, 10869 MiB
2026/10/03 00:48:07.182, 0, 54, 1215 MHz, 67.07 W, 82 %, 10837 MiB
2026/10/03 00:48:07.188, 1, 61, 1189 MHz, 73.29 W, 60 %, 10835 MiB
2026/10/03 00:48:07.191, 2, 59, 1265 MHz, 117.47 W, 45 %, 10869 MiB
2026/10/03 00:48:08.200, 0, 54, 1151 MHz, 74.86 W, 99 %, 10837 MiB
2026/10/03 00:48:08.203, 1, 60, 1189 MHz, 46.89 W, 51 %, 10835 MiB
2026/10/03 00:48:08.214, 2, 59, 1202 MHz, 50.96 W, 44 %, 10869 MiB
2026/10/03 00:48:09.222, 0, 54, 1177 MHz, 69.24 W, 75 %, 10837 MiB
2026/10/03 00:48:09.234, 1, 61, 1189 MHz, 68.15 W, 38 %, 10835 MiB
2026/10/03 00:48:09.237, 2, 60, 1189 MHz, 54.03 W, 62 %, 10869 MiB
2026/10/03 00:48:10.240, 0, 54, 1151 MHz, 78.11 W, 92 %, 10837 MiB
2026/10/03 00:48:10.246, 1, 61, 1240 MHz, 47.87 W, 72 %, 10835 MiB
2026/10/03 00:48:10.249, 2, 59, 1189 MHz, 63.72 W, 47 %, 10869 MiB
2026/10/03 00:48:11.258, 0, 53, 1189 MHz, 64.99 W, 97 %, 10837 MiB
2026/10/03 00:48:11.261, 1, 61, 1189 MHz, 127.29 W, 36 %, 10835 MiB
2026/10/03 00:48:11.265, 2, 59, 1189 MHz, 104.18 W, 42 %, 10869 MiB
2026/10/03 00:48:12.270, 0, 53, 1189 MHz, 40.54 W, 95 %, 10837 MiB
2026/10/03 00:48:12.273, 1, 61, 1088 MHz, 62.42 W, 67 %, 10835 MiB
2026/10/03 00:48:12.279, 2, 59, 1189 MHz, 42.79 W, 43 %, 10869 MiB
2026/10/03 00:48:13.282, 0, 54, 1126 MHz, 136.73 W, 94 %, 10837 MiB
2026/10/03 00:48:13.290, 1, 61, 1189 MHz, 43.29 W, 56 %, 10835 MiB
2026/10/03 00:48:13.296, 2, 59, 1189 MHz, 59.15 W, 42 %, 10869 MiB
2026/10/03 00:48:14.299, 0, 53, 1278 MHz, 166.15 W, 93 %, 10837 MiB
2026/10/03 00:48:14.308, 1, 61, 1189 MHz, 64.64 W, 47 %, 10835 MiB
2026/10/03 00:48:14.311, 2, 59, 1164 MHz, 134.12 W, 43 %, 10869 MiB
2026/10/03 00:48:15.321, 0, 54, 1189 MHz, 45.42 W, 94 %, 10837 MiB
2026/10/03 00:48:15.328, 1, 61, 1189 MHz, 127.14 W, 44 %, 10835 MiB
2026/10/03 00:48:15.333, 2, 59, 1227 MHz, 109.48 W, 43 %, 10869 MiB
2026/10/03 00:48:16.341, 0, 54, 1126 MHz, 69.00 W, 91 %, 10837 MiB
2026/10/03 00:48:16.344, 1, 61, 1189 MHz, 47.14 W, 42 %, 10835 MiB
2026/10/03 00:48:16.353, 2, 59, 1202 MHz, 49.34 W, 48 %, 10869 MiB
2026/10/03 00:48:17.361, 0, 54, 1189 MHz, 109.44 W, 93 %, 10837 MiB
2026/10/03 00:48:17.364, 1, 61, 1202 MHz, 50.43 W, 46 %, 10835 MiB
2026/10/03 00:48:17.373, 2, 59, 1202 MHz, 71.60 W, 44 %, 10869 MiB
2026/10/03 00:48:18.376, 0, 54, 1303 MHz, 44.00 W, 93 %, 10837 MiB
2026/10/03 00:48:18.380, 1, 61, 1189 MHz, 124.41 W, 49 %, 10835 MiB
2026/10/03 00:48:18.383, 2, 59, 1303 MHz, 86.91 W, 44 %, 10869 MiB
2026/10/03 00:48:19.387, 0, 53, 1227 MHz, 90.61 W, 93 %, 10837 MiB
2026/10/03 00:48:19.391, 1, 61, 1316 MHz, 54.63 W, 47 %, 10835 MiB
2026/10/03 00:48:19.394, 2, 59, 1240 MHz, 59.90 W, 50 %, 10869 MiB
2026/10/03 00:48:20.399, 0, 54, 1164 MHz, 107.41 W, 89 %, 10837 MiB
2026/10/03 00:48:20.405, 1, 61, 1240 MHz, 49.01 W, 44 %, 10835 MiB
2026/10/03 00:48:20.411, 2, 59, 1252 MHz, 72.31 W, 43 %, 10869 MiB
2026/10/03 00:48:21.414, 0, 54, 1316 MHz, 47.46 W, 87 %, 10837 MiB
2026/10/03 00:48:21.421, 1, 61, 1189 MHz, 129.56 W, 44 %, 10835 MiB
2026/10/03 00:48:21.424, 2, 59, 1240 MHz, 110.15 W, 46 %, 10869 MiB
2026/10/03 00:48:22.432, 0, 54, 1265 MHz, 82.82 W, 89 %, 10837 MiB
2026/10/03 00:48:22.435, 1, 61, 1189 MHz, 42.69 W, 66 %, 10835 MiB
2026/10/03 00:48:22.438, 2, 59, 1189 MHz, 63.45 W, 45 %, 10869 MiB
2026/10/03 00:48:23.441, 0, 54, 1303 MHz, 95.32 W, 94 %, 10837 MiB
2026/10/03 00:48:23.445, 1, 61, 1202 MHz, 50.21 W, 44 %, 10835 MiB
2026/10/03 00:48:23.448, 2, 59, 1151 MHz, 67.69 W, 38 %, 10869 MiB
2026/10/03 00:48:24.457, 0, 53, 1240 MHz, 80.42 W, 66 %, 10837 MiB
2026/10/03 00:48:24.460, 1, 60, 1189 MHz, 133.97 W, 38 %, 10835 MiB
2026/10/03 00:48:24.463, 2, 59, 1265 MHz, 122.40 W, 75 %, 10869 MiB
2026/10/03 00:48:25.466, 0, 54, 1215 MHz, 69.00 W, 80 %, 10837 MiB
2026/10/03 00:48:25.470, 1, 61, 1189 MHz, 43.86 W, 64 %, 10835 MiB
2026/10/03 00:48:25.473, 2, 59, 1202 MHz, 62.97 W, 47 %, 10869 MiB
2026/10/03 00:48:26.476, 0, 54, 1177 MHz, 103.31 W, 97 %, 10837 MiB
2026/10/03 00:48:26.480, 1, 61, 1189 MHz, 46.45 W, 49 %, 10835 MiB
2026/10/03 00:48:26.487, 2, 59, 1202 MHz, 59.66 W, 50 %, 10869 MiB
2026/10/03 00:48:27.495, 0, 53, 1189 MHz, 127.63 W, 94 %, 10837 MiB
2026/10/03 00:48:27.498, 1, 61, 1189 MHz, 81.18 W, 44 %, 10835 MiB
2026/10/03 00:48:27.508, 2, 59, 1164 MHz, 100.11 W, 52 %, 10869 MiB
2026/10/03 00:48:28.514, 0, 54, 1088 MHz, 122.65 W, 93 %, 10837 MiB
2026/10/03 00:48:28.517, 1, 60, 1278 MHz, 40.25 W, 49 %, 10835 MiB
2026/10/03 00:48:28.520, 2, 59, 1189 MHz, 46.30 W, 43 %, 10869 MiB
2026/10/03 00:48:29.524, 0, 54, 1240 MHz, 143.69 W, 92 %, 10837 MiB
2026/10/03 00:48:29.527, 1, 61, 1202 MHz, 135.02 W, 54 %, 10835 MiB
2026/10/03 00:48:29.534, 2, 59, 1139 MHz, 134.74 W, 45 %, 10869 MiB
2026/10/03 00:48:30.540, 0, 54, 1189 MHz, 111.74 W, 93 %, 10837 MiB
2026/10/03 00:48:30.544, 1, 61, 1164 MHz, 55.37 W, 47 %, 10835 MiB
2026/10/03 00:48:30.551, 2, 59, 1189 MHz, 66.74 W, 43 %, 10869 MiB
2026/10/03 00:48:31.556, 0, 53, 1215 MHz, 49.20 W, 89 %, 10837 MiB
2026/10/03 00:48:31.559, 1, 61, 1278 MHz, 109.42 W, 42 %, 10835 MiB
2026/10/03 00:48:31.562, 2, 59, 1227 MHz, 48.63 W, 43 %, 10869 MiB
2026/10/03 00:48:32.566, 0, 54, 1189 MHz, 44.03 W, 91 %, 10837 MiB
2026/10/03 00:48:32.569, 1, 61, 1189 MHz, 96.68 W, 46 %, 10835 MiB
2026/10/03 00:48:32.580, 2, 59, 1189 MHz, 98.39 W, 47 %, 10869 MiB
2026/10/03 00:48:33.583, 0, 54, 1278 MHz, 93.81 W, 94 %, 10837 MiB
2026/10/03 00:48:33.586, 1, 60, 1290 MHz, 159.71 W, 43 %, 10835 MiB
2026/10/03 00:48:33.589, 2, 59, 1189 MHz, 108.94 W, 36 %, 10869 MiB
2026/10/03 00:48:34.592, 0, 54, 1202 MHz, 98.23 W, 65 %, 10837 MiB
2026/10/03 00:48:34.595, 1, 61, 1202 MHz, 55.25 W, 49 %, 10835 MiB
2026/10/03 00:48:34.600, 2, 59, 1290 MHz, 79.27 W, 43 %, 10869 MiB
2026/10/03 00:48:35.607, 0, 54, 1189 MHz, 58.56 W, 78 %, 10837 MiB
2026/10/03 00:48:35.611, 1, 61, 1215 MHz, 90.54 W, 60 %, 10835 MiB
2026/10/03 00:48:35.619, 2, 59, 1189 MHz, 82.79 W, 48 %, 10869 MiB
2026/10/03 00:48:36.631, 0, 54, 1290 MHz, 46.37 W, 69 %, 10837 MiB
2026/10/03 00:48:36.635, 1, 60, 1189 MHz, 108.01 W, 44 %, 10835 MiB
2026/10/03 00:48:36.642, 2, 59, 1303 MHz, 64.53 W, 62 %, 10869 MiB
2026/10/03 00:48:37.646, 0, 54, 1189 MHz, 43.56 W, 76 %, 10837 MiB
2026/10/03 00:48:37.652, 1, 61, 1189 MHz, 98.32 W, 76 %, 10835 MiB
2026/10/03 00:48:37.655, 2, 59, 1202 MHz, 88.98 W, 47 %, 10869 MiB
2026/10/03 00:48:38.658, 0, 54, 1177 MHz, 54.82 W, 97 %, 10837 MiB
2026/10/03 00:48:38.662, 1, 60, 1189 MHz, 85.14 W, 54 %, 10835 MiB
2026/10/03 00:48:38.667, 2, 59, 1202 MHz, 41.58 W, 50 %, 10869 MiB
2026/10/03 00:48:39.673, 0, 54, 1189 MHz, 56.02 W, 97 %, 10837 MiB
2026/10/03 00:48:39.680, 1, 61, 1189 MHz, 39.30 W, 51 %, 10835 MiB
2026/10/03 00:48:39.689, 2, 60, 1050 MHz, 118.53 W, 43 %, 10869 MiB
2026/10/03 00:48:40.698, 0, 54, 1189 MHz, 105.16 W, 93 %, 10837 MiB
2026/10/03 00:48:40.702, 1, 61, 1252 MHz, 149.15 W, 44 %, 10835 MiB
2026/10/03 00:48:40.705, 2, 59, 1189 MHz, 119.12 W, 42 %, 10869 MiB
2026/10/03 00:48:41.708, 0, 53, 1290 MHz, 148.20 W, 92 %, 10837 MiB
2026/10/03 00:48:41.711, 1, 61, 1189 MHz, 71.37 W, 43 %, 10835 MiB
2026/10/03 00:48:41.718, 2, 59, 1189 MHz, 104.73 W, 48 %, 10869 MiB
2026/10/03 00:48:42.725, 0, 54, 1202 MHz, 60.53 W, 91 %, 10837 MiB
2026/10/03 00:48:42.729, 1, 61, 1215 MHz, 44.56 W, 45 %, 10835 MiB
2026/10/03 00:48:42.734, 2, 59, 1202 MHz, 52.15 W, 42 %, 10869 MiB
2026/10/03 00:48:43.738, 0, 53, 1240 MHz, 117.60 W, 91 %, 10837 MiB
2026/10/03 00:48:43.758, 1, 60, 1265 MHz, 71.83 W, 50 %, 10835 MiB
2026/10/03 00:48:43.763, 2, 59, 1189 MHz, 50.96 W, 50 %, 10869 MiB
2026/10/03 00:48:44.771, 0, 54, 1189 MHz, 55.63 W, 73 %, 10837 MiB
2026/10/03 00:48:44.774, 1, 61, 1316 MHz, 164.51 W, 46 %, 10835 MiB
2026/10/03 00:48:44.784, 2, 59, 1189 MHz, 124.36 W, 51 %, 10869 MiB
2026/10/03 00:48:45.792, 0, 54, 1189 MHz, 63.13 W, 99 %, 10837 MiB
2026/10/03 00:48:45.795, 1, 61, 1189 MHz, 52.25 W, 50 %, 10835 MiB
2026/10/03 00:48:45.799, 2, 59, 1189 MHz, 50.02 W, 43 %, 10869 MiB
2026/10/03 00:48:46.808, 0, 54, 1240 MHz, 49.28 W, 70 %, 10837 MiB
2026/10/03 00:48:46.812, 1, 60, 1189 MHz, 45.98 W, 30 %, 10835 MiB
2026/10/03 00:48:46.813, 2, 59, 1189 MHz, 54.51 W, 67 %, 10869 MiB
2026/10/03 00:48:47.816, 0, 53, 1151 MHz, 75.28 W, 96 %, 10837 MiB
2026/10/03 00:48:47.826, 1, 61, 1189 MHz, 54.10 W, 75 %, 10835 MiB
2026/10/03 00:48:47.833, 2, 59, 1265 MHz, 50.96 W, 51 %, 10869 MiB
2026/10/03 00:48:48.854, 0, 54, 1189 MHz, 55.53 W, 98 %, 10837 MiB
2026/10/03 00:48:48.861, 1, 60, 1189 MHz, 82.08 W, 61 %, 10835 MiB
2026/10/03 00:48:48.867, 2, 59, 1265 MHz, 43.94 W, 51 %, 10869 MiB
2026/10/03 00:48:49.870, 0, 54, 1113 MHz, 60.48 W, 98 %, 10837 MiB
2026/10/03 00:48:49.880, 1, 61, 1189 MHz, 40.49 W, 50 %, 10835 MiB
2026/10/03 00:48:49.883, 2, 60, 1063 MHz, 119.69 W, 45 %, 10869 MiB
2026/10/03 00:48:50.889, 0, 54, 1202 MHz, 45.89 W, 94 %, 10837 MiB
2026/10/03 00:48:50.898, 1, 61, 1189 MHz, 125.54 W, 43 %, 10835 MiB
2026/10/03 00:48:50.901, 2, 59, 1189 MHz, 89.82 W, 42 %, 10869 MiB
2026/10/03 00:48:51.907, 0, 54, 1290 MHz, 44.94 W, 93 %, 10837 MiB
2026/10/03 00:48:51.910, 1, 60, 1189 MHz, 124.04 W, 43 %, 10835 MiB
2026/10/03 00:48:51.915, 2, 59, 1189 MHz, 90.34 W, 49 %, 10869 MiB
2026/10/03 00:48:52.920, 0, 54, 1202 MHz, 74.36 W, 91 %, 10837 MiB
2026/10/03 00:48:52.923, 1, 61, 1189 MHz, 90.94 W, 44 %, 10835 MiB
2026/10/03 00:48:52.929, 2, 59, 1189 MHz, 95.17 W, 44 %, 10869 MiB
2026/10/03 00:48:53.932, 0, 54, 1240 MHz, 83.77 W, 91 %, 10837 MiB
2026/10/03 00:48:53.936, 1, 61, 1189 MHz, 44.10 W, 32 %, 10835 MiB
2026/10/03 00:48:53.940, 2, 59, 1202 MHz, 54.99 W, 43 %, 10869 MiB
2026/10/03 00:48:54.948, 0, 54, 1215 MHz, 149.93 W, 74 %, 10837 MiB
2026/10/03 00:48:54.953, 1, 61, 1164 MHz, 63.54 W, 77 %, 10835 MiB
2026/10/03 00:48:54.962, 2, 60, 1202 MHz, 86.79 W, 52 %, 10869 MiB
2026/10/03 00:48:55.969, 0, 54, 1189 MHz, 50.59 W, 97 %, 10837 MiB
2026/10/03 00:48:55.974, 1, 61, 1189 MHz, 100.25 W, 31 %, 10835 MiB
2026/10/03 00:48:55.982, 2, 59, 1189 MHz, 50.40 W, 53 %, 10869 MiB
2026/10/03 00:48:56.985, 0, 53, 1189 MHz, 37.01 W, 96 %, 10837 MiB
2026/10/03 00:48:56.993, 1, 60, 1189 MHz, 74.42 W, 36 %, 10835 MiB
2026/10/03 00:48:56.996, 2, 59, 1189 MHz, 47.93 W, 43 %, 10869 MiB
2026/10/03 00:48:58.000, 0, 54, 1177 MHz, 137.96 W, 92 %, 10837 MiB
2026/10/03 00:48:58.003, 1, 61, 1101 MHz, 126.02 W, 58 %, 10835 MiB
2026/10/03 00:48:58.013, 2, 60, 1063 MHz, 92.41 W, 43 %, 10869 MiB
2026/10/03 00:48:59.023, 0, 54, 1151 MHz, 80.23 W, 95 %, 10837 MiB
2026/10/03 00:48:59.026, 1, 61, 1227 MHz, 47.40 W, 47 %, 10835 MiB
2026/10/03 00:48:59.031, 2, 59, 1189 MHz, 59.67 W, 43 %, 10869 MiB
2026/10/03 00:49:00.034, 0, 53, 1189 MHz, 74.85 W, 91 %, 10837 MiB
2026/10/03 00:49:00.038, 1, 61, 1265 MHz, 50.67 W, 43 %, 10835 MiB
2026/10/03 00:49:00.042, 2, 59, 1189 MHz, 59.03 W, 42 %, 10869 MiB
2026/10/03 00:49:01.049, 0, 54, 1189 MHz, 91.10 W, 94 %, 10837 MiB
2026/10/03 00:49:01.053, 1, 61, 1202 MHz, 144.80 W, 43 %, 10835 MiB
2026/10/03 00:49:01.056, 2, 59, 1316 MHz, 138.65 W, 43 %, 10869 MiB
2026/10/03 00:49:02.063, 0, 54, 1189 MHz, 43.08 W, 60 %, 10837 MiB
2026/10/03 00:49:02.066, 1, 61, 1189 MHz, 95.02 W, 48 %, 10835 MiB
2026/10/03 00:49:02.069, 2, 59, 1252 MHz, 83.86 W, 50 %, 10869 MiB
2026/10/03 00:49:03.072, 0, 54, 1189 MHz, 99.99 W, 94 %, 10837 MiB
2026/10/03 00:49:03.076, 1, 61, 1189 MHz, 59.47 W, 47 %, 10835 MiB
2026/10/03 00:49:03.080, 2, 59, 1189 MHz, 79.09 W, 35 %, 10869 MiB
2026/10/03 00:49:04.090, 0, 53, 1316 MHz, 36.93 W, 62 %, 10837 MiB
2026/10/03 00:49:04.095, 1, 61, 1189 MHz, 121.22 W, 54 %, 10835 MiB
2026/10/03 00:49:04.101, 2, 59, 1189 MHz, 80.86 W, 81 %, 10869 MiB
2026/10/03 00:49:05.106, 0, 54, 1177 MHz, 133.94 W, 98 %, 10837 MiB
2026/10/03 00:49:05.117, 1, 61, 1088 MHz, 119.93 W, 51 %, 10835 MiB
2026/10/03 00:49:05.123, 2, 60, 1088 MHz, 77.84 W, 43 %, 10869 MiB
2026/10/03 00:49:06.131, 0, 54, 1278 MHz, 86.31 W, 91 %, 10837 MiB
2026/10/03 00:49:06.135, 1, 61, 1189 MHz, 45.50 W, 41 %, 10835 MiB
2026/10/03 00:49:06.142, 2, 60, 1240 MHz, 58.47 W, 43 %, 10869 MiB
2026/10/03 00:49:07.150, 0, 53, 1202 MHz, 111.89 W, 91 %, 10837 MiB
2026/10/03 00:49:07.153, 1, 61, 1189 MHz, 53.49 W, 44 %, 10835 MiB
2026/10/03 00:49:07.157, 2, 59, 1278 MHz, 71.18 W, 43 %, 10869 MiB
2026/10/03 00:49:08.160, 0, 54, 1189 MHz, 57.22 W, 91 %, 10837 MiB
2026/10/03 00:49:08.163, 1, 60, 1215 MHz, 89.08 W, 33 %, 10835 MiB
2026/10/03 00:49:08.168, 2, 59, 1189 MHz, 46.98 W, 40 %, 10869 MiB
2026/10/03 00:49:09.174, 0, 54, 1227 MHz, 131.90 W, 59 %, 10837 MiB
2026/10/03 00:49:09.178, 1, 60, 1151 MHz, 91.64 W, 43 %, 10835 MiB
2026/10/03 00:49:09.181, 2, 59, 1189 MHz, 127.71 W, 75 %, 10869 MiB
2026/10/03 00:49:10.184, 0, 54, 1189 MHz, 48.03 W, 71 %, 10837 MiB
2026/10/03 00:49:10.189, 1, 61, 1189 MHz, 104.64 W, 64 %, 10835 MiB
2026/10/03 00:49:10.194, 2, 59, 1189 MHz, 87.20 W, 52 %, 10869 MiB
2026/10/03 00:49:11.199, 0, 54, 1189 MHz, 36.72 W, 98 %, 10837 MiB
2026/10/03 00:49:11.203, 1, 61, 1189 MHz, 37.17 W, 47 %, 10835 MiB
2026/10/03 00:49:11.206, 2, 60, 1075 MHz, 115.81 W, 42 %, 10869 MiB
2026/10/03 00:49:12.209, 0, 54, 1189 MHz, 61.73 W, 96 %, 10837 MiB
2026/10/03 00:49:12.212, 1, 61, 1189 MHz, 130.09 W, 49 %, 10835 MiB
2026/10/03 00:49:12.218, 2, 59, 1189 MHz, 109.65 W, 46 %, 10869 MiB
2026/10/03 00:49:13.224, 0, 53, 1240 MHz, 105.54 W, 90 %, 10837 MiB
2026/10/03 00:49:13.227, 1, 61, 1240 MHz, 45.03 W, 45 %, 10835 MiB
2026/10/03 00:49:13.239, 2, 59, 1189 MHz, 51.44 W, 43 %, 10869 MiB
2026/10/03 00:49:14.242, 0, 53, 1303 MHz, 71.54 W, 86 %, 10837 MiB
2026/10/03 00:49:14.247, 1, 61, 1189 MHz, 130.89 W, 39 %, 10835 MiB
2026/10/03 00:49:14.250, 2, 59, 1189 MHz, 112.37 W, 33 %, 10869 MiB
2026/10/03 00:49:15.258, 0, 54, 1240 MHz, 141.38 W, 100 %, 10837 MiB
2026/10/03 00:49:15.263, 1, 61, 1139 MHz, 87.00 W, 36 %, 10835 MiB
2026/10/03 00:49:15.266, 2, 59, 1189 MHz, 132.74 W, 41 %, 10869 MiB
2026/10/03 00:49:16.269, 0, 54, 1189 MHz, 70.18 W, 89 %, 10837 MiB
2026/10/03 00:49:16.272, 1, 61, 1189 MHz, 44.79 W, 44 %, 10835 MiB
2026/10/03 00:49:16.283, 2, 59, 1189 MHz, 51.71 W, 70 %, 10869 MiB
2026/10/03 00:49:17.286, 0, 54, 1189 MHz, 41.43 W, 93 %, 10837 MiB
2026/10/03 00:49:17.291, 1, 61, 1088 MHz, 114.13 W, 64 %, 10835 MiB
2026/10/03 00:49:17.295, 2, 59, 1189 MHz, 43.70 W, 55 %, 10869 MiB
2026/10/03 00:49:18.298, 0, 54, 1189 MHz, 47.49 W, 95 %, 10837 MiB
2026/10/03 00:49:18.301, 1, 61, 1227 MHz, 130.29 W, 49 %, 10835 MiB
2026/10/03 00:49:18.304, 2, 59, 1227 MHz, 97.19 W, 48 %, 10869 MiB
2026/10/03 00:49:19.309, 0, 54, 1189 MHz, 45.42 W, 91 %, 10837 MiB
2026/10/03 00:49:19.312, 1, 61, 1227 MHz, 116.84 W, 46 %, 10835 MiB
2026/10/03 00:49:19.315, 2, 59, 1290 MHz, 49.31 W, 42 %, 10869 MiB
2026/10/03 00:49:20.318, 0, 54, 1189 MHz, 62.19 W, 56 %, 10837 MiB
2026/10/03 00:49:20.322, 1, 61, 1189 MHz, 44.74 W, 49 %, 10835 MiB
2026/10/03 00:49:20.325, 2, 59, 1278 MHz, 54.24 W, 43 %, 10869 MiB
2026/10/03 00:49:21.332, 0, 54, 1202 MHz, 96.86 W, 81 %, 10837 MiB
2026/10/03 00:49:21.339, 1, 61, 1202 MHz, 131.07 W, 79 %, 10835 MiB
2026/10/03 00:49:21.345, 2, 59, 1189 MHz, 128.52 W, 33 %, 10869 MiB
2026/10/03 00:49:22.356, 0, 54, 1189 MHz, 100.43 W, 100 %, 10837 MiB
2026/10/03 00:49:22.359, 1, 60, 1151 MHz, 104.78 W, 57 %, 10835 MiB
2026/10/03 00:49:22.366, 2, 59, 1265 MHz, 137.68 W, 51 %, 10869 MiB
2026/10/03 00:49:23.369, 0, 54, 1113 MHz, 79.41 W, 98 %, 10837 MiB
2026/10/03 00:49:23.382, 1, 61, 1189 MHz, 43.06 W, 50 %, 10835 MiB
2026/10/03 00:49:23.385, 2, 60, 1050 MHz, 118.76 W, 42 %, 10869 MiB
2026/10/03 00:49:24.388, 0, 54, 1303 MHz, 162.79 W, 94 %, 10837 MiB
2026/10/03 00:49:24.401, 1, 61, 1126 MHz, 59.33 W, 50 %, 10835 MiB
2026/10/03 00:49:24.409, 2, 59, 1164 MHz, 85.09 W, 46 %, 10869 MiB
2026/10/03 00:49:25.412, 0, 54, 1177 MHz, 66.63 W, 91 %, 10837 MiB
2026/10/03 00:49:25.422, 1, 61, 1189 MHz, 87.26 W, 51 %, 10835 MiB
2026/10/03 00:49:25.428, 2, 59, 1189 MHz, 50.26 W, 44 %, 10869 MiB
2026/10/03 00:49:26.431, 0, 54, 1265 MHz, 91.42 W, 75 %, 10837 MiB
2026/10/03 00:49:26.434, 1, 61, 1189 MHz, 71.85 W, 82 %, 10835 MiB
2026/10/03 00:49:26.437, 2, 59, 1189 MHz, 101.65 W, 36 %, 10869 MiB
2026/10/03 00:49:27.444, 0, 54, 1189 MHz, 84.15 W, 98 %, 10837 MiB
2026/10/03 00:49:27.449, 1, 60, 1189 MHz, 56.19 W, 31 %, 10835 MiB
2026/10/03 00:49:27.453, 2, 59, 1189 MHz, 105.54 W, 52 %, 10869 MiB
2026/10/03 00:49:28.457, 0, 53, 1189 MHz, 37.19 W, 94 %, 10837 MiB
2026/10/03 00:49:28.464, 1, 60, 1227 MHz, 108.73 W, 41 %, 10835 MiB
2026/10/03 00:49:28.467, 2, 60, 1189 MHz, 72.05 W, 46 %, 10869 MiB
2026/10/03 00:49:29.474, 0, 54, 1189 MHz, 122.85 W, 92 %, 10837 MiB
2026/10/03 00:49:29.477, 1, 61, 1202 MHz, 145.20 W, 46 %, 10835 MiB
2026/10/03 00:49:29.480, 2, 59, 1227 MHz, 136.48 W, 43 %, 10869 MiB
2026/10/03 00:49:30.483, 0, 53, 1189 MHz, 88.14 W, 90 %, 10837 MiB
2026/10/03 00:49:30.491, 1, 61, 1252 MHz, 49.74 W, 42 %, 10835 MiB
2026/10/03 00:49:30.496, 2, 59, 1189 MHz, 61.60 W, 43 %, 10869 MiB
2026/10/03 00:49:31.499, 0, 54, 1189 MHz, 94.37 W, 97 %, 10837 MiB
2026/10/03 00:49:31.502, 1, 61, 1240 MHz, 55.98 W, 45 %, 10835 MiB
2026/10/03 00:49:31.505, 2, 59, 1189 MHz, 109.30 W, 37 %, 10869 MiB
2026/10/03 00:49:32.508, 0, 54, 1202 MHz, 77.01 W, 65 %, 10837 MiB
2026/10/03 00:49:32.517, 1, 61, 1189 MHz, 50.17 W, 28 %, 10835 MiB
2026/10/03 00:49:32.520, 2, 60, 1189 MHz, 74.19 W, 74 %, 10869 MiB
2026/10/03 00:49:33.523, 0, 54, 1189 MHz, 36.98 W, 92 %, 10837 MiB
2026/10/03 00:49:33.527, 1, 61, 1088 MHz, 81.36 W, 69 %, 10835 MiB
2026/10/03 00:49:33.530, 2, 59, 1189 MHz, 41.43 W, 43 %, 10869 MiB
2026/10/03 00:49:34.533, 0, 54, 1189 MHz, 61.73 W, 93 %, 10837 MiB
2026/10/03 00:49:34.536, 1, 61, 1189 MHz, 125.96 W, 47 %, 10835 MiB
2026/10/03 00:49:34.545, 2, 59, 1252 MHz, 112.16 W, 43 %, 10869 MiB
2026/10/03 00:49:35.548, 0, 54, 1189 MHz, 102.44 W, 90 %, 10837 MiB
2026/10/03 00:49:35.551, 1, 61, 1189 MHz, 56.32 W, 49 %, 10835 MiB
2026/10/03 00:49:35.555, 2, 59, 1290 MHz, 77.64 W, 43 %, 10869 MiB
2026/10/03 00:49:36.560, 0, 54, 1189 MHz, 99.69 W, 100 %, 10837 MiB
2026/10/03 00:49:36.563, 1, 61, 1189 MHz, 55.51 W, 42 %, 10835 MiB
2026/10/03 00:49:36.568, 2, 59, 1278 MHz, 82.51 W, 44 %, 10869 MiB
2026/10/03 00:49:37.575, 0, 54, 1303 MHz, 50.87 W, 58 %, 10837 MiB
2026/10/03 00:49:37.587, 1, 61, 1189 MHz, 84.44 W, 38 %, 10835 MiB
2026/10/03 00:49:37.590, 2, 59, 1303 MHz, 53.31 W, 63 %, 10869 MiB
2026/10/03 00:49:38.595, 0, 54, 1088 MHz, 115.31 W, 97 %, 10837 MiB
2026/10/03 00:49:38.599, 1, 60, 1189 MHz, 37.94 W, 62 %, 10835 MiB
2026/10/03 00:49:38.602, 2, 59, 1202 MHz, 41.43 W, 60 %, 10869 MiB
2026/10/03 00:49:39.605, 0, 54, 1189 MHz, 91.40 W, 93 %, 10837 MiB
2026/10/03 00:49:39.608, 1, 61, 1189 MHz, 129.15 W, 41 %, 10835 MiB
2026/10/03 00:49:39.613, 2, 59, 1202 MHz, 120.29 W, 48 %, 10869 MiB
2026/10/03 00:49:40.618, 0, 54, 1177 MHz, 77.35 W, 90 %, 10837 MiB
2026/10/03 00:49:40.621, 1, 61, 1189 MHz, 88.43 W, 40 %, 10835 MiB
2026/10/03 00:49:40.633, 2, 59, 1189 MHz, 69.71 W, 45 %, 10869 MiB
2026/10/03 00:49:41.643, 0, 54, 1265 MHz, 51.10 W, 79 %, 10837 MiB
2026/10/03 00:49:41.650, 1, 61, 1189 MHz, 85.93 W, 27 %, 10835 MiB
2026/10/03 00:49:41.653, 2, 59, 1189 MHz, 71.18 W, 49 %, 10869 MiB
2026/10/03 00:49:42.656, 0, 54, 1189 MHz, 46.84 W, 69 %, 10837 MiB
2026/10/03 00:49:42.659, 1, 61, 1189 MHz, 103.30 W, 67 %, 10835 MiB
2026/10/03 00:49:42.662, 2, 59, 1189 MHz, 83.50 W, 44 %, 10869 MiB
2026/10/03 00:49:43.667, 0, 54, 1088 MHz, 122.49 W, 93 %, 10837 MiB
2026/10/03 00:49:43.676, 1, 61, 1189 MHz, 39.31 W, 44 %, 10835 MiB
2026/10/03 00:49:43.679, 2, 60, 1189 MHz, 46.07 W, 44 %, 10869 MiB
2026/10/03 00:49:44.682, 0, 54, 1139 MHz, 77.41 W, 92 %, 10837 MiB
2026/10/03 00:49:44.686, 1, 61, 1189 MHz, 45.97 W, 40 %, 10835 MiB
2026/10/03 00:49:44.689, 2, 60, 1189 MHz, 51.91 W, 43 %, 10869 MiB
2026/10/03 00:49:45.701, 0, 54, 1164 MHz, 113.80 W, 91 %, 10837 MiB
2026/10/03 00:49:45.704, 1, 61, 1265 MHz, 55.14 W, 49 %, 10835 MiB
2026/10/03 00:49:45.707, 2, 59, 1189 MHz, 74.19 W, 50 %, 10869 MiB
2026/10/03 00:49:46.713, 0, 54, 1265 MHz, 104.12 W, 54 %, 10837 MiB
2026/10/03 00:49:46.725, 1, 61, 1189 MHz, 48.34 W, 54 %, 10835 MiB
2026/10/03 00:49:46.728, 2, 60, 1189 MHz, 62.54 W, 77 %, 10869 MiB
2026/10/03 00:49:47.735, 0, 54, 1189 MHz, 100.32 W, 95 %, 10837 MiB
2026/10/03 00:49:47.738, 1, 61, 1151 MHz, 104.55 W, 43 %, 10835 MiB
2026/10/03 00:49:47.745, 2, 59, 1189 MHz, 130.35 W, 57 %, 10869 MiB
2026/10/03 00:49:48.757, 0, 54, 1139 MHz, 137.31 W, 92 %, 10837 MiB
2026/10/03 00:49:48.765, 1, 61, 1126 MHz, 60.67 W, 49 %, 10835 MiB
2026/10/03 00:49:48.768, 2, 60, 1075 MHz, 121.08 W, 45 %, 10869 MiB
2026/10/03 00:49:49.775, 0, 54, 1265 MHz, 64.79 W, 91 %, 10837 MiB
2026/10/03 00:49:49.784, 1, 61, 1189 MHz, 95.08 W, 46 %, 10835 MiB
2026/10/03 00:49:49.787, 2, 59, 1252 MHz, 46.06 W, 42 %, 10869 MiB
2026/10/03 00:49:50.795, 0, 54, 1189 MHz, 78.16 W, 89 %, 10837 MiB
2026/10/03 00:49:50.806, 1, 61, 1189 MHz, 40.55 W, 46 %, 10835 MiB
2026/10/03 00:49:50.809, 2, 59, 1278 MHz, 55.89 W, 43 %, 10869 MiB
2026/10/03 00:49:51.817, 0, 53, 1278 MHz, 76.41 W, 66 %, 10837 MiB
2026/10/03 00:49:51.823, 1, 61, 1189 MHz, 43.85 W, 87 %, 10835 MiB
2026/10/03 00:49:51.826, 2, 59, 1189 MHz, 61.83 W, 37 %, 10869 MiB
2026/10/03 00:49:52.829, 0, 54, 1088 MHz, 120.78 W, 98 %, 10837 MiB
2026/10/03 00:49:52.832, 1, 61, 1189 MHz, 37.41 W, 46 %, 10835 MiB
2026/10/03 00:49:52.837, 2, 59, 1189 MHz, 41.84 W, 61 %, 10869 MiB
2026/10/03 00:49:53.840, 0, 54, 1278 MHz, 60.68 W, 94 %, 10837 MiB
2026/10/03 00:49:53.844, 1, 61, 1189 MHz, 100.24 W, 45 %, 10835 MiB
2026/10/03 00:49:53.851, 2, 59, 1189 MHz, 71.14 W, 42 %, 10869 MiB
2026/10/03 00:49:54.859, 0, 54, 1202 MHz, 154.65 W, 93 %, 10837 MiB
2026/10/03 00:49:54.859, 1, 61, 1189 MHz, 57.25 W, 49 %, 10835 MiB
2026/10/03 00:49:54.863, 2, 59, 1139 MHz, 81.86 W, 42 %, 10869 MiB
2026/10/03 00:49:55.871, 0, 54, 1240 MHz, 155.76 W, 56 %, 10837 MiB
2026/10/03 00:49:55.875, 1, 61, 1189 MHz, 75.12 W, 40 %, 10835 MiB
2026/10/03 00:49:55.878, 2, 60, 1290 MHz, 131.79 W, 63 %, 10869 MiB
2026/10/03 00:49:56.886, 0, 54, 1101 MHz, 54.82 W, 97 %, 10837 MiB
2026/10/03 00:49:56.890, 1, 61, 1189 MHz, 86.79 W, 53 %, 10835 MiB
2026/10/03 00:49:56.895, 2, 59, 1189 MHz, 45.27 W, 62 %, 10869 MiB
2026/10/03 00:49:57.903, 0, 54, 1215 MHz, 140.52 W, 93 %, 10837 MiB
2026/10/03 00:49:57.906, 1, 61, 1126 MHz, 136.82 W, 40 %, 10835 MiB
2026/10/03 00:49:57.910, 2, 59, 1164 MHz, 133.01 W, 43 %, 10869 MiB
2026/10/03 00:49:58.913, 0, 54, 1177 MHz, 80.94 W, 90 %, 10837 MiB
2026/10/03 00:49:58.916, 1, 61, 1189 MHz, 45.03 W, 42 %, 10835 MiB
2026/10/03 00:49:58.919, 2, 60, 1189 MHz, 54.27 W, 47 %, 10869 MiB
2026/10/03 00:49:59.932, 0, 53, 1240 MHz, 143.41 W, 50 %, 10837 MiB
2026/10/03 00:49:59.935, 1, 61, 1126 MHz, 71.14 W, 49 %, 10835 MiB
2026/10/03 00:49:59.938, 2, 59, 1189 MHz, 102.51 W, 81 %, 10869 MiB
2026/10/03 00:50:00.951, 0, 54, 1189 MHz, 111.65 W, 95 %, 10837 MiB
2026/10/03 00:50:00.955, 1, 61, 1151 MHz, 114.52 W, 93 %, 10835 MiB
2026/10/03 00:50:00.959, 2, 59, 1189 MHz, 133.20 W, 52 %, 10869 MiB
2026/10/03 00:50:01.971, 0, 54, 1139 MHz, 139.35 W, 94 %, 10837 MiB
2026/10/03 00:50:01.975, 1, 61, 1101 MHz, 138.22 W, 49 %, 10835 MiB
2026/10/03 00:50:01.982, 2, 60, 1139 MHz, 135.34 W, 43 %, 10869 MiB
2026/10/03 00:50:02.985, 0, 54, 1189 MHz, 77.44 W, 92 %, 10837 MiB
2026/10/03 00:50:02.993, 1, 61, 1240 MHz, 48.58 W, 45 %, 10835 MiB
2026/10/03 00:50:02.996, 2, 59, 1189 MHz, 58.80 W, 49 %, 10869 MiB
2026/10/03 00:50:03.999, 0, 54, 1189 MHz, 54.38 W, 99 %, 10837 MiB
2026/10/03 00:50:04.003, 1, 61, 1202 MHz, 81.96 W, 42 %, 10835 MiB
2026/10/03 00:50:04.006, 2, 59, 1189 MHz, 48.63 W, 47 %, 10869 MiB
2026/10/03 00:50:05.016, 0, 54, 1189 MHz, 54.66 W, 92 %, 10837 MiB
2026/10/03 00:50:05.020, 1, 61, 1189 MHz, 42.92 W, 40 %, 10835 MiB
2026/10/03 00:50:05.023, 2, 59, 1189 MHz, 51.51 W, 78 %, 10869 MiB
2026/10/03 00:50:06.026, 0, 54, 1126 MHz, 137.12 W, 94 %, 10837 MiB
2026/10/03 00:50:06.029, 1, 61, 1088 MHz, 121.89 W, 46 %, 10835 MiB
2026/10/03 00:50:06.032, 2, 60, 1139 MHz, 129.48 W, 51 %, 10869 MiB
2026/10/03 00:50:07.040, 0, 54, 1265 MHz, 114.39 W, 89 %, 10837 MiB
2026/10/03 00:50:07.043, 1, 61, 1189 MHz, 57.26 W, 43 %, 10835 MiB
2026/10/03 00:50:07.046, 2, 59, 1227 MHz, 86.21 W, 48 %, 10869 MiB
2026/10/03 00:50:08.049, 0, 54, 1189 MHz, 138.77 W, 95 %, 10837 MiB
2026/10/03 00:50:08.062, 1, 61, 1189 MHz, 48.34 W, 30 %, 10835 MiB
2026/10/03 00:50:08.065, 2, 59, 1139 MHz, 62.54 W, 31 %, 10869 MiB
2026/10/03 00:50:09.073, 0, 53, 1316 MHz, 106.34 W, 52 %, 10837 MiB
2026/10/03 00:50:09.076, 1, 61, 1215 MHz, 97.92 W, 63 %, 10835 MiB
2026/10/03 00:50:09.091, 2, 60, 1189 MHz, 134.21 W, 87 %, 10869 MiB
2026/10/03 00:50:10.094, 0, 54, 1215 MHz, 150.58 W, 92 %, 10837 MiB
2026/10/03 00:50:10.097, 1, 61, 1101 MHz, 130.60 W, 43 %, 10835 MiB
2026/10/03 00:50:10.100, 2, 59, 1189 MHz, 138.73 W, 48 %, 10869 MiB
2026/10/03 00:50:11.110, 0, 54, 1189 MHz, 81.88 W, 95 %, 10837 MiB
2026/10/03 00:50:11.113, 1, 61, 1202 MHz, 74.86 W, 43 %, 10835 MiB
2026/10/03 00:50:11.116, 2, 60, 1189 MHz, 101.19 W, 43 %, 10869 MiB
2026/10/03 00:50:12.119, 0, 54, 1177 MHz, 76.46 W, 79 %, 10837 MiB
2026/10/03 00:50:12.123, 1, 61, 1189 MHz, 45.97 W, 85 %, 10835 MiB
2026/10/03 00:50:12.126, 2, 60, 1189 MHz, 54.00 W, 30 %, 10869 MiB
2026/10/03 00:50:13.139, 0, 54, 1189 MHz, 60.52 W, 97 %, 10837 MiB
2026/10/03 00:50:13.142, 1, 60, 1189 MHz, 133.85 W, 61 %, 10835 MiB
2026/10/03 00:50:13.146, 2, 59, 1189 MHz, 106.21 W, 63 %, 10869 MiB
2026/10/03 00:50:14.153, 0, 54, 1151 MHz, 133.18 W, 93 %, 10837 MiB
2026/10/03 00:50:14.164, 1, 61, 1101 MHz, 73.57 W, 64 %, 10835 MiB
2026/10/03 00:50:14.175, 2, 60, 1088 MHz, 120.61 W, 45 %, 10869 MiB
2026/10/03 00:50:15.178, 0, 54, 1215 MHz, 45.18 W, 92 %, 10837 MiB
2026/10/03 00:50:15.181, 1, 61, 1215 MHz, 110.09 W, 44 %, 10835 MiB
2026/10/03 00:50:15.184, 2, 60, 1215 MHz, 86.30 W, 46 %, 10869 MiB
2026/10/03 00:50:16.187, 0, 53, 1189 MHz, 126.93 W, 61 %, 10837 MiB
2026/10/03 00:50:16.190, 1, 61, 1252 MHz, 77.68 W, 58 %, 10835 MiB
2026/10/03 00:50:16.197, 2, 59, 1252 MHz, 126.10 W, 46 %, 10869 MiB
2026/10/03 00:50:17.205, 0, 54, 1088 MHz, 118.74 W, 97 %, 10837 MiB
2026/10/03 00:50:17.208, 1, 61, 1290 MHz, 41.20 W, 49 %, 10835 MiB
2026/10/03 00:50:17.213, 2, 59, 1189 MHz, 40.96 W, 43 %, 10869 MiB
2026/10/03 00:50:18.216, 0, 54, 1189 MHz, 52.01 W, 91 %, 10837 MiB
2026/10/03 00:50:18.220, 1, 61, 1189 MHz, 95.13 W, 48 %, 10835 MiB
2026/10/03 00:50:18.223, 2, 59, 1189 MHz, 48.16 W, 47 %, 10869 MiB
2026/10/03 00:50:19.228, 0, 54, 1189 MHz, 49.64 W, 94 %, 10837 MiB
2026/10/03 00:50:19.231, 1, 61, 1252 MHz, 117.02 W, 42 %, 10835 MiB
2026/10/03 00:50:19.238, 2, 59, 1189 MHz, 65.80 W, 25 %, 10869 MiB
2026/10/03 00:50:20.246, 0, 54, 1227 MHz, 86.55 W, 66 %, 10837 MiB
2026/10/03 00:50:20.251, 1, 61, 1189 MHz, 64.11 W, 34 %, 10835 MiB
2026/10/03 00:50:20.254, 2, 60, 1278 MHz, 89.04 W, 62 %, 10869 MiB
2026/10/03 00:50:21.267, 0, 54, 1101 MHz, 47.08 W, 92 %, 10837 MiB
2026/10/03 00:50:21.277, 1, 61, 1088 MHz, 116.23 W, 56 %, 10835 MiB
2026/10/03 00:50:21.284, 2, 59, 1189 MHz, 43.94 W, 64 %, 10869 MiB
2026/10/03 00:50:22.290, 0, 53, 1189 MHz, 98.02 W, 89 %, 10837 MiB
2026/10/03 00:50:22.293, 1, 61, 1189 MHz, 135.03 W, 48 %, 10835 MiB
2026/10/03 00:50:22.296, 2, 60, 1290 MHz, 134.81 W, 42 %, 10869 MiB
2026/10/03 00:50:23.317, 0, 54, 1303 MHz, 56.39 W, 94 %, 10837 MiB
2026/10/03 00:50:23.321, 1, 61, 1189 MHz, 130.96 W, 58 %, 10835 MiB
2026/10/03 00:50:23.326, 2, 59, 1227 MHz, 104.58 W, 44 %, 10869 MiB
2026/10/03 00:50:24.329, 0, 54, 1265 MHz, 58.24 W, 49 %, 10837 MiB
2026/10/03 00:50:24.332, 1, 61, 1278 MHz, 68.82 W, 50 %, 10835 MiB
2026/10/03 00:50:24.335, 2, 60, 1189 MHz, 49.34 W, 86 %, 10869 MiB
2026/10/03 00:50:25.343, 0, 54, 1177 MHz, 143.34 W, 98 %, 10837 MiB
2026/10/03 00:50:25.351, 1, 61, 1088 MHz, 118.17 W, 42 %, 10835 MiB
2026/10/03 00:50:25.354, 2, 60, 1088 MHz, 122.12 W, 47 %, 10869 MiB
2026/10/03 00:50:26.366, 0, 54, 1215 MHz, 91.66 W, 94 %, 10837 MiB
2026/10/03 00:50:26.369, 1, 61, 1202 MHz, 74.42 W, 49 %, 10835 MiB
2026/10/03 00:50:26.372, 2, 60, 1202 MHz, 84.50 W, 44 %, 10869 MiB
2026/10/03 00:50:27.380, 0, 54, 1278 MHz, 86.55 W, 62 %, 10837 MiB
2026/10/03 00:50:27.394, 1, 61, 1189 MHz, 45.26 W, 50 %, 10835 MiB
2026/10/03 00:50:27.397, 2, 59, 1139 MHz, 61.12 W, 34 %, 10869 MiB
2026/10/03 00:50:28.405, 0, 54, 1088 MHz, 79.01 W, 97 %, 10837 MiB
2026/10/03 00:50:28.414, 1, 61, 1303 MHz, 42.87 W, 45 %, 10835 MiB
2026/10/03 00:50:28.417, 2, 59, 1189 MHz, 40.87 W, 58 %, 10869 MiB
2026/10/03 00:50:29.424, 0, 54, 1189 MHz, 111.69 W, 97 %, 10837 MiB
2026/10/03 00:50:29.432, 1, 61, 1202 MHz, 141.33 W, 50 %, 10835 MiB
2026/10/03 00:50:29.436, 2, 59, 1189 MHz, 124.01 W, 48 %, 10869 MiB
2026/10/03 00:50:30.439, 0, 54, 1189 MHz, 62.43 W, 94 %, 10837 MiB
2026/10/03 00:50:30.442, 1, 61, 1290 MHz, 154.75 W, 43 %, 10835 MiB
2026/10/03 00:50:30.453, 2, 59, 1189 MHz, 125.06 W, 32 %, 10869 MiB
2026/10/03 00:50:31.458, 0, 54, 1189 MHz, 94.60 W, 59 %, 10837 MiB
2026/10/03 00:50:31.461, 1, 61, 1189 MHz, 60.41 W, 33 %, 10835 MiB
2026/10/03 00:50:31.464, 2, 59, 1189 MHz, 98.26 W, 81 %, 10869 MiB
2026/10/03 00:50:32.473, 0, 54, 1189 MHz, 44.27 W, 94 %, 10837 MiB
2026/10/03 00:50:32.488, 1, 61, 1088 MHz, 115.51 W, 55 %, 10835 MiB
2026/10/03 00:50:32.499, 2, 59, 1189 MHz, 43.23 W, 67 %, 10869 MiB
2026/10/03 00:50:33.505, 0, 54, 1189 MHz, 96.68 W, 82 %, 10837 MiB
2026/10/03 00:50:33.508, 1, 61, 1189 MHz, 110.80 W, 48 %, 10835 MiB
2026/10/03 00:50:33.521, 2, 59, 1227 MHz, 130.59 W, 41 %, 10869 MiB
2026/10/03 00:50:34.529, 0, 54, 1189 MHz, 46.84 W, 90 %, 10837 MiB
2026/10/03 00:50:34.532, 1, 61, 1189 MHz, 108.85 W, 27 %, 10835 MiB
2026/10/03 00:50:34.537, 2, 59, 1189 MHz, 75.77 W, 43 %, 10869 MiB
2026/10/03 00:50:35.542, 0, 53, 1316 MHz, 39.77 W, 48 %, 10837 MiB
2026/10/03 00:50:35.546, 1, 61, 1189 MHz, 115.04 W, 68 %, 10835 MiB
2026/10/03 00:50:35.549, 2, 60, 1189 MHz, 45.08 W, 86 %, 10869 MiB
2026/10/03 00:50:36.552, 0, 54, 1189 MHz, 46.84 W, 95 %, 10837 MiB
2026/10/03 00:50:36.555, 1, 61, 1227 MHz, 135.16 W, 47 %, 10835 MiB
2026/10/03 00:50:36.561, 2, 59, 1189 MHz, 93.34 W, 43 %, 10869 MiB
2026/10/03 00:50:37.566, 0, 54, 1278 MHz, 46.36 W, 88 %, 10837 MiB
2026/10/03 00:50:37.570, 1, 61, 1202 MHz, 123.54 W, 32 %, 10835 MiB
2026/10/03 00:50:37.573, 2, 59, 1240 MHz, 58.15 W, 51 %, 10869 MiB
2026/10/03 00:50:38.576, 0, 54, 1240 MHz, 54.61 W, 59 %, 10837 MiB
2026/10/03 00:50:38.579, 1, 61, 1189 MHz, 95.85 W, 76 %, 10835 MiB
2026/10/03 00:50:38.584, 2, 60, 1252 MHz, 57.19 W, 49 %, 10869 MiB
2026/10/03 00:50:39.589, 0, 54, 1088 MHz, 137.36 W, 94 %, 10837 MiB
2026/10/03 00:50:39.595, 1, 61, 1088 MHz, 117.95 W, 44 %, 10835 MiB
2026/10/03 00:50:39.599, 2, 60, 1088 MHz, 121.51 W, 48 %, 10869 MiB
2026/10/03 00:50:40.611, 0, 54, 1189 MHz, 98.98 W, 91 %, 10837 MiB
2026/10/03 00:50:40.616, 1, 61, 1265 MHz, 62.53 W, 44 %, 10835 MiB
2026/10/03 00:50:40.619, 2, 59, 1189 MHz, 91.85 W, 44 %, 10869 MiB
2026/10/03 00:50:41.622, 0, 54, 1252 MHz, 44.00 W, 98 %, 10837 MiB
2026/10/03 00:50:41.626, 1, 61, 1189 MHz, 127.35 W, 33 %, 10835 MiB
2026/10/03 00:50:41.631, 2, 59, 1189 MHz, 91.92 W, 36 %, 10869 MiB
2026/10/03 00:50:42.636, 0, 54, 1189 MHz, 35.53 W, 94 %, 10837 MiB
2026/10/03 00:50:42.639, 1, 61, 1290 MHz, 39.99 W, 49 %, 10835 MiB
2026/10/03 00:50:42.642, 2, 60, 1088 MHz, 116.27 W, 53 %, 10869 MiB
2026/10/03 00:50:43.645, 0, 54, 1278 MHz, 45.65 W, 94 %, 10837 MiB
2026/10/03 00:50:43.649, 1, 61, 1303 MHz, 153.84 W, 45 %, 10835 MiB
2026/10/03 00:50:43.657, 2, 59, 1202 MHz, 111.90 W, 43 %, 10869 MiB
2026/10/03 00:50:44.662, 0, 54, 1202 MHz, 51.57 W, 59 %, 10837 MiB
2026/10/03 00:50:44.665, 1, 61, 1202 MHz, 78.66 W, 53 %, 10835 MiB
2026/10/03 00:50:44.668, 2, 60, 1189 MHz, 49.82 W, 35 %, 10869 MiB
2026/10/03 00:50:45.672, 0, 54, 1101 MHz, 121.78 W, 97 %, 10837 MiB
2026/10/03 00:50:45.680, 1, 61, 1290 MHz, 40.70 W, 52 %, 10835 MiB
2026/10/03 00:50:45.683, 2, 59, 1189 MHz, 40.69 W, 44 %, 10869 MiB
2026/10/03 00:50:46.686, 0, 54, 1139 MHz, 87.25 W, 90 %, 10837 MiB
2026/10/03 00:50:46.690, 1, 61, 1189 MHz, 49.05 W, 43 %, 10835 MiB
2026/10/03 00:50:46.693, 2, 60, 1113 MHz, 64.89 W, 43 %, 10869 MiB
2026/10/03 00:50:47.702, 0, 54, 1202 MHz, 71.82 W, 98 %, 10837 MiB
2026/10/03 00:50:47.705, 1, 61, 1215 MHz, 77.22 W, 44 %, 10835 MiB
2026/10/03 00:50:47.709, 2, 59, 1189 MHz, 90.60 W, 33 %, 10869 MiB
2026/10/03 00:50:48.712, 0, 53, 1189 MHz, 36.72 W, 98 %, 10837 MiB
2026/10/03 00:50:48.715, 1, 61, 1290 MHz, 143.97 W, 52 %, 10835 MiB
2026/10/03 00:50:48.727, 2, 59, 1265 MHz, 112.78 W, 81 %, 10869 MiB
2026/10/03 00:50:49.732, 0, 54, 1189 MHz, 73.18 W, 93 %, 10837 MiB
2026/10/03 00:50:49.735, 1, 61, 1189 MHz, 133.35 W, 42 %, 10835 MiB
2026/10/03 00:50:49.745, 2, 59, 1240 MHz, 130.84 W, 45 %, 10869 MiB
2026/10/03 00:50:50.751, 0, 54, 1189 MHz, 42.82 W, 59 %, 10837 MiB
2026/10/03 00:50:50.754, 1, 61, 1252 MHz, 137.93 W, 49 %, 10835 MiB
2026/10/03 00:50:50.757, 2, 59, 1278 MHz, 101.31 W, 43 %, 10869 MiB
2026/10/03 00:50:51.764, 0, 54, 1215 MHz, 46.16 W, 56 %, 10837 MiB
2026/10/03 00:50:51.772, 1, 61, 1189 MHz, 105.51 W, 88 %, 10835 MiB
2026/10/03 00:50:51.775, 2, 59, 1278 MHz, 67.93 W, 43 %, 10869 MiB
2026/10/03 00:50:52.778, 0, 53, 1328 MHz, 42.41 W, 100 %, 283 MiB
2026/10/03 00:50:52.781, 1, 60, 1316 MHz, 44.05 W, 79 %, 283 MiB
2026/10/03 00:50:52.784, 2, 59, 1328 MHz, 48.44 W, 84 %, 283 MiB
2026/10/03 00:50:53.787, 0, 52, 1328 MHz, 39.85 W, 0 %, 283 MiB
2026/10/03 00:50:53.790, 1, 59, 1328 MHz, 41.72 W, 0 %, 283 MiB
2026/10/03 00:50:53.793, 2, 58, 1328 MHz, 45.67 W, 0 %, 283 MiB
