timestamp, index, temperature.gpu, clocks.current.sm [MHz], power.draw [W], utilization.gpu [%], memory.used [MiB]
2026/10/02 23:57:15.894, 0, 41, 430 MHz, 27.07 W, 0 %, 0 MiB
2026/10/02 23:57:15.897, 1, 49, 430 MHz, 27.31 W, 0 %, 0 MiB
2026/10/02 23:57:15.900, 2, 48, 1328 MHz, 40.25 W, 0 %, 0 MiB
2026/10/02 23:57:16.904, 0, 41, 430 MHz, 25.90 W, 0 %, 0 MiB
2026/10/02 23:57:16.907, 1, 49, 430 MHz, 27.08 W, 0 %, 0 MiB
2026/10/02 23:57:16.910, 2, 47, 430 MHz, 29.42 W, 0 %, 0 MiB
2026/10/02 23:57:17.913, 0, 41, 430 MHz, 25.90 W, 0 %, 0 MiB
2026/10/02 23:57:17.917, 1, 49, 430 MHz, 26.84 W, 0 %, 0 MiB
2026/10/02 23:57:17.920, 2, 47, 430 MHz, 29.16 W, 0 %, 0 MiB
2026/10/02 23:57:18.923, 0, 41, 1189 MHz, 31.81 W, 2 %, 259 MiB
2026/10/02 23:57:18.926, 1, 49, 1189 MHz, 32.28 W, 0 %, 259 MiB
2026/10/02 23:57:18.929, 2, 47, 405 MHz, 29.18 W, 0 %, 9 MiB
2026/10/02 23:57:19.933, 0, 41, 1189 MHz, 31.81 W, 0 %, 259 MiB
2026/10/02 23:57:19.936, 1, 49, 1189 MHz, 33.23 W, 0 %, 259 MiB
2026/10/02 23:57:19.939, 2, 47, 1189 MHz, 34.85 W, 0 %, 259 MiB
2026/10/02 23:57:20.942, 0, 41, 1189 MHz, 31.81 W, 0 %, 259 MiB
2026/10/02 23:57:20.945, 1, 49, 1189 MHz, 33.23 W, 0 %, 259 MiB
2026/10/02 23:57:20.948, 2, 47, 1189 MHz, 34.85 W, 0 %, 259 MiB
2026/10/02 23:57:21.951, 0, 41, 1189 MHz, 31.81 W, 0 %, 259 MiB
2026/10/02 23:57:21.954, 1, 49, 1189 MHz, 33.23 W, 0 %, 259 MiB
2026/10/02 23:57:21.957, 2, 47, 1189 MHz, 34.85 W, 0 %, 259 MiB
2026/10/02 23:57:22.960, 0, 41, 1189 MHz, 31.81 W, 0 %, 259 MiB
2026/10/02 23:57:22.963, 1, 49, 1189 MHz, 33.23 W, 0 %, 259 MiB
2026/10/02 23:57:22.967, 2, 47, 1189 MHz, 34.85 W, 0 %, 259 MiB
2026/10/02 23:57:23.970, 0, 41, 1189 MHz, 31.81 W, 0 %, 259 MiB
2026/10/02 23:57:23.973, 1, 49, 1189 MHz, 33.23 W, 0 %, 259 MiB
2026/10/02 23:57:23.976, 2, 47, 1189 MHz, 34.85 W, 0 %, 259 MiB
2026/10/02 23:57:24.979, 0, 41, 1189 MHz, 31.81 W, 0 %, 259 MiB
2026/10/02 23:57:24.982, 1, 49, 1189 MHz, 33.23 W, 0 %, 259 MiB
2026/10/02 23:57:24.985, 2, 47, 1189 MHz, 34.85 W, 0 %, 259 MiB
2026/10/02 23:57:25.989, 0, 41, 1189 MHz, 31.81 W, 0 %, 259 MiB
2026/10/02 23:57:25.992, 1, 48, 1189 MHz, 33.47 W, 0 %, 259 MiB
2026/10/02 23:57:25.995, 2, 47, 1189 MHz, 34.83 W, 0 %, 259 MiB
2026/10/02 23:57:26.998, 0, 41, 1189 MHz, 31.81 W, 0 %, 259 MiB
2026/10/02 23:57:27.001, 1, 48, 1189 MHz, 33.23 W, 0 %, 259 MiB
2026/10/02 23:57:27.004, 2, 47, 1189 MHz, 34.85 W, 0 %, 259 MiB
2026/10/02 23:57:28.007, 0, 41, 1189 MHz, 31.81 W, 0 %, 259 MiB
2026/10/02 23:57:28.011, 1, 48, 1189 MHz, 33.47 W, 0 %, 259 MiB
2026/10/02 23:57:28.014, 2, 47, 1189 MHz, 34.85 W, 0 %, 259 MiB
2026/10/02 23:57:29.018, 0, 41, 1189 MHz, 31.81 W, 0 %, 259 MiB
2026/10/02 23:57:29.021, 1, 48, 1189 MHz, 33.23 W, 0 %, 259 MiB
2026/10/02 23:57:29.024, 2, 47, 1189 MHz, 34.83 W, 0 %, 259 MiB
2026/10/02 23:57:30.027, 0, 41, 1189 MHz, 31.81 W, 0 %, 259 MiB
2026/10/02 23:57:30.030, 1, 48, 1189 MHz, 33.47 W, 0 %, 259 MiB
2026/10/02 23:57:30.034, 2, 47, 1189 MHz, 34.61 W, 0 %, 259 MiB
2026/10/02 23:57:31.037, 0, 40, 1189 MHz, 31.81 W, 0 %, 259 MiB
2026/10/02 23:57:31.040, 1, 48, 1189 MHz, 33.23 W, 0 %, 259 MiB
2026/10/02 23:57:31.043, 2, 47, 1189 MHz, 34.85 W, 0 %, 259 MiB
2026/10/02 23:57:32.048, 0, 40, 1189 MHz, 31.81 W, 0 %, 259 MiB
2026/10/02 23:57:32.051, 1, 48, 1189 MHz, 33.47 W, 0 %, 259 MiB
2026/10/02 23:57:32.054, 2, 47, 1189 MHz, 34.85 W, 0 %, 259 MiB
2026/10/02 23:57:33.057, 0, 40, 1189 MHz, 31.81 W, 0 %, 259 MiB
2026/10/02 23:57:33.060, 1, 48, 1189 MHz, 33.47 W, 0 %, 259 MiB
2026/10/02 23:57:33.063, 2, 47, 1189 MHz, 34.85 W, 0 %, 259 MiB
2026/10/02 23:57:34.069, 0, 40, 1189 MHz, 31.81 W, 0 %, 259 MiB
2026/10/02 23:57:34.072, 1, 48, 1189 MHz, 33.47 W, 0 %, 259 MiB
2026/10/02 23:57:34.075, 2, 47, 1189 MHz, 34.61 W, 0 %, 259 MiB
2026/10/02 23:57:35.078, 0, 40, 1189 MHz, 31.81 W, 0 %, 259 MiB
2026/10/02 23:57:35.084, 1, 48, 1189 MHz, 33.47 W, 0 %, 259 MiB
2026/10/02 23:57:35.087, 2, 47, 1189 MHz, 34.61 W, 0 %, 259 MiB
2026/10/02 23:57:36.090, 0, 40, 1189 MHz, 31.81 W, 0 %, 259 MiB
2026/10/02 23:57:36.094, 1, 48, 1189 MHz, 33.23 W, 0 %, 259 MiB
2026/10/02 23:57:36.097, 2, 47, 1189 MHz, 34.61 W, 0 %, 259 MiB
2026/10/02 23:57:37.100, 0, 40, 1189 MHz, 31.81 W, 0 %, 259 MiB
2026/10/02 23:57:37.103, 1, 48, 1189 MHz, 33.23 W, 0 %, 259 MiB
2026/10/02 23:57:37.106, 2, 47, 1189 MHz, 34.61 W, 0 %, 259 MiB
2026/10/02 23:57:38.109, 0, 40, 1189 MHz, 31.81 W, 0 %, 259 MiB
2026/10/02 23:57:38.112, 1, 48, 1189 MHz, 33.23 W, 0 %, 259 MiB
2026/10/02 23:57:38.115, 2, 47, 1189 MHz, 34.61 W, 0 %, 259 MiB
2026/10/02 23:57:39.118, 0, 40, 1189 MHz, 31.81 W, 0 %, 259 MiB
2026/10/02 23:57:39.122, 1, 48, 1189 MHz, 32.99 W, 0 %, 259 MiB
2026/10/02 23:57:39.125, 2, 47, 1189 MHz, 34.85 W, 0 %, 259 MiB
2026/10/02 23:57:40.128, 0, 40, 1189 MHz, 31.81 W, 0 %, 259 MiB
2026/10/02 23:57:40.131, 1, 48, 1189 MHz, 33.23 W, 0 %, 259 MiB
2026/10/02 23:57:40.134, 2, 46, 1189 MHz, 34.61 W, 0 %, 259 MiB
2026/10/02 23:57:41.137, 0, 40, 1189 MHz, 31.81 W, 0 %, 259 MiB
2026/10/02 23:57:41.140, 1, 48, 1189 MHz, 33.23 W, 0 %, 259 MiB
2026/10/02 23:57:41.143, 2, 46, 1189 MHz, 34.61 W, 0 %, 259 MiB
2026/10/02 23:57:42.147, 0, 40, 1189 MHz, 31.81 W, 0 %, 259 MiB
2026/10/02 23:57:42.151, 1, 48, 1189 MHz, 33.23 W, 0 %, 259 MiB
2026/10/02 23:57:42.154, 2, 46, 1189 MHz, 34.61 W, 0 %, 259 MiB
2026/10/02 23:57:43.157, 0, 40, 1189 MHz, 31.81 W, 0 %, 259 MiB
2026/10/02 23:57:43.160, 1, 48, 1189 MHz, 33.23 W, 0 %, 259 MiB
2026/10/02 23:57:43.167, 2, 46, 1189 MHz, 34.61 W, 0 %, 259 MiB
2026/10/02 23:57:44.170, 0, 40, 1189 MHz, 31.81 W, 0 %, 259 MiB
2026/10/02 23:57:44.176, 1, 48, 1189 MHz, 33.23 W, 0 %, 259 MiB
2026/10/02 23:57:44.179, 2, 46, 1189 MHz, 34.61 W, 0 %, 259 MiB
2026/10/02 23:57:45.182, 0, 40, 1189 MHz, 31.81 W, 0 %, 259 MiB
2026/10/02 23:57:45.185, 1, 48, 1189 MHz, 33.47 W, 0 %, 259 MiB
2026/10/02 23:57:45.188, 2, 46, 1189 MHz, 34.61 W, 0 %, 259 MiB
2026/10/02 23:57:46.191, 0, 40, 1189 MHz, 31.81 W, 0 %, 259 MiB
2026/10/02 23:57:46.195, 1, 48, 1189 MHz, 33.23 W, 0 %, 259 MiB
2026/10/02 23:57:46.198, 2, 46, 1189 MHz, 34.61 W, 0 %, 259 MiB
2026/10/02 23:57:47.201, 0, 40, 1189 MHz, 31.81 W, 0 %, 259 MiB
2026/10/02 23:57:47.204, 1, 48, 1189 MHz, 33.23 W, 0 %, 259 MiB
2026/10/02 23:57:47.207, 2, 46, 1189 MHz, 34.61 W, 0 %, 259 MiB
2026/10/02 23:57:48.210, 0, 40, 1189 MHz, 31.81 W, 0 %, 259 MiB
2026/10/02 23:57:48.213, 1, 48, 1189 MHz, 33.23 W, 0 %, 259 MiB
2026/10/02 23:57:48.216, 2, 46, 1189 MHz, 34.61 W, 0 %, 259 MiB
2026/10/02 23:57:49.220, 0, 40, 1189 MHz, 31.81 W, 0 %, 259 MiB
2026/10/02 23:57:49.223, 1, 48, 1189 MHz, 33.23 W, 0 %, 259 MiB
2026/10/02 23:57:49.226, 2, 46, 1189 MHz, 34.61 W, 0 %, 259 MiB
2026/10/02 23:57:50.229, 0, 40, 1189 MHz, 31.81 W, 0 %, 259 MiB
2026/10/02 23:57:50.233, 1, 48, 1189 MHz, 32.99 W, 0 %, 259 MiB
2026/10/02 23:57:50.238, 2, 46, 1189 MHz, 34.61 W, 0 %, 259 MiB
2026/10/02 23:57:51.241, 0, 40, 1189 MHz, 31.81 W, 0 %, 259 MiB
2026/10/02 23:57:51.244, 1, 47, 1189 MHz, 33.23 W, 0 %, 259 MiB
2026/10/02 23:57:51.247, 2, 46, 1189 MHz, 34.61 W, 0 %, 259 MiB
2026/10/02 23:57:52.250, 0, 40, 1189 MHz, 31.81 W, 0 %, 259 MiB
2026/10/02 23:57:52.253, 1, 48, 1189 MHz, 32.99 W, 0 %, 259 MiB
2026/10/02 23:57:52.256, 2, 46, 1189 MHz, 34.61 W, 0 %, 259 MiB
2026/10/02 23:57:53.259, 0, 40, 1189 MHz, 31.81 W, 0 %, 259 MiB
2026/10/02 23:57:53.262, 1, 48, 1189 MHz, 33.01 W, 0 %, 259 MiB
2026/10/02 23:57:53.267, 2, 46, 1189 MHz, 34.61 W, 0 %, 259 MiB
2026/10/02 23:57:54.271, 0, 40, 1189 MHz, 31.57 W, 0 %, 259 MiB
2026/10/02 23:57:54.274, 1, 47, 1189 MHz, 33.23 W, 0 %, 259 MiB
2026/10/02 23:57:54.277, 2, 46, 1189 MHz, 34.61 W, 0 %, 259 MiB
2026/10/02 23:57:55.280, 0, 40, 1189 MHz, 31.57 W, 0 %, 259 MiB
2026/10/02 23:57:55.283, 1, 47, 1189 MHz, 32.99 W, 0 %, 259 MiB
2026/10/02 23:57:55.287, 2, 46, 1189 MHz, 34.59 W, 0 %, 259 MiB
2026/10/02 23:57:56.290, 0, 40, 1189 MHz, 31.57 W, 0 %, 259 MiB
2026/10/02 23:57:56.293, 1, 47, 1189 MHz, 32.99 W, 0 %, 259 MiB
2026/10/02 23:57:56.296, 2, 46, 1189 MHz, 34.38 W, 0 %, 259 MiB
2026/10/02 23:57:57.300, 0, 40, 1189 MHz, 31.57 W, 0 %, 259 MiB
2026/10/02 23:57:57.303, 1, 47, 1189 MHz, 32.99 W, 0 %, 259 MiB
2026/10/02 23:57:57.306, 2, 46, 1189 MHz, 34.38 W, 0 %, 259 MiB
2026/10/02 23:57:58.309, 0, 40, 1189 MHz, 31.81 W, 0 %, 259 MiB
2026/10/02 23:57:58.312, 1, 47, 1189 MHz, 32.99 W, 0 %, 259 MiB
2026/10/02 23:57:58.315, 2, 46, 1189 MHz, 34.61 W, 0 %, 259 MiB
2026/10/02 23:57:59.318, 0, 39, 1189 MHz, 31.57 W, 0 %, 259 MiB
2026/10/02 23:57:59.321, 1, 47, 1189 MHz, 32.99 W, 0 %, 259 MiB
2026/10/02 23:57:59.324, 2, 46, 1189 MHz, 34.61 W, 0 %, 259 MiB
2026/10/02 23:58:00.328, 0, 40, 1189 MHz, 31.57 W, 0 %, 259 MiB
2026/10/02 23:58:00.331, 1, 47, 1189 MHz, 32.99 W, 0 %, 259 MiB
2026/10/02 23:58:00.334, 2, 46, 1189 MHz, 34.38 W, 0 %, 259 MiB
2026/10/02 23:58:01.337, 0, 39, 1189 MHz, 31.57 W, 0 %, 259 MiB
2026/10/02 23:58:01.340, 1, 47, 1189 MHz, 32.99 W, 0 %, 259 MiB
2026/10/02 23:58:01.343, 2, 46, 1189 MHz, 34.61 W, 0 %, 259 MiB
2026/10/02 23:58:02.347, 0, 40, 1189 MHz, 31.81 W, 0 %, 259 MiB
2026/10/02 23:58:02.350, 1, 47, 1189 MHz, 32.99 W, 0 %, 259 MiB
2026/10/02 23:58:02.353, 2, 46, 1189 MHz, 34.38 W, 0 %, 259 MiB
2026/10/02 23:58:03.356, 0, 39, 1189 MHz, 31.57 W, 0 %, 259 MiB
2026/10/02 23:58:03.359, 1, 47, 1189 MHz, 32.99 W, 0 %, 259 MiB
2026/10/02 23:58:03.362, 2, 46, 1189 MHz, 34.36 W, 0 %, 259 MiB
2026/10/02 23:58:04.365, 0, 39, 1189 MHz, 31.57 W, 0 %, 259 MiB
2026/10/02 23:58:04.369, 1, 47, 1189 MHz, 32.99 W, 0 %, 259 MiB
2026/10/02 23:58:04.373, 2, 46, 1189 MHz, 34.38 W, 0 %, 259 MiB
2026/10/02 23:58:05.376, 0, 39, 1189 MHz, 31.57 W, 0 %, 259 MiB
2026/10/02 23:58:05.379, 1, 47, 1189 MHz, 32.99 W, 0 %, 259 MiB
2026/10/02 23:58:05.382, 2, 46, 1189 MHz, 34.38 W, 0 %, 259 MiB
2026/10/02 23:58:06.385, 0, 39, 1189 MHz, 31.57 W, 0 %, 259 MiB
2026/10/02 23:58:06.388, 1, 47, 1189 MHz, 32.99 W, 0 %, 259 MiB
2026/10/02 23:58:06.391, 2, 46, 1189 MHz, 34.61 W, 0 %, 259 MiB
2026/10/02 23:58:07.394, 0, 39, 1189 MHz, 31.57 W, 0 %, 259 MiB
2026/10/02 23:58:07.397, 1, 47, 1189 MHz, 32.99 W, 0 %, 259 MiB
2026/10/02 23:58:07.400, 2, 46, 1189 MHz, 34.38 W, 0 %, 259 MiB
2026/10/02 23:58:08.404, 0, 39, 1189 MHz, 31.57 W, 0 %, 259 MiB
2026/10/02 23:58:08.407, 1, 47, 1189 MHz, 32.99 W, 0 %, 259 MiB
2026/10/02 23:58:08.410, 2, 46, 1189 MHz, 34.38 W, 0 %, 259 MiB
2026/10/02 23:58:09.413, 0, 39, 1189 MHz, 31.57 W, 0 %, 259 MiB
2026/10/02 23:58:09.416, 1, 47, 1189 MHz, 32.99 W, 0 %, 259 MiB
2026/10/02 23:58:09.419, 2, 46, 1189 MHz, 34.38 W, 0 %, 259 MiB
2026/10/02 23:58:10.423, 0, 39, 1189 MHz, 31.57 W, 0 %, 259 MiB
2026/10/02 23:58:10.426, 1, 47, 1189 MHz, 32.99 W, 0 %, 259 MiB
2026/10/02 23:58:10.429, 2, 46, 1189 MHz, 34.38 W, 0 %, 259 MiB
2026/10/02 23:58:11.432, 0, 39, 1189 MHz, 31.57 W, 0 %, 259 MiB
2026/10/02 23:58:11.435, 1, 47, 1189 MHz, 33.23 W, 0 %, 259 MiB
2026/10/02 23:58:11.438, 2, 46, 1189 MHz, 34.38 W, 0 %, 259 MiB
2026/10/02 23:58:12.442, 0, 39, 1189 MHz, 31.57 W, 0 %, 259 MiB
2026/10/02 23:58:12.445, 1, 47, 1189 MHz, 33.01 W, 0 %, 259 MiB
2026/10/02 23:58:12.448, 2, 46, 1189 MHz, 34.38 W, 0 %, 259 MiB
2026/10/02 23:58:13.451, 0, 39, 1189 MHz, 31.57 W, 0 %, 259 MiB
2026/10/02 23:58:13.454, 1, 47, 1189 MHz, 33.23 W, 0 %, 259 MiB
2026/10/02 23:58:13.459, 2, 46, 1189 MHz, 34.38 W, 0 %, 259 MiB
2026/10/02 23:58:14.465, 0, 39, 1189 MHz, 31.57 W, 0 %, 259 MiB
2026/10/02 23:58:14.468, 1, 47, 1189 MHz, 33.23 W, 0 %, 259 MiB
2026/10/02 23:58:14.471, 2, 46, 1189 MHz, 34.38 W, 0 %, 259 MiB
2026/10/02 23:58:15.474, 0, 39, 1189 MHz, 31.57 W, 0 %, 259 MiB
2026/10/02 23:58:15.478, 1, 47, 1189 MHz, 33.23 W, 0 %, 259 MiB
2026/10/02 23:58:15.481, 2, 46, 1189 MHz, 34.38 W, 0 %, 259 MiB
2026/10/02 23:58:16.485, 0, 39, 1189 MHz, 31.57 W, 0 %, 259 MiB
2026/10/02 23:58:16.491, 1, 47, 1189 MHz, 33.23 W, 0 %, 259 MiB
2026/10/02 23:58:16.494, 2, 46, 1189 MHz, 34.38 W, 0 %, 259 MiB
2026/10/02 23:58:17.497, 0, 39, 1189 MHz, 31.57 W, 0 %, 259 MiB
2026/10/02 23:58:17.501, 1, 47, 1189 MHz, 33.23 W, 0 %, 259 MiB
2026/10/02 23:58:17.505, 2, 46, 1189 MHz, 34.36 W, 0 %, 259 MiB
2026/10/02 23:58:18.508, 0, 39, 1189 MHz, 31.57 W, 0 %, 259 MiB
2026/10/02 23:58:18.511, 1, 47, 1189 MHz, 32.99 W, 0 %, 259 MiB
2026/10/02 23:58:18.514, 2, 46, 1189 MHz, 34.38 W, 0 %, 259 MiB
2026/10/02 23:58:19.517, 0, 39, 1189 MHz, 31.57 W, 0 %, 259 MiB
2026/10/02 23:58:19.521, 1, 47, 1189 MHz, 32.99 W, 0 %, 259 MiB
2026/10/02 23:58:19.524, 2, 46, 1189 MHz, 34.38 W, 0 %, 259 MiB
2026/10/02 23:58:20.527, 0, 39, 1189 MHz, 31.57 W, 0 %, 259 MiB
2026/10/02 23:58:20.530, 1, 47, 1189 MHz, 32.97 W, 0 %, 259 MiB
2026/10/02 23:58:20.534, 2, 45, 1189 MHz, 34.36 W, 0 %, 259 MiB
2026/10/02 23:58:21.537, 0, 39, 1189 MHz, 31.57 W, 0 %, 259 MiB
2026/10/02 23:58:21.540, 1, 47, 1189 MHz, 32.99 W, 0 %, 259 MiB
2026/10/02 23:58:21.543, 2, 45, 1189 MHz, 34.38 W, 0 %, 259 MiB
2026/10/02 23:58:22.546, 0, 39, 1189 MHz, 31.57 W, 0 %, 259 MiB
2026/10/02 23:58:22.549, 1, 47, 1189 MHz, 32.99 W, 0 %, 259 MiB
2026/10/02 23:58:22.552, 2, 45, 1189 MHz, 34.38 W, 0 %, 259 MiB
2026/10/02 23:58:23.555, 0, 39, 1189 MHz, 31.57 W, 0 %, 259 MiB
2026/10/02 23:58:23.558, 1, 47, 1189 MHz, 32.99 W, 0 %, 259 MiB
2026/10/02 23:58:23.561, 2, 45, 1189 MHz, 34.38 W, 0 %, 259 MiB
2026/10/02 23:58:24.564, 0, 39, 1189 MHz, 31.57 W, 0 %, 259 MiB
2026/10/02 23:58:24.569, 1, 47, 1189 MHz, 32.75 W, 0 %, 259 MiB
2026/10/02 23:58:24.572, 2, 45, 1189 MHz, 34.36 W, 0 %, 259 MiB
2026/10/02 23:58:25.575, 0, 39, 1189 MHz, 31.57 W, 0 %, 259 MiB
2026/10/02 23:58:25.578, 1, 47, 1189 MHz, 32.75 W, 0 %, 259 MiB
2026/10/02 23:58:25.581, 2, 45, 1189 MHz, 34.38 W, 0 %, 259 MiB
2026/10/02 23:58:26.587, 0, 39, 1189 MHz, 31.57 W, 0 %, 259 MiB
2026/10/02 23:58:26.590, 1, 47, 1189 MHz, 32.75 W, 0 %, 259 MiB
2026/10/02 23:58:26.595, 2, 45, 1189 MHz, 34.38 W, 0 %, 259 MiB
2026/10/02 23:58:27.598, 0, 39, 1189 MHz, 31.57 W, 0 %, 259 MiB
2026/10/02 23:58:27.602, 1, 47, 1189 MHz, 32.99 W, 0 %, 259 MiB
2026/10/02 23:58:27.606, 2, 45, 1189 MHz, 34.38 W, 0 %, 259 MiB
2026/10/02 23:58:28.609, 0, 39, 1189 MHz, 31.57 W, 0 %, 259 MiB
2026/10/02 23:58:28.612, 1, 47, 1189 MHz, 32.99 W, 0 %, 259 MiB
2026/10/02 23:58:28.615, 2, 45, 1189 MHz, 34.38 W, 0 %, 259 MiB
2026/10/02 23:58:29.618, 0, 39, 1189 MHz, 31.57 W, 0 %, 259 MiB
2026/10/02 23:58:29.622, 1, 47, 1189 MHz, 32.99 W, 0 %, 259 MiB
2026/10/02 23:58:29.625, 2, 45, 1189 MHz, 34.36 W, 0 %, 259 MiB
2026/10/02 23:58:30.628, 0, 39, 1189 MHz, 31.57 W, 0 %, 259 MiB
2026/10/02 23:58:30.631, 1, 47, 1189 MHz, 32.99 W, 0 %, 259 MiB
2026/10/02 23:58:30.634, 2, 45, 1189 MHz, 34.38 W, 0 %, 259 MiB
2026/10/02 23:58:31.638, 0, 39, 1189 MHz, 31.57 W, 0 %, 259 MiB
2026/10/02 23:58:31.641, 1, 47, 1189 MHz, 32.99 W, 0 %, 259 MiB
2026/10/02 23:58:31.644, 2, 45, 1189 MHz, 34.38 W, 0 %, 259 MiB
2026/10/02 23:58:32.648, 0, 39, 1189 MHz, 31.57 W, 0 %, 259 MiB
2026/10/02 23:58:32.651, 1, 47, 1189 MHz, 32.75 W, 0 %, 259 MiB
2026/10/02 23:58:32.654, 2, 45, 1189 MHz, 34.38 W, 0 %, 259 MiB
2026/10/02 23:58:33.657, 0, 39, 1189 MHz, 31.57 W, 0 %, 259 MiB
2026/10/02 23:58:33.661, 1, 47, 1189 MHz, 32.99 W, 0 %, 259 MiB
2026/10/02 23:58:33.664, 2, 45, 1189 MHz, 34.38 W, 0 %, 259 MiB
2026/10/02 23:58:34.667, 0, 39, 1189 MHz, 31.57 W, 0 %, 259 MiB
2026/10/02 23:58:34.670, 1, 47, 1189 MHz, 32.75 W, 0 %, 259 MiB
2026/10/02 23:58:34.673, 2, 45, 1189 MHz, 34.38 W, 0 %, 259 MiB
2026/10/02 23:58:35.676, 0, 39, 1189 MHz, 31.57 W, 0 %, 259 MiB
2026/10/02 23:58:35.679, 1, 47, 1189 MHz, 32.99 W, 0 %, 259 MiB
2026/10/02 23:58:35.682, 2, 45, 1189 MHz, 34.38 W, 0 %, 259 MiB
2026/10/02 23:58:36.686, 0, 39, 1189 MHz, 31.57 W, 0 %, 259 MiB
2026/10/02 23:58:36.689, 1, 47, 1189 MHz, 32.99 W, 0 %, 259 MiB
2026/10/02 23:58:36.692, 2, 45, 1189 MHz, 34.35 W, 0 %, 259 MiB
2026/10/02 23:58:37.696, 0, 39, 1189 MHz, 31.57 W, 0 %, 259 MiB
2026/10/02 23:58:37.699, 1, 47, 1189 MHz, 32.75 W, 0 %, 259 MiB
2026/10/02 23:58:37.702, 2, 45, 1189 MHz, 34.38 W, 0 %, 259 MiB
2026/10/02 23:58:38.705, 0, 39, 1189 MHz, 31.57 W, 0 %, 259 MiB
2026/10/02 23:58:38.708, 1, 47, 1189 MHz, 32.75 W, 0 %, 259 MiB
2026/10/02 23:58:38.711, 2, 45, 1189 MHz, 34.38 W, 0 %, 259 MiB
2026/10/02 23:58:39.714, 0, 39, 1189 MHz, 31.57 W, 0 %, 259 MiB
2026/10/02 23:58:39.717, 1, 47, 1189 MHz, 32.75 W, 0 %, 259 MiB
2026/10/02 23:58:39.720, 2, 45, 1189 MHz, 34.38 W, 0 %, 259 MiB
2026/10/02 23:58:40.723, 0, 39, 1189 MHz, 31.57 W, 0 %, 259 MiB
2026/10/02 23:58:40.726, 1, 47, 1189 MHz, 32.75 W, 0 %, 259 MiB
2026/10/02 23:58:40.729, 2, 45, 1189 MHz, 34.38 W, 0 %, 259 MiB
2026/10/02 23:58:41.732, 0, 39, 1189 MHz, 31.57 W, 0 %, 259 MiB
2026/10/02 23:58:41.735, 1, 47, 1189 MHz, 32.75 W, 0 %, 259 MiB
2026/10/02 23:58:41.739, 2, 45, 1189 MHz, 34.38 W, 0 %, 259 MiB
2026/10/02 23:58:42.742, 0, 39, 1189 MHz, 31.57 W, 0 %, 259 MiB
2026/10/02 23:58:42.745, 1, 47, 1189 MHz, 32.99 W, 0 %, 259 MiB
2026/10/02 23:58:42.748, 2, 45, 1189 MHz, 34.38 W, 0 %, 259 MiB
2026/10/02 23:58:43.752, 0, 39, 1189 MHz, 31.57 W, 0 %, 259 MiB
2026/10/02 23:58:43.755, 1, 47, 1189 MHz, 32.75 W, 0 %, 259 MiB
2026/10/02 23:58:43.758, 2, 45, 1189 MHz, 34.38 W, 0 %, 259 MiB
2026/10/02 23:58:44.761, 0, 39, 1189 MHz, 31.57 W, 0 %, 259 MiB
2026/10/02 23:58:44.764, 1, 47, 1189 MHz, 32.75 W, 0 %, 259 MiB
2026/10/02 23:58:44.767, 2, 45, 1189 MHz, 34.38 W, 0 %, 259 MiB
2026/10/02 23:58:45.770, 0, 39, 1189 MHz, 31.57 W, 0 %, 259 MiB
2026/10/02 23:58:45.773, 1, 47, 1189 MHz, 32.77 W, 0 %, 259 MiB
2026/10/02 23:58:45.776, 2, 45, 1189 MHz, 34.38 W, 0 %, 259 MiB
2026/10/02 23:58:46.779, 0, 39, 1189 MHz, 31.57 W, 0 %, 259 MiB
2026/10/02 23:58:46.783, 1, 46, 1189 MHz, 32.77 W, 0 %, 259 MiB
2026/10/02 23:58:46.786, 2, 45, 1189 MHz, 34.38 W, 0 %, 259 MiB
2026/10/02 23:58:47.789, 0, 39, 1189 MHz, 31.57 W, 0 %, 259 MiB
2026/10/02 23:58:47.794, 1, 47, 1189 MHz, 32.75 W, 0 %, 259 MiB
2026/10/02 23:58:47.797, 2, 45, 1189 MHz, 34.38 W, 0 %, 259 MiB
2026/10/02 23:58:48.801, 0, 39, 1189 MHz, 31.57 W, 0 %, 259 MiB
2026/10/02 23:58:48.804, 1, 47, 1189 MHz, 32.75 W, 0 %, 259 MiB
2026/10/02 23:58:48.807, 2, 45, 1189 MHz, 34.38 W, 0 %, 259 MiB
2026/10/02 23:58:49.810, 0, 39, 1189 MHz, 31.57 W, 0 %, 259 MiB
2026/10/02 23:58:49.813, 1, 47, 1189 MHz, 32.75 W, 0 %, 259 MiB
2026/10/02 23:58:49.816, 2, 45, 1189 MHz, 34.38 W, 0 %, 259 MiB
2026/10/02 23:58:50.819, 0, 39, 1189 MHz, 31.57 W, 0 %, 259 MiB
2026/10/02 23:58:50.823, 1, 46, 1189 MHz, 32.75 W, 0 %, 259 MiB
2026/10/02 23:58:50.826, 2, 45, 1189 MHz, 34.38 W, 0 %, 259 MiB
2026/10/02 23:58:51.829, 0, 39, 1189 MHz, 31.57 W, 0 %, 259 MiB
2026/10/02 23:58:51.832, 1, 46, 1189 MHz, 32.75 W, 0 %, 259 MiB
2026/10/02 23:58:51.835, 2, 45, 1189 MHz, 34.38 W, 0 %, 259 MiB
2026/10/02 23:58:52.838, 0, 39, 1189 MHz, 31.57 W, 0 %, 259 MiB
2026/10/02 23:58:52.841, 1, 46, 1189 MHz, 32.75 W, 0 %, 259 MiB
2026/10/02 23:58:52.845, 2, 45, 1189 MHz, 34.38 W, 0 %, 259 MiB
2026/10/02 23:58:53.848, 0, 39, 1189 MHz, 31.57 W, 0 %, 259 MiB
2026/10/02 23:58:53.851, 1, 46, 1189 MHz, 32.99 W, 0 %, 259 MiB
2026/10/02 23:58:53.854, 2, 45, 1189 MHz, 34.38 W, 0 %, 259 MiB
2026/10/02 23:58:54.858, 0, 39, 1189 MHz, 31.57 W, 0 %, 259 MiB
2026/10/02 23:58:54.861, 1, 46, 1189 MHz, 32.99 W, 0 %, 259 MiB
2026/10/02 23:58:54.864, 2, 45, 1189 MHz, 34.38 W, 0 %, 259 MiB
2026/10/02 23:58:55.867, 0, 39, 1189 MHz, 31.57 W, 0 %, 259 MiB
2026/10/02 23:58:55.870, 1, 47, 1189 MHz, 32.75 W, 0 %, 259 MiB
2026/10/02 23:58:55.873, 2, 45, 1189 MHz, 34.38 W, 0 %, 259 MiB
2026/10/02 23:58:56.876, 0, 39, 1189 MHz, 31.57 W, 0 %, 259 MiB
2026/10/02 23:58:56.879, 1, 47, 1189 MHz, 32.99 W, 0 %, 259 MiB
2026/10/02 23:58:56.885, 2, 45, 1189 MHz, 34.38 W, 0 %, 259 MiB
2026/10/02 23:58:57.888, 0, 39, 1189 MHz, 31.57 W, 0 %, 259 MiB
2026/10/02 23:58:57.891, 1, 46, 1189 MHz, 32.75 W, 0 %, 259 MiB
2026/10/02 23:58:57.894, 2, 45, 1189 MHz, 34.38 W, 0 %, 259 MiB
2026/10/02 23:58:58.897, 0, 39, 1189 MHz, 31.57 W, 0 %, 259 MiB
2026/10/02 23:58:58.900, 1, 46, 1189 MHz, 32.99 W, 0 %, 259 MiB
2026/10/02 23:58:58.903, 2, 45, 1189 MHz, 34.38 W, 0 %, 259 MiB
2026/10/02 23:58:59.907, 0, 39, 1189 MHz, 31.57 W, 0 %, 259 MiB
2026/10/02 23:58:59.910, 1, 46, 1189 MHz, 32.99 W, 0 %, 259 MiB
2026/10/02 23:58:59.914, 2, 45, 1189 MHz, 34.38 W, 0 %, 259 MiB
2026/10/02 23:59:00.917, 0, 39, 1189 MHz, 31.57 W, 0 %, 259 MiB
2026/10/02 23:59:00.920, 1, 46, 1189 MHz, 33.01 W, 0 %, 259 MiB
2026/10/02 23:59:00.923, 2, 45, 1189 MHz, 34.38 W, 0 %, 259 MiB
2026/10/02 23:59:01.926, 0, 38, 1189 MHz, 31.57 W, 0 %, 259 MiB
2026/10/02 23:59:01.929, 1, 46, 1189 MHz, 32.99 W, 0 %, 259 MiB
2026/10/02 23:59:01.933, 2, 45, 1189 MHz, 34.14 W, 0 %, 259 MiB
2026/10/02 23:59:02.936, 0, 39, 1189 MHz, 31.57 W, 0 %, 259 MiB
2026/10/02 23:59:02.939, 1, 47, 1189 MHz, 32.99 W, 0 %, 259 MiB
2026/10/02 23:59:02.940, 2, 45, 1189 MHz, 34.38 W, 0 %, 259 MiB
2026/10/02 23:59:03.943, 0, 39, 1189 MHz, 31.57 W, 0 %, 259 MiB
2026/10/02 23:59:03.946, 1, 47, 1189 MHz, 32.99 W, 0 %, 259 MiB
2026/10/02 23:59:03.952, 2, 45, 1189 MHz, 34.38 W, 0 %, 259 MiB
2026/10/02 23:59:04.955, 0, 39, 1189 MHz, 31.57 W, 0 %, 259 MiB
2026/10/02 23:59:04.958, 1, 46, 1189 MHz, 32.99 W, 0 %, 259 MiB
2026/10/02 23:59:04.961, 2, 45, 1189 MHz, 34.38 W, 0 %, 259 MiB
2026/10/02 23:59:05.964, 0, 39, 1189 MHz, 31.57 W, 0 %, 259 MiB
2026/10/02 23:59:05.968, 1, 46, 1189 MHz, 32.99 W, 0 %, 259 MiB
2026/10/02 23:59:05.971, 2, 45, 1189 MHz, 34.14 W, 0 %, 259 MiB
2026/10/02 23:59:06.974, 0, 38, 1189 MHz, 31.57 W, 0 %, 259 MiB
2026/10/02 23:59:06.977, 1, 46, 1189 MHz, 32.99 W, 0 %, 259 MiB
2026/10/02 23:59:06.980, 2, 45, 1189 MHz, 34.14 W, 0 %, 259 MiB
2026/10/02 23:59:07.983, 0, 39, 1189 MHz, 31.57 W, 0 %, 259 MiB
2026/10/02 23:59:07.986, 1, 46, 1189 MHz, 32.75 W, 0 %, 259 MiB
2026/10/02 23:59:07.990, 2, 45, 1189 MHz, 34.14 W, 0 %, 259 MiB
2026/10/02 23:59:08.993, 0, 38, 1189 MHz, 31.57 W, 0 %, 259 MiB
2026/10/02 23:59:08.996, 1, 46, 1189 MHz, 32.77 W, 0 %, 259 MiB
2026/10/02 23:59:08.999, 2, 45, 1189 MHz, 34.38 W, 0 %, 259 MiB
2026/10/02 23:59:10.002, 0, 38, 1189 MHz, 31.34 W, 0 %, 259 MiB
2026/10/02 23:59:10.005, 1, 46, 1189 MHz, 32.77 W, 0 %, 259 MiB
2026/10/02 23:59:10.008, 2, 45, 1189 MHz, 34.14 W, 0 %, 259 MiB
2026/10/02 23:59:11.012, 0, 38, 1189 MHz, 31.34 W, 0 %, 259 MiB
2026/10/02 23:59:11.015, 1, 46, 1189 MHz, 32.75 W, 0 %, 259 MiB
2026/10/02 23:59:11.018, 2, 45, 1189 MHz, 34.14 W, 0 %, 259 MiB
2026/10/02 23:59:12.021, 0, 38, 1189 MHz, 31.34 W, 0 %, 259 MiB
2026/10/02 23:59:12.024, 1, 46, 1189 MHz, 32.52 W, 0 %, 259 MiB
2026/10/02 23:59:12.027, 2, 45, 1189 MHz, 34.14 W, 0 %, 259 MiB
2026/10/02 23:59:13.030, 0, 38, 1189 MHz, 31.57 W, 0 %, 259 MiB
2026/10/02 23:59:13.033, 1, 46, 1189 MHz, 32.52 W, 0 %, 259 MiB
2026/10/02 23:59:13.036, 2, 45, 1189 MHz, 34.14 W, 0 %, 259 MiB
2026/10/02 23:59:14.040, 0, 38, 1189 MHz, 31.57 W, 0 %, 259 MiB
2026/10/02 23:59:14.044, 1, 46, 1189 MHz, 32.52 W, 0 %, 259 MiB
2026/10/02 23:59:14.047, 2, 45, 1189 MHz, 34.14 W, 0 %, 259 MiB
2026/10/02 23:59:15.050, 0, 38, 1189 MHz, 31.34 W, 0 %, 259 MiB
2026/10/02 23:59:15.053, 1, 46, 1189 MHz, 32.53 W, 0 %, 259 MiB
2026/10/02 23:59:15.056, 2, 45, 1189 MHz, 34.38 W, 0 %, 259 MiB
2026/10/02 23:59:16.059, 0, 38, 1189 MHz, 31.57 W, 0 %, 259 MiB
2026/10/02 23:59:16.063, 1, 46, 1189 MHz, 32.75 W, 0 %, 259 MiB
2026/10/02 23:59:16.066, 2, 45, 1189 MHz, 34.14 W, 0 %, 259 MiB
2026/10/02 23:59:17.069, 0, 38, 1189 MHz, 31.34 W, 0 %, 259 MiB
2026/10/02 23:59:17.072, 1, 46, 1189 MHz, 32.53 W, 0 %, 259 MiB
2026/10/02 23:59:17.075, 2, 45, 1189 MHz, 34.14 W, 0 %, 259 MiB
2026/10/02 23:59:18.078, 0, 38, 1189 MHz, 31.34 W, 0 %, 259 MiB
2026/10/02 23:59:18.082, 1, 46, 1189 MHz, 32.99 W, 0 %, 259 MiB
2026/10/02 23:59:18.085, 2, 45, 1189 MHz, 34.14 W, 0 %, 259 MiB
2026/10/02 23:59:19.088, 0, 38, 1189 MHz, 31.34 W, 0 %, 259 MiB
2026/10/02 23:59:19.091, 1, 46, 1189 MHz, 32.99 W, 0 %, 259 MiB
2026/10/02 23:59:19.095, 2, 45, 1189 MHz, 34.14 W, 0 %, 259 MiB
2026/10/02 23:59:20.098, 0, 38, 1189 MHz, 31.57 W, 0 %, 259 MiB
2026/10/02 23:59:20.101, 1, 46, 1189 MHz, 32.99 W, 0 %, 259 MiB
2026/10/02 23:59:20.105, 2, 45, 1189 MHz, 34.14 W, 0 %, 259 MiB
2026/10/02 23:59:21.109, 0, 38, 1189 MHz, 31.57 W, 0 %, 259 MiB
2026/10/02 23:59:21.112, 1, 46, 1189 MHz, 32.75 W, 0 %, 259 MiB
2026/10/02 23:59:21.115, 2, 45, 1189 MHz, 34.14 W, 0 %, 259 MiB
2026/10/02 23:59:22.118, 0, 38, 1189 MHz, 31.57 W, 0 %, 259 MiB
2026/10/02 23:59:22.121, 1, 46, 1189 MHz, 32.99 W, 0 %, 259 MiB
2026/10/02 23:59:22.124, 2, 45, 1189 MHz, 34.14 W, 0 %, 259 MiB
2026/10/02 23:59:23.127, 0, 38, 1189 MHz, 31.57 W, 0 %, 259 MiB
2026/10/02 23:59:23.130, 1, 46, 1189 MHz, 32.99 W, 0 %, 259 MiB
2026/10/02 23:59:23.133, 2, 45, 1189 MHz, 34.14 W, 0 %, 259 MiB
2026/10/02 23:59:24.138, 0, 38, 1189 MHz, 31.57 W, 0 %, 259 MiB
2026/10/02 23:59:24.141, 1, 46, 1189 MHz, 32.99 W, 0 %, 259 MiB
2026/10/02 23:59:24.147, 2, 45, 1189 MHz, 34.14 W, 0 %, 259 MiB
2026/10/02 23:59:25.151, 0, 38, 1189 MHz, 31.34 W, 0 %, 259 MiB
2026/10/02 23:59:25.157, 1, 46, 1189 MHz, 33.01 W, 0 %, 259 MiB
2026/10/02 23:59:25.160, 2, 45, 1189 MHz, 34.14 W, 0 %, 259 MiB
2026/10/02 23:59:26.163, 0, 38, 1189 MHz, 31.57 W, 0 %, 259 MiB
2026/10/02 23:59:26.166, 1, 46, 1189 MHz, 32.99 W, 0 %, 259 MiB
2026/10/02 23:59:26.169, 2, 45, 1189 MHz, 34.14 W, 0 %, 259 MiB
2026/10/02 23:59:27.176, 0, 38, 1189 MHz, 31.34 W, 0 %, 259 MiB
2026/10/02 23:59:27.179, 1, 46, 1189 MHz, 32.99 W, 0 %, 259 MiB
2026/10/02 23:59:27.182, 2, 45, 1189 MHz, 34.14 W, 0 %, 259 MiB
2026/10/02 23:59:28.185, 0, 38, 1189 MHz, 31.57 W, 0 %, 259 MiB
2026/10/02 23:59:28.189, 1, 46, 1189 MHz, 32.99 W, 0 %, 259 MiB
2026/10/02 23:59:28.192, 2, 45, 1189 MHz, 34.14 W, 0 %, 259 MiB
2026/10/02 23:59:29.195, 0, 38, 1189 MHz, 31.34 W, 0 %, 259 MiB
2026/10/02 23:59:29.198, 1, 46, 1189 MHz, 32.99 W, 0 %, 259 MiB
2026/10/02 23:59:29.204, 2, 45, 1189 MHz, 34.14 W, 0 %, 259 MiB
2026/10/02 23:59:30.207, 0, 38, 1189 MHz, 31.34 W, 0 %, 259 MiB
2026/10/02 23:59:30.210, 1, 46, 1189 MHz, 33.01 W, 0 %, 259 MiB
2026/10/02 23:59:30.213, 2, 45, 1189 MHz, 34.14 W, 0 %, 259 MiB
2026/10/02 23:59:31.216, 0, 38, 1189 MHz, 31.34 W, 0 %, 259 MiB
2026/10/02 23:59:31.219, 1, 46, 1189 MHz, 32.75 W, 0 %, 259 MiB
2026/10/02 23:59:31.223, 2, 45, 1189 MHz, 33.90 W, 0 %, 259 MiB
2026/10/02 23:59:32.226, 0, 38, 1189 MHz, 31.57 W, 0 %, 259 MiB
2026/10/02 23:59:32.229, 1, 46, 1189 MHz, 32.77 W, 0 %, 259 MiB
2026/10/02 23:59:32.232, 2, 45, 1189 MHz, 34.14 W, 0 %, 259 MiB
2026/10/02 23:59:33.236, 0, 38, 1189 MHz, 31.36 W, 0 %, 259 MiB
2026/10/02 23:59:33.239, 1, 46, 1189 MHz, 32.78 W, 0 %, 259 MiB
2026/10/02 23:59:33.242, 2, 45, 1189 MHz, 34.14 W, 0 %, 259 MiB
2026/10/02 23:59:34.245, 0, 38, 1189 MHz, 31.57 W, 0 %, 259 MiB
2026/10/02 23:59:34.248, 1, 46, 1189 MHz, 32.77 W, 0 %, 259 MiB
2026/10/02 23:59:34.251, 2, 45, 1189 MHz, 34.14 W, 0 %, 259 MiB
2026/10/02 23:59:35.254, 0, 38, 1189 MHz, 31.34 W, 0 %, 259 MiB
2026/10/02 23:59:35.257, 1, 46, 1189 MHz, 32.75 W, 0 %, 259 MiB
2026/10/02 23:59:35.260, 2, 45, 1189 MHz, 34.14 W, 0 %, 259 MiB
2026/10/02 23:59:36.264, 0, 38, 1189 MHz, 31.36 W, 0 %, 259 MiB
2026/10/02 23:59:36.268, 1, 46, 1189 MHz, 32.53 W, 0 %, 259 MiB
2026/10/02 23:59:36.271, 2, 45, 1189 MHz, 34.14 W, 0 %, 259 MiB
2026/10/02 23:59:37.274, 0, 38, 1189 MHz, 31.36 W, 0 %, 259 MiB
2026/10/02 23:59:37.277, 1, 46, 1189 MHz, 32.77 W, 0 %, 259 MiB
2026/10/02 23:59:37.280, 2, 45, 1189 MHz, 34.14 W, 0 %, 259 MiB
2026/10/02 23:59:38.283, 0, 38, 1189 MHz, 31.57 W, 0 %, 259 MiB
2026/10/02 23:59:38.286, 1, 46, 1189 MHz, 32.75 W, 0 %, 259 MiB
2026/10/02 23:59:38.289, 2, 45, 1189 MHz, 34.14 W, 0 %, 259 MiB
2026/10/02 23:59:39.292, 0, 38, 1189 MHz, 31.34 W, 0 %, 259 MiB
2026/10/02 23:59:39.295, 1, 46, 1189 MHz, 32.53 W, 0 %, 259 MiB
2026/10/02 23:59:39.299, 2, 45, 1189 MHz, 34.14 W, 0 %, 259 MiB
2026/10/02 23:59:40.302, 0, 38, 1189 MHz, 31.57 W, 0 %, 259 MiB
2026/10/02 23:59:40.305, 1, 46, 1189 MHz, 32.99 W, 0 %, 259 MiB
2026/10/02 23:59:40.308, 2, 45, 1189 MHz, 34.14 W, 0 %, 259 MiB
2026/10/02 23:59:41.311, 0, 38, 1189 MHz, 31.34 W, 0 %, 259 MiB
2026/10/02 23:59:41.314, 1, 46, 1189 MHz, 33.01 W, 0 %, 259 MiB
2026/10/02 23:59:41.317, 2, 45, 1189 MHz, 34.14 W, 0 %, 259 MiB
2026/10/02 23:59:42.320, 0, 38, 1189 MHz, 31.57 W, 0 %, 259 MiB
2026/10/02 23:59:42.324, 1, 46, 1189 MHz, 32.53 W, 0 %, 259 MiB
2026/10/02 23:59:42.327, 2, 45, 1189 MHz, 34.14 W, 0 %, 259 MiB
2026/10/02 23:59:43.331, 0, 38, 1189 MHz, 31.57 W, 0 %, 259 MiB
2026/10/02 23:59:43.334, 1, 46, 1189 MHz, 32.99 W, 0 %, 259 MiB
2026/10/02 23:59:43.337, 2, 44, 1189 MHz, 34.14 W, 0 %, 259 MiB
2026/10/02 23:59:44.340, 0, 38, 1189 MHz, 31.34 W, 0 %, 259 MiB
2026/10/02 23:59:44.343, 1, 46, 1189 MHz, 32.99 W, 0 %, 259 MiB
2026/10/02 23:59:44.346, 2, 45, 1189 MHz, 34.14 W, 0 %, 259 MiB
2026/10/02 23:59:45.349, 0, 38, 1189 MHz, 31.34 W, 0 %, 259 MiB
2026/10/02 23:59:45.352, 1, 46, 1189 MHz, 32.77 W, 0 %, 259 MiB
2026/10/02 23:59:45.355, 2, 45, 1189 MHz, 34.14 W, 0 %, 259 MiB
2026/10/02 23:59:46.359, 0, 38, 1189 MHz, 31.57 W, 0 %, 259 MiB
2026/10/02 23:59:46.362, 1, 46, 1189 MHz, 32.53 W, 0 %, 259 MiB
2026/10/02 23:59:46.365, 2, 45, 1189 MHz, 34.14 W, 0 %, 259 MiB
2026/10/02 23:59:47.368, 0, 38, 1189 MHz, 31.34 W, 0 %, 259 MiB
2026/10/02 23:59:47.372, 1, 46, 1189 MHz, 32.75 W, 0 %, 259 MiB
2026/10/02 23:59:47.375, 2, 45, 1189 MHz, 34.14 W, 0 %, 259 MiB
2026/10/02 23:59:48.378, 0, 38, 1189 MHz, 31.34 W, 0 %, 259 MiB
2026/10/02 23:59:48.381, 1, 46, 1189 MHz, 32.99 W, 0 %, 259 MiB
2026/10/02 23:59:48.384, 2, 45, 1189 MHz, 34.14 W, 0 %, 259 MiB
2026/10/02 23:59:49.387, 0, 38, 1189 MHz, 31.34 W, 0 %, 259 MiB
2026/10/02 23:59:49.390, 1, 46, 1189 MHz, 33.01 W, 0 %, 259 MiB
2026/10/02 23:59:49.393, 2, 45, 1189 MHz, 34.14 W, 0 %, 259 MiB
2026/10/02 23:59:50.396, 0, 38, 1189 MHz, 31.34 W, 0 %, 259 MiB
2026/10/02 23:59:50.400, 1, 46, 1189 MHz, 32.52 W, 0 %, 259 MiB
2026/10/02 23:59:50.403, 2, 45, 1189 MHz, 34.14 W, 0 %, 259 MiB
2026/10/02 23:59:51.406, 0, 38, 1189 MHz, 31.34 W, 0 %, 259 MiB
2026/10/02 23:59:51.409, 1, 46, 1189 MHz, 32.99 W, 0 %, 259 MiB
2026/10/02 23:59:51.412, 2, 45, 1189 MHz, 33.90 W, 0 %, 259 MiB
2026/10/02 23:59:52.415, 0, 38, 1189 MHz, 31.12 W, 0 %, 259 MiB
2026/10/02 23:59:52.418, 1, 46, 1189 MHz, 33.01 W, 0 %, 259 MiB
2026/10/02 23:59:52.421, 2, 45, 1189 MHz, 34.14 W, 0 %, 259 MiB
2026/10/02 23:59:53.424, 0, 38, 1189 MHz, 31.34 W, 0 %, 259 MiB
2026/10/02 23:59:53.427, 1, 46, 1189 MHz, 32.78 W, 0 %, 259 MiB
2026/10/02 23:59:53.430, 2, 45, 1189 MHz, 34.14 W, 0 %, 259 MiB
2026/10/02 23:59:54.434, 0, 38, 1189 MHz, 31.57 W, 0 %, 259 MiB
2026/10/02 23:59:54.437, 1, 46, 1189 MHz, 32.53 W, 0 %, 259 MiB
2026/10/02 23:59:54.440, 2, 45, 1189 MHz, 34.14 W, 0 %, 259 MiB
2026/10/02 23:59:55.443, 0, 38, 1189 MHz, 31.34 W, 0 %, 259 MiB
2026/10/02 23:59:55.446, 1, 46, 1189 MHz, 32.77 W, 0 %, 259 MiB
2026/10/02 23:59:55.449, 2, 44, 1189 MHz, 34.14 W, 0 %, 259 MiB
2026/10/02 23:59:56.452, 0, 38, 1189 MHz, 31.34 W, 0 %, 259 MiB
2026/10/02 23:59:56.455, 1, 46, 1189 MHz, 33.00 W, 0 %, 259 MiB
2026/10/02 23:59:56.458, 2, 44, 1189 MHz, 34.14 W, 0 %, 259 MiB
2026/10/02 23:59:57.462, 0, 38, 1189 MHz, 31.34 W, 0 %, 259 MiB
2026/10/02 23:59:57.465, 1, 46, 1189 MHz, 33.01 W, 0 %, 259 MiB
2026/10/02 23:59:57.468, 2, 45, 1189 MHz, 34.14 W, 0 %, 259 MiB
2026/10/02 23:59:58.471, 0, 38, 1189 MHz, 31.34 W, 0 %, 259 MiB
2026/10/02 23:59:58.474, 1, 46, 1189 MHz, 33.01 W, 0 %, 259 MiB
2026/10/02 23:59:58.477, 2, 45, 1189 MHz, 34.14 W, 0 %, 259 MiB
2026/10/02 23:59:59.480, 0, 38, 1189 MHz, 31.57 W, 0 %, 7853 MiB
2026/10/02 23:59:59.483, 1, 46, 1189 MHz, 32.99 W, 1 %, 7851 MiB
2026/10/02 23:59:59.486, 2, 45, 1189 MHz, 34.14 W, 1 %, 7869 MiB
2026/10/03 00:00:00.491, 0, 38, 1189 MHz, 31.57 W, 5 %, 7853 MiB
2026/10/03 00:00:00.494, 1, 46, 1189 MHz, 32.99 W, 0 %, 7851 MiB
2026/10/03 00:00:00.497, 2, 45, 1189 MHz, 34.14 W, 0 %, 7869 MiB
2026/10/03 00:00:01.500, 0, 38, 1189 MHz, 31.34 W, 0 %, 7853 MiB
2026/10/03 00:00:01.503, 1, 46, 1189 MHz, 32.99 W, 0 %, 7851 MiB
2026/10/03 00:00:01.506, 2, 44, 1189 MHz, 34.14 W, 0 %, 7869 MiB
2026/10/03 00:00:02.510, 0, 38, 1189 MHz, 31.57 W, 0 %, 7853 MiB
2026/10/03 00:00:02.513, 1, 46, 1189 MHz, 33.01 W, 3 %, 7851 MiB
2026/10/03 00:00:02.516, 2, 44, 1189 MHz, 34.14 W, 0 %, 7869 MiB
2026/10/03 00:00:03.519, 0, 38, 1189 MHz, 31.34 W, 0 %, 7853 MiB
2026/10/03 00:00:03.522, 1, 46, 1189 MHz, 32.99 W, 0 %, 7851 MiB
2026/10/03 00:00:03.526, 2, 44, 1189 MHz, 34.14 W, 0 %, 7869 MiB
2026/10/03 00:00:04.530, 0, 38, 1189 MHz, 31.34 W, 0 %, 7853 MiB
2026/10/03 00:00:04.533, 1, 46, 1189 MHz, 32.99 W, 2 %, 7851 MiB
2026/10/03 00:00:04.536, 2, 44, 1189 MHz, 34.14 W, 0 %, 7869 MiB
2026/10/03 00:00:05.539, 0, 38, 1189 MHz, 31.34 W, 0 %, 7853 MiB
2026/10/03 00:00:05.545, 1, 46, 1189 MHz, 32.99 W, 0 %, 7851 MiB
2026/10/03 00:00:05.548, 2, 45, 1189 MHz, 34.14 W, 0 %, 7869 MiB
2026/10/03 00:00:06.554, 0, 38, 1189 MHz, 31.34 W, 0 %, 7853 MiB
2026/10/03 00:00:06.557, 1, 46, 1189 MHz, 32.99 W, 0 %, 7851 MiB
2026/10/03 00:00:06.560, 2, 44, 1189 MHz, 34.14 W, 0 %, 7869 MiB
2026/10/03 00:00:07.563, 0, 38, 1189 MHz, 31.34 W, 0 %, 7853 MiB
2026/10/03 00:00:07.567, 1, 46, 1189 MHz, 32.99 W, 0 %, 7851 MiB
2026/10/03 00:00:07.570, 2, 44, 1189 MHz, 34.14 W, 6 %, 7869 MiB
2026/10/03 00:00:08.573, 0, 38, 1189 MHz, 31.34 W, 0 %, 7853 MiB
2026/10/03 00:00:08.576, 1, 46, 1189 MHz, 33.01 W, 0 %, 7851 MiB
2026/10/03 00:00:08.580, 2, 44, 1189 MHz, 34.14 W, 1 %, 7869 MiB
2026/10/03 00:00:09.583, 0, 38, 1189 MHz, 31.36 W, 0 %, 7853 MiB
2026/10/03 00:00:09.586, 1, 46, 1189 MHz, 32.76 W, 0 %, 7851 MiB
2026/10/03 00:00:09.589, 2, 44, 1189 MHz, 34.14 W, 0 %, 7869 MiB
2026/10/03 00:00:10.592, 0, 38, 1189 MHz, 31.34 W, 1 %, 7853 MiB
2026/10/03 00:00:10.595, 1, 46, 1189 MHz, 32.52 W, 1 %, 7851 MiB
2026/10/03 00:00:10.598, 2, 44, 1189 MHz, 34.14 W, 1 %, 7869 MiB
2026/10/03 00:00:11.601, 0, 38, 1189 MHz, 31.34 W, 2 %, 7853 MiB
2026/10/03 00:00:11.604, 1, 46, 1189 MHz, 32.75 W, 1 %, 7851 MiB
2026/10/03 00:00:11.607, 2, 44, 1189 MHz, 34.12 W, 1 %, 7869 MiB
2026/10/03 00:00:12.611, 0, 38, 1189 MHz, 31.34 W, 0 %, 7853 MiB
2026/10/03 00:00:12.614, 1, 46, 1189 MHz, 32.53 W, 0 %, 7851 MiB
2026/10/03 00:00:12.617, 2, 44, 1189 MHz, 34.14 W, 0 %, 7869 MiB
2026/10/03 00:00:13.620, 0, 38, 1189 MHz, 31.10 W, 0 %, 7853 MiB
2026/10/03 00:00:13.623, 1, 46, 1189 MHz, 32.54 W, 2 %, 7851 MiB
2026/10/03 00:00:13.626, 2, 44, 1189 MHz, 34.14 W, 3 %, 7869 MiB
2026/10/03 00:00:14.629, 0, 38, 1189 MHz, 31.57 W, 1 %, 7853 MiB
2026/10/03 00:00:14.632, 1, 46, 1189 MHz, 32.52 W, 1 %, 7851 MiB
2026/10/03 00:00:14.635, 2, 44, 1189 MHz, 34.14 W, 2 %, 7869 MiB
2026/10/03 00:00:15.638, 0, 38, 1189 MHz, 31.34 W, 2 %, 7853 MiB
2026/10/03 00:00:15.642, 1, 46, 1189 MHz, 32.52 W, 2 %, 7851 MiB
2026/10/03 00:00:15.645, 2, 44, 1189 MHz, 34.12 W, 2 %, 7869 MiB
2026/10/03 00:00:16.648, 0, 38, 1189 MHz, 31.34 W, 0 %, 7853 MiB
2026/10/03 00:00:16.651, 1, 46, 1189 MHz, 32.53 W, 0 %, 7851 MiB
2026/10/03 00:00:16.654, 2, 44, 1189 MHz, 34.14 W, 2 %, 7869 MiB
2026/10/03 00:00:17.657, 0, 38, 1189 MHz, 31.34 W, 2 %, 7853 MiB
2026/10/03 00:00:17.660, 1, 46, 1189 MHz, 32.75 W, 3 %, 7851 MiB
2026/10/03 00:00:17.663, 2, 44, 1189 MHz, 34.14 W, 2 %, 7869 MiB
2026/10/03 00:00:18.667, 0, 38, 1189 MHz, 31.34 W, 0 %, 7853 MiB
2026/10/03 00:00:18.670, 1, 46, 1189 MHz, 32.51 W, 2 %, 7851 MiB
2026/10/03 00:00:18.673, 2, 44, 1189 MHz, 34.12 W, 3 %, 7869 MiB
2026/10/03 00:00:19.676, 0, 38, 1189 MHz, 31.57 W, 3 %, 7853 MiB
2026/10/03 00:00:19.679, 1, 46, 1189 MHz, 32.75 W, 1 %, 7851 MiB
2026/10/03 00:00:19.683, 2, 44, 1189 MHz, 34.14 W, 1 %, 7869 MiB
2026/10/03 00:00:20.686, 0, 38, 1189 MHz, 31.34 W, 0 %, 7853 MiB
2026/10/03 00:00:20.689, 1, 46, 1189 MHz, 32.75 W, 0 %, 7851 MiB
2026/10/03 00:00:20.692, 2, 45, 1189 MHz, 33.90 W, 1 %, 7869 MiB
2026/10/03 00:00:21.695, 0, 38, 1189 MHz, 31.34 W, 0 %, 7853 MiB
2026/10/03 00:00:21.699, 1, 46, 1189 MHz, 32.52 W, 0 %, 7851 MiB
2026/10/03 00:00:21.702, 2, 44, 1189 MHz, 34.14 W, 0 %, 7869 MiB
2026/10/03 00:00:22.705, 0, 38, 1189 MHz, 31.34 W, 1 %, 7853 MiB
2026/10/03 00:00:22.708, 1, 46, 1189 MHz, 32.77 W, 0 %, 7851 MiB
2026/10/03 00:00:22.711, 2, 44, 1189 MHz, 34.14 W, 0 %, 7869 MiB
2026/10/03 00:00:23.714, 0, 38, 1189 MHz, 31.57 W, 0 %, 7853 MiB
2026/10/03 00:00:23.717, 1, 46, 1189 MHz, 32.52 W, 0 %, 7851 MiB
2026/10/03 00:00:23.720, 2, 44, 1189 MHz, 34.14 W, 3 %, 7869 MiB
2026/10/03 00:00:24.723, 0, 38, 1189 MHz, 31.34 W, 2 %, 7853 MiB
2026/10/03 00:00:24.726, 1, 46, 1189 MHz, 32.99 W, 2 %, 7851 MiB
2026/10/03 00:00:24.729, 2, 44, 1189 MHz, 34.14 W, 1 %, 7869 MiB
2026/10/03 00:00:25.732, 0, 38, 1189 MHz, 31.34 W, 1 %, 7853 MiB
2026/10/03 00:00:25.733, 1, 46, 1189 MHz, 32.99 W, 1 %, 7851 MiB
2026/10/03 00:00:25.736, 2, 44, 1189 MHz, 34.14 W, 0 %, 7869 MiB
2026/10/03 00:00:26.739, 0, 38, 1189 MHz, 31.34 W, 0 %, 7853 MiB
2026/10/03 00:00:26.742, 1, 46, 1189 MHz, 32.77 W, 0 %, 7851 MiB
2026/10/03 00:00:26.748, 2, 44, 1189 MHz, 34.14 W, 0 %, 7869 MiB
2026/10/03 00:00:27.754, 0, 38, 1189 MHz, 31.34 W, 0 %, 7853 MiB
2026/10/03 00:00:27.758, 1, 46, 1189 MHz, 32.99 W, 0 %, 7851 MiB
2026/10/03 00:00:27.758, 2, 44, 1189 MHz, 34.14 W, 0 %, 7869 MiB
2026/10/03 00:00:28.761, 0, 38, 1189 MHz, 31.34 W, 0 %, 7853 MiB
2026/10/03 00:00:28.764, 1, 46, 1189 MHz, 32.99 W, 0 %, 7851 MiB
2026/10/03 00:00:28.767, 2, 44, 1189 MHz, 34.14 W, 0 %, 7869 MiB
2026/10/03 00:00:29.770, 0, 38, 1189 MHz, 31.34 W, 1 %, 7853 MiB
2026/10/03 00:00:29.773, 1, 46, 1189 MHz, 32.75 W, 3 %, 7851 MiB
2026/10/03 00:00:29.776, 2, 44, 1189 MHz, 34.14 W, 1 %, 7869 MiB
2026/10/03 00:00:30.783, 0, 38, 1189 MHz, 31.34 W, 1 %, 7853 MiB
2026/10/03 00:00:30.788, 1, 46, 1189 MHz, 32.52 W, 2 %, 7851 MiB
2026/10/03 00:00:30.791, 2, 44, 1189 MHz, 34.14 W, 1 %, 7869 MiB
2026/10/03 00:00:31.794, 0, 38, 1189 MHz, 31.34 W, 2 %, 7853 MiB
2026/10/03 00:00:31.797, 1, 46, 1189 MHz, 32.75 W, 1 %, 7851 MiB
2026/10/03 00:00:31.800, 2, 44, 1189 MHz, 34.14 W, 2 %, 7869 MiB
2026/10/03 00:00:32.804, 0, 38, 1189 MHz, 31.34 W, 2 %, 7853 MiB
2026/10/03 00:00:32.807, 1, 46, 1189 MHz, 32.77 W, 1 %, 7851 MiB
2026/10/03 00:00:32.810, 2, 44, 1189 MHz, 34.14 W, 2 %, 7869 MiB
2026/10/03 00:00:33.813, 0, 38, 1189 MHz, 31.34 W, 1 %, 7853 MiB
2026/10/03 00:00:33.816, 1, 46, 1189 MHz, 32.75 W, 2 %, 7851 MiB
2026/10/03 00:00:33.819, 2, 44, 1189 MHz, 34.14 W, 1 %, 7869 MiB
2026/10/03 00:00:34.822, 0, 38, 1189 MHz, 31.34 W, 1 %, 7853 MiB
2026/10/03 00:00:34.825, 1, 46, 1189 MHz, 32.75 W, 3 %, 7851 MiB
2026/10/03 00:00:34.828, 2, 44, 1189 MHz, 34.14 W, 2 %, 7869 MiB
2026/10/03 00:00:35.832, 0, 38, 1189 MHz, 31.34 W, 1 %, 7853 MiB
2026/10/03 00:00:35.835, 1, 46, 1189 MHz, 32.99 W, 0 %, 7851 MiB
2026/10/03 00:00:35.838, 2, 44, 1189 MHz, 33.90 W, 0 %, 7869 MiB
2026/10/03 00:00:36.841, 0, 38, 1189 MHz, 31.34 W, 0 %, 7853 MiB
2026/10/03 00:00:36.844, 1, 46, 1189 MHz, 32.99 W, 0 %, 7851 MiB
2026/10/03 00:00:36.847, 2, 44, 1189 MHz, 34.14 W, 0 %, 7869 MiB
2026/10/03 00:00:37.850, 0, 38, 1189 MHz, 31.34 W, 0 %, 7853 MiB
2026/10/03 00:00:37.853, 1, 46, 1189 MHz, 32.99 W, 0 %, 7851 MiB
2026/10/03 00:00:37.856, 2, 45, 1189 MHz, 34.14 W, 0 %, 7869 MiB
2026/10/03 00:00:38.859, 0, 38, 1189 MHz, 31.34 W, 2 %, 7853 MiB
2026/10/03 00:00:38.862, 1, 46, 1189 MHz, 32.99 W, 2 %, 7851 MiB
2026/10/03 00:00:38.865, 2, 44, 1189 MHz, 34.14 W, 1 %, 7869 MiB
2026/10/03 00:00:39.869, 0, 38, 1189 MHz, 31.34 W, 1 %, 7853 MiB
2026/10/03 00:00:39.873, 1, 46, 1189 MHz, 32.99 W, 0 %, 7851 MiB
2026/10/03 00:00:39.876, 2, 44, 1189 MHz, 34.14 W, 0 %, 7869 MiB
2026/10/03 00:00:40.879, 0, 38, 1189 MHz, 31.34 W, 2 %, 7853 MiB
2026/10/03 00:00:40.882, 1, 46, 1189 MHz, 32.99 W, 0 %, 7851 MiB
2026/10/03 00:00:40.885, 2, 44, 1189 MHz, 34.14 W, 0 %, 7869 MiB
2026/10/03 00:00:41.888, 0, 38, 1189 MHz, 31.34 W, 0 %, 7853 MiB
2026/10/03 00:00:41.891, 1, 46, 1189 MHz, 32.99 W, 2 %, 7851 MiB
2026/10/03 00:00:41.894, 2, 44, 1189 MHz, 34.14 W, 0 %, 7869 MiB
2026/10/03 00:00:42.897, 0, 38, 1189 MHz, 31.34 W, 0 %, 7853 MiB
2026/10/03 00:00:42.900, 1, 46, 1189 MHz, 32.99 W, 0 %, 7851 MiB
2026/10/03 00:00:42.903, 2, 44, 1189 MHz, 34.14 W, 0 %, 7869 MiB
2026/10/03 00:00:43.907, 0, 38, 1189 MHz, 31.34 W, 0 %, 7853 MiB
2026/10/03 00:00:43.910, 1, 46, 1189 MHz, 33.01 W, 0 %, 7851 MiB
2026/10/03 00:00:43.913, 2, 44, 1189 MHz, 34.14 W, 0 %, 7869 MiB
2026/10/03 00:00:44.916, 0, 38, 1189 MHz, 31.57 W, 1 %, 7853 MiB
2026/10/03 00:00:44.919, 1, 46, 1189 MHz, 32.75 W, 2 %, 7851 MiB
2026/10/03 00:00:44.922, 2, 44, 1189 MHz, 34.14 W, 1 %, 7869 MiB
2026/10/03 00:00:45.925, 0, 38, 1189 MHz, 31.34 W, 1 %, 7853 MiB
2026/10/03 00:00:45.928, 1, 46, 1189 MHz, 32.99 W, 1 %, 7851 MiB
2026/10/03 00:00:45.931, 2, 44, 1189 MHz, 34.14 W, 1 %, 7869 MiB
2026/10/03 00:00:46.934, 0, 38, 1189 MHz, 31.34 W, 4 %, 7853 MiB
2026/10/03 00:00:46.938, 1, 46, 1189 MHz, 32.99 W, 4 %, 7851 MiB
2026/10/03 00:00:46.941, 2, 44, 1189 MHz, 34.14 W, 4 %, 7869 MiB
2026/10/03 00:00:47.944, 0, 38, 1189 MHz, 31.34 W, 1 %, 7853 MiB
2026/10/03 00:00:47.947, 1, 46, 1189 MHz, 32.99 W, 0 %, 7851 MiB
2026/10/03 00:00:47.951, 2, 44, 1189 MHz, 33.90 W, 0 %, 7869 MiB
2026/10/03 00:00:48.954, 0, 38, 1189 MHz, 31.34 W, 0 %, 7853 MiB
2026/10/03 00:00:48.957, 1, 46, 1189 MHz, 32.99 W, 1 %, 7851 MiB
2026/10/03 00:00:48.963, 2, 44, 1189 MHz, 34.14 W, 1 %, 7869 MiB
2026/10/03 00:00:49.966, 0, 38, 1189 MHz, 31.34 W, 3 %, 7853 MiB
2026/10/03 00:00:49.971, 1, 46, 1189 MHz, 32.75 W, 2 %, 7851 MiB
2026/10/03 00:00:49.974, 2, 44, 1189 MHz, 34.14 W, 3 %, 7869 MiB
2026/10/03 00:00:50.979, 0, 38, 1189 MHz, 31.34 W, 0 %, 7853 MiB
2026/10/03 00:00:50.982, 1, 46, 1189 MHz, 32.52 W, 0 %, 7851 MiB
2026/10/03 00:00:50.987, 2, 44, 1189 MHz, 33.90 W, 0 %, 7869 MiB
2026/10/03 00:00:51.990, 0, 38, 1189 MHz, 31.34 W, 1 %, 7853 MiB
2026/10/03 00:00:51.993, 1, 46, 1189 MHz, 32.53 W, 1 %, 7851 MiB
2026/10/03 00:00:51.996, 2, 44, 1189 MHz, 34.14 W, 1 %, 7869 MiB
2026/10/03 00:00:52.999, 0, 38, 1189 MHz, 31.34 W, 1 %, 7853 MiB
2026/10/03 00:00:53.002, 1, 46, 1189 MHz, 32.53 W, 3 %, 7851 MiB
2026/10/03 00:00:53.006, 2, 44, 1189 MHz, 34.14 W, 1 %, 7869 MiB
2026/10/03 00:00:54.009, 0, 38, 1189 MHz, 31.34 W, 0 %, 7853 MiB
2026/10/03 00:00:54.012, 1, 46, 1189 MHz, 32.52 W, 0 %, 7851 MiB
2026/10/03 00:00:54.015, 2, 44, 1189 MHz, 34.14 W, 0 %, 7869 MiB
2026/10/03 00:00:55.018, 0, 38, 1189 MHz, 31.34 W, 1 %, 7853 MiB
2026/10/03 00:00:55.021, 1, 46, 1189 MHz, 32.53 W, 1 %, 7851 MiB
2026/10/03 00:00:55.025, 2, 44, 1189 MHz, 33.90 W, 2 %, 7869 MiB
2026/10/03 00:00:56.028, 0, 38, 1189 MHz, 31.36 W, 1 %, 7853 MiB
2026/10/03 00:00:56.031, 1, 46, 1189 MHz, 32.53 W, 1 %, 7851 MiB
2026/10/03 00:00:56.034, 2, 44, 1189 MHz, 34.14 W, 4 %, 7869 MiB
2026/10/03 00:00:57.037, 0, 38, 1189 MHz, 31.34 W, 2 %, 7853 MiB
2026/10/03 00:00:57.040, 1, 46, 1189 MHz, 32.52 W, 2 %, 7851 MiB
2026/10/03 00:00:57.044, 2, 44, 1189 MHz, 34.14 W, 1 %, 7869 MiB
2026/10/03 00:00:58.047, 0, 38, 1189 MHz, 31.32 W, 0 %, 7853 MiB
2026/10/03 00:00:58.050, 1, 46, 1189 MHz, 32.75 W, 3 %, 7851 MiB
2026/10/03 00:00:58.053, 2, 44, 1189 MHz, 34.12 W, 0 %, 7869 MiB
2026/10/03 00:00:59.056, 0, 38, 1189 MHz, 31.34 W, 0 %, 7853 MiB
2026/10/03 00:00:59.059, 1, 46, 1189 MHz, 32.75 W, 3 %, 7851 MiB
2026/10/03 00:00:59.062, 2, 44, 1189 MHz, 34.14 W, 4 %, 7869 MiB
2026/10/03 00:01:00.066, 0, 38, 1189 MHz, 31.34 W, 1 %, 7853 MiB
2026/10/03 00:01:00.069, 1, 46, 1189 MHz, 32.99 W, 2 %, 7851 MiB
2026/10/03 00:01:00.072, 2, 44, 1189 MHz, 34.14 W, 1 %, 7869 MiB
2026/10/03 00:01:01.075, 0, 38, 1189 MHz, 31.57 W, 2 %, 7853 MiB
2026/10/03 00:01:01.078, 1, 46, 1189 MHz, 32.99 W, 0 %, 7851 MiB
2026/10/03 00:01:01.081, 2, 44, 1189 MHz, 34.14 W, 3 %, 7869 MiB
2026/10/03 00:01:02.084, 0, 38, 1189 MHz, 31.34 W, 0 %, 7853 MiB
2026/10/03 00:01:02.088, 1, 46, 1189 MHz, 32.99 W, 1 %, 7851 MiB
2026/10/03 00:01:02.091, 2, 44, 1189 MHz, 34.14 W, 0 %, 7869 MiB
2026/10/03 00:01:03.094, 0, 38, 1189 MHz, 31.34 W, 3 %, 7853 MiB
2026/10/03 00:01:03.098, 1, 46, 1189 MHz, 32.99 W, 2 %, 7851 MiB
2026/10/03 00:01:03.101, 2, 44, 1189 MHz, 34.14 W, 0 %, 7869 MiB
2026/10/03 00:01:04.104, 0, 38, 1189 MHz, 31.36 W, 2 %, 7853 MiB
2026/10/03 00:01:04.107, 1, 46, 1189 MHz, 33.01 W, 2 %, 7851 MiB
2026/10/03 00:01:04.110, 2, 44, 1189 MHz, 33.90 W, 2 %, 7869 MiB
2026/10/03 00:01:05.113, 0, 38, 1189 MHz, 31.34 W, 1 %, 7853 MiB
2026/10/03 00:01:05.118, 1, 46, 1189 MHz, 32.53 W, 0 %, 7851 MiB
2026/10/03 00:01:05.121, 2, 44, 1189 MHz, 34.14 W, 0 %, 7869 MiB
2026/10/03 00:01:06.124, 0, 38, 1189 MHz, 31.34 W, 2 %, 7853 MiB
2026/10/03 00:01:06.127, 1, 46, 1189 MHz, 32.52 W, 4 %, 7851 MiB
2026/10/03 00:01:06.130, 2, 44, 1189 MHz, 34.14 W, 3 %, 7869 MiB
2026/10/03 00:01:07.136, 0, 38, 1189 MHz, 31.34 W, 3 %, 7853 MiB
2026/10/03 00:01:07.140, 1, 46, 1189 MHz, 33.01 W, 3 %, 7851 MiB
2026/10/03 00:01:07.143, 2, 44, 1189 MHz, 34.14 W, 0 %, 7869 MiB
2026/10/03 00:01:08.146, 0, 38, 1189 MHz, 31.36 W, 0 %, 7853 MiB
2026/10/03 00:01:08.149, 1, 46, 1189 MHz, 32.52 W, 1 %, 7851 MiB
2026/10/03 00:01:08.153, 2, 44, 1189 MHz, 34.14 W, 2 %, 7869 MiB
2026/10/03 00:01:09.156, 0, 38, 1189 MHz, 31.34 W, 1 %, 7853 MiB
2026/10/03 00:01:09.159, 1, 45, 1189 MHz, 32.77 W, 1 %, 7851 MiB
2026/10/03 00:01:09.166, 2, 44, 1189 MHz, 34.14 W, 3 %, 7869 MiB
2026/10/03 00:01:10.169, 0, 38, 1189 MHz, 31.34 W, 4 %, 7853 MiB
2026/10/03 00:01:10.174, 1, 46, 1189 MHz, 32.75 W, 2 %, 7851 MiB
2026/10/03 00:01:10.177, 2, 44, 1189 MHz, 34.14 W, 3 %, 7869 MiB
2026/10/03 00:01:11.180, 0, 38, 1189 MHz, 31.34 W, 0 %, 7853 MiB
2026/10/03 00:01:11.184, 1, 46, 1189 MHz, 32.75 W, 0 %, 7851 MiB
2026/10/03 00:01:11.187, 2, 44, 1189 MHz, 34.14 W, 3 %, 7869 MiB
2026/10/03 00:01:12.190, 0, 38, 1189 MHz, 31.36 W, 2 %, 7853 MiB
2026/10/03 00:01:12.193, 1, 45, 1189 MHz, 32.77 W, 0 %, 7851 MiB
2026/10/03 00:01:12.196, 2, 44, 1189 MHz, 33.90 W, 1 %, 7869 MiB
2026/10/03 00:01:13.201, 0, 38, 1189 MHz, 31.34 W, 4 %, 7853 MiB
2026/10/03 00:01:13.204, 1, 46, 1189 MHz, 32.99 W, 3 %, 7851 MiB
2026/10/03 00:01:13.207, 2, 44, 1189 MHz, 34.14 W, 3 %, 7869 MiB
2026/10/03 00:01:14.210, 0, 38, 1189 MHz, 31.34 W, 1 %, 7853 MiB
2026/10/03 00:01:14.213, 1, 46, 1189 MHz, 32.77 W, 0 %, 7851 MiB
2026/10/03 00:01:14.216, 2, 44, 1189 MHz, 34.14 W, 4 %, 7869 MiB
2026/10/03 00:01:15.219, 0, 38, 1189 MHz, 31.36 W, 0 %, 7853 MiB
2026/10/03 00:01:15.223, 1, 46, 1189 MHz, 32.99 W, 0 %, 7851 MiB
2026/10/03 00:01:15.225, 2, 44, 1189 MHz, 34.14 W, 0 %, 7869 MiB
2026/10/03 00:01:16.229, 0, 38, 1189 MHz, 31.34 W, 0 %, 7853 MiB
2026/10/03 00:01:16.232, 1, 45, 1189 MHz, 32.99 W, 0 %, 7851 MiB
2026/10/03 00:01:16.235, 2, 44, 1189 MHz, 34.14 W, 0 %, 7869 MiB
2026/10/03 00:01:17.238, 0, 38, 1189 MHz, 31.34 W, 0 %, 7853 MiB
2026/10/03 00:01:17.241, 1, 45, 1189 MHz, 32.99 W, 0 %, 7851 MiB
2026/10/03 00:01:17.244, 2, 44, 1189 MHz, 34.14 W, 0 %, 7869 MiB
2026/10/03 00:01:18.248, 0, 38, 1189 MHz, 31.34 W, 0 %, 7853 MiB
2026/10/03 00:01:18.251, 1, 46, 1189 MHz, 32.99 W, 0 %, 7851 MiB
2026/10/03 00:01:18.254, 2, 44, 1189 MHz, 33.90 W, 0 %, 7869 MiB
2026/10/03 00:01:19.257, 0, 38, 1189 MHz, 31.34 W, 0 %, 7853 MiB
2026/10/03 00:01:19.260, 1, 46, 1189 MHz, 32.99 W, 0 %, 7851 MiB
2026/10/03 00:01:19.263, 2, 44, 1189 MHz, 33.90 W, 0 %, 7869 MiB
2026/10/03 00:01:20.266, 0, 38, 1189 MHz, 31.34 W, 0 %, 7853 MiB
2026/10/03 00:01:20.269, 1, 45, 1189 MHz, 33.01 W, 0 %, 7851 MiB
2026/10/03 00:01:20.272, 2, 44, 1189 MHz, 34.14 W, 0 %, 7869 MiB
2026/10/03 00:01:21.275, 0, 38, 1189 MHz, 31.34 W, 1 %, 7853 MiB
2026/10/03 00:01:21.278, 1, 45, 1189 MHz, 32.99 W, 0 %, 7851 MiB
2026/10/03 00:01:21.281, 2, 44, 1189 MHz, 34.14 W, 1 %, 7869 MiB
2026/10/03 00:01:22.284, 0, 38, 1189 MHz, 31.34 W, 2 %, 7853 MiB
2026/10/03 00:01:22.288, 1, 46, 1189 MHz, 32.75 W, 0 %, 7851 MiB
2026/10/03 00:01:22.291, 2, 44, 1189 MHz, 34.12 W, 3 %, 7869 MiB
2026/10/03 00:01:23.295, 0, 38, 1189 MHz, 31.34 W, 1 %, 7853 MiB
2026/10/03 00:01:23.298, 1, 46, 1189 MHz, 32.77 W, 3 %, 7851 MiB
2026/10/03 00:01:23.301, 2, 44, 1189 MHz, 34.14 W, 1 %, 7869 MiB
2026/10/03 00:01:24.304, 0, 38, 1189 MHz, 31.34 W, 3 %, 7853 MiB
2026/10/03 00:01:24.307, 1, 46, 1189 MHz, 32.99 W, 1 %, 7851 MiB
2026/10/03 00:01:24.310, 2, 44, 1189 MHz, 33.90 W, 0 %, 7869 MiB
2026/10/03 00:01:25.313, 0, 38, 1189 MHz, 31.34 W, 2 %, 7853 MiB
2026/10/03 00:01:25.319, 1, 46, 1189 MHz, 32.99 W, 1 %, 7851 MiB
2026/10/03 00:01:25.322, 2, 44, 1189 MHz, 34.14 W, 2 %, 7869 MiB
2026/10/03 00:01:26.325, 0, 38, 1189 MHz, 31.34 W, 0 %, 7853 MiB
2026/10/03 00:01:26.328, 1, 46, 1189 MHz, 32.99 W, 1 %, 7851 MiB
2026/10/03 00:01:26.335, 2, 44, 1189 MHz, 34.14 W, 1 %, 7869 MiB
2026/10/03 00:01:27.339, 0, 38, 1189 MHz, 31.34 W, 0 %, 7853 MiB
2026/10/03 00:01:27.342, 1, 46, 1189 MHz, 32.99 W, 0 %, 7851 MiB
2026/10/03 00:01:27.345, 2, 44, 1189 MHz, 34.14 W, 0 %, 7869 MiB
2026/10/03 00:01:28.349, 0, 38, 1189 MHz, 31.34 W, 0 %, 7853 MiB
2026/10/03 00:01:28.352, 1, 45, 1189 MHz, 32.99 W, 0 %, 7851 MiB
2026/10/03 00:01:28.355, 2, 44, 1189 MHz, 34.14 W, 0 %, 7869 MiB
2026/10/03 00:01:29.359, 0, 38, 1189 MHz, 31.34 W, 0 %, 7853 MiB
2026/10/03 00:01:29.362, 1, 45, 1189 MHz, 32.52 W, 0 %, 7851 MiB
2026/10/03 00:01:29.365, 2, 44, 1189 MHz, 34.14 W, 1 %, 7869 MiB
2026/10/03 00:01:30.368, 0, 38, 1189 MHz, 31.34 W, 1 %, 7853 MiB
2026/10/03 00:01:30.371, 1, 46, 1189 MHz, 32.53 W, 0 %, 7851 MiB
2026/10/03 00:01:30.374, 2, 44, 1189 MHz, 34.14 W, 0 %, 7869 MiB
2026/10/03 00:01:31.378, 0, 38, 1189 MHz, 31.34 W, 0 %, 7853 MiB
2026/10/03 00:01:31.381, 1, 45, 1189 MHz, 32.28 W, 1 %, 7851 MiB
2026/10/03 00:01:31.384, 2, 44, 1189 MHz, 34.12 W, 0 %, 7869 MiB
2026/10/03 00:01:32.388, 0, 38, 1189 MHz, 31.10 W, 0 %, 7853 MiB
2026/10/03 00:01:32.391, 1, 46, 1189 MHz, 32.99 W, 0 %, 7851 MiB
2026/10/03 00:01:32.394, 2, 44, 1189 MHz, 34.14 W, 0 %, 7869 MiB
2026/10/03 00:01:33.397, 0, 38, 1189 MHz, 31.57 W, 1 %, 7853 MiB
2026/10/03 00:01:33.401, 1, 46, 1189 MHz, 32.99 W, 1 %, 7851 MiB
2026/10/03 00:01:33.404, 2, 44, 1189 MHz, 34.14 W, 0 %, 7869 MiB
2026/10/03 00:01:34.407, 0, 38, 1189 MHz, 31.34 W, 0 %, 7853 MiB
2026/10/03 00:01:34.410, 1, 45, 1189 MHz, 32.75 W, 0 %, 7851 MiB
2026/10/03 00:01:34.417, 2, 44, 1189 MHz, 34.14 W, 0 %, 7869 MiB
2026/10/03 00:01:35.423, 0, 38, 1189 MHz, 31.34 W, 0 %, 7853 MiB
2026/10/03 00:01:35.426, 1, 46, 1189 MHz, 32.52 W, 0 %, 7851 MiB
2026/10/03 00:01:35.429, 2, 44, 1189 MHz, 33.90 W, 0 %, 7869 MiB
2026/10/03 00:01:36.432, 0, 38, 1189 MHz, 31.34 W, 0 %, 7853 MiB
2026/10/03 00:01:36.435, 1, 46, 1189 MHz, 32.75 W, 1 %, 7851 MiB
2026/10/03 00:01:36.438, 2, 44, 1189 MHz, 33.90 W, 0 %, 7869 MiB
2026/10/03 00:01:37.442, 0, 38, 1189 MHz, 31.34 W, 0 %, 7853 MiB
2026/10/03 00:01:37.445, 1, 45, 1189 MHz, 32.99 W, 0 %, 7851 MiB
2026/10/03 00:01:37.448, 2, 44, 1189 MHz, 34.14 W, 0 %, 7869 MiB
2026/10/03 00:01:38.451, 0, 38, 1189 MHz, 31.34 W, 0 %, 7853 MiB
2026/10/03 00:01:38.454, 1, 45, 1189 MHz, 32.30 W, 0 %, 7851 MiB
2026/10/03 00:01:38.457, 2, 44, 1189 MHz, 33.90 W, 0 %, 7869 MiB
2026/10/03 00:01:39.460, 0, 38, 1189 MHz, 31.34 W, 0 %, 7853 MiB
2026/10/03 00:01:39.463, 1, 45, 1189 MHz, 32.52 W, 0 %, 7851 MiB
2026/10/03 00:01:39.466, 2, 44, 1189 MHz, 34.12 W, 0 %, 7869 MiB
2026/10/03 00:01:40.469, 0, 38, 1189 MHz, 31.34 W, 1 %, 7853 MiB
2026/10/03 00:01:40.473, 1, 45, 1189 MHz, 32.53 W, 0 %, 7851 MiB
2026/10/03 00:01:40.476, 2, 44, 1189 MHz, 33.90 W, 1 %, 7869 MiB
2026/10/03 00:01:41.479, 0, 38, 1189 MHz, 31.34 W, 0 %, 7853 MiB
2026/10/03 00:01:41.482, 1, 45, 1189 MHz, 32.28 W, 0 %, 7851 MiB
2026/10/03 00:01:41.485, 2, 44, 1189 MHz, 34.14 W, 0 %, 7869 MiB
2026/10/03 00:01:42.488, 0, 38, 1189 MHz, 31.34 W, 0 %, 7853 MiB
2026/10/03 00:01:42.491, 1, 46, 1189 MHz, 32.99 W, 0 %, 7851 MiB
2026/10/03 00:01:42.494, 2, 44, 1189 MHz, 33.90 W, 2 %, 7869 MiB
2026/10/03 00:01:43.497, 0, 38, 1189 MHz, 31.34 W, 1 %, 7853 MiB
2026/10/03 00:01:43.500, 1, 46, 1189 MHz, 32.99 W, 0 %, 7851 MiB
2026/10/03 00:01:43.503, 2, 44, 1189 MHz, 34.14 W, 0 %, 7869 MiB
2026/10/03 00:01:44.506, 0, 38, 1189 MHz, 31.34 W, 0 %, 7853 MiB
2026/10/03 00:01:44.509, 1, 46, 1189 MHz, 32.75 W, 0 %, 7851 MiB
2026/10/03 00:01:44.512, 2, 44, 1189 MHz, 34.14 W, 0 %, 7869 MiB
2026/10/03 00:01:45.516, 0, 38, 1189 MHz, 31.34 W, 0 %, 7853 MiB
2026/10/03 00:01:45.519, 1, 46, 1189 MHz, 32.75 W, 0 %, 7851 MiB
2026/10/03 00:01:45.522, 2, 44, 1189 MHz, 34.14 W, 0 %, 7869 MiB
2026/10/03 00:01:46.525, 0, 38, 1189 MHz, 31.10 W, 2 %, 7853 MiB
2026/10/03 00:01:46.528, 1, 46, 1189 MHz, 32.52 W, 0 %, 7851 MiB
2026/10/03 00:01:46.531, 2, 44, 1189 MHz, 34.14 W, 0 %, 7869 MiB
2026/10/03 00:01:47.534, 0, 38, 1189 MHz, 31.34 W, 0 %, 7853 MiB
2026/10/03 00:01:47.541, 1, 45, 1189 MHz, 32.52 W, 1 %, 7851 MiB
2026/10/03 00:01:47.544, 2, 44, 1189 MHz, 33.90 W, 0 %, 7869 MiB
2026/10/03 00:01:48.547, 0, 38, 1189 MHz, 31.34 W, 1 %, 7853 MiB
2026/10/03 00:01:48.551, 1, 45, 1189 MHz, 32.28 W, 0 %, 7851 MiB
2026/10/03 00:01:48.554, 2, 44, 1189 MHz, 33.90 W, 0 %, 7869 MiB
2026/10/03 00:01:49.557, 0, 38, 1189 MHz, 31.34 W, 0 %, 7853 MiB
2026/10/03 00:01:49.561, 1, 45, 1189 MHz, 32.28 W, 0 %, 7851 MiB
2026/10/03 00:01:49.567, 2, 44, 1189 MHz, 33.90 W, 0 %, 7869 MiB
2026/10/03 00:01:50.572, 0, 38, 1189 MHz, 31.34 W, 0 %, 7853 MiB
2026/10/03 00:01:50.575, 1, 46, 1189 MHz, 32.53 W, 0 %, 7851 MiB
2026/10/03 00:01:50.578, 2, 44, 1189 MHz, 33.90 W, 0 %, 7869 MiB
2026/10/03 00:01:51.581, 0, 38, 1189 MHz, 31.34 W, 0 %, 7853 MiB
2026/10/03 00:01:51.584, 1, 45, 1189 MHz, 32.54 W, 2 %, 7851 MiB
2026/10/03 00:01:51.587, 2, 44, 1189 MHz, 33.90 W, 1 %, 7869 MiB
2026/10/03 00:01:52.590, 0, 38, 1189 MHz, 31.34 W, 0 %, 7853 MiB
2026/10/03 00:01:52.594, 1, 46, 1189 MHz, 32.77 W, 0 %, 7851 MiB
2026/10/03 00:01:52.596, 2, 44, 1189 MHz, 33.90 W, 0 %, 7869 MiB
2026/10/03 00:01:53.601, 0, 38, 1189 MHz, 31.34 W, 1 %, 7853 MiB
2026/10/03 00:01:53.604, 1, 45, 1189 MHz, 32.52 W, 1 %, 7851 MiB
2026/10/03 00:01:53.607, 2, 44, 1189 MHz, 33.90 W, 1 %, 7869 MiB
2026/10/03 00:01:54.610, 0, 38, 1189 MHz, 31.34 W, 0 %, 7853 MiB
2026/10/03 00:01:54.613, 1, 45, 1189 MHz, 32.99 W, 0 %, 7851 MiB
2026/10/03 00:01:54.617, 2, 44, 1189 MHz, 33.90 W, 0 %, 7869 MiB
2026/10/03 00:01:55.620, 0, 38, 1189 MHz, 31.34 W, 0 %, 7853 MiB
2026/10/03 00:01:55.624, 1, 45, 1189 MHz, 32.99 W, 0 %, 7851 MiB
2026/10/03 00:01:55.627, 2, 44, 1189 MHz, 33.90 W, 0 %, 7869 MiB
2026/10/03 00:01:56.630, 0, 38, 1189 MHz, 31.34 W, 0 %, 7853 MiB
2026/10/03 00:01:56.636, 1, 46, 1189 MHz, 32.99 W, 0 %, 7851 MiB
2026/10/03 00:01:56.639, 2, 44, 1189 MHz, 33.90 W, 2 %, 7869 MiB
2026/10/03 00:01:57.645, 0, 38, 1189 MHz, 31.34 W, 3 %, 7853 MiB
2026/10/03 00:01:57.649, 1, 45, 1189 MHz, 32.75 W, 2 %, 7851 MiB
2026/10/03 00:01:57.652, 2, 44, 1189 MHz, 33.88 W, 3 %, 7869 MiB
2026/10/03 00:01:58.655, 0, 38, 1189 MHz, 31.34 W, 0 %, 7853 MiB
2026/10/03 00:01:58.658, 1, 45, 1189 MHz, 32.76 W, 0 %, 7851 MiB
2026/10/03 00:01:58.661, 2, 44, 1189 MHz, 33.90 W, 0 %, 7869 MiB
2026/10/03 00:01:59.664, 0, 38, 1189 MHz, 31.34 W, 2 %, 7853 MiB
2026/10/03 00:01:59.667, 1, 45, 1189 MHz, 32.75 W, 1 %, 7851 MiB
2026/10/03 00:01:59.670, 2, 44, 1189 MHz, 33.90 W, 0 %, 7869 MiB
2026/10/03 00:02:00.673, 0, 38, 1189 MHz, 31.34 W, 0 %, 7853 MiB
2026/10/03 00:02:00.676, 1, 46, 1189 MHz, 32.52 W, 0 %, 7851 MiB
2026/10/03 00:02:00.679, 2, 44, 1189 MHz, 33.90 W, 0 %, 7869 MiB
2026/10/03 00:02:01.682, 0, 38, 1189 MHz, 31.34 W, 1 %, 7853 MiB
2026/10/03 00:02:01.685, 1, 46, 1189 MHz, 32.52 W, 0 %, 7851 MiB
2026/10/03 00:02:01.688, 2, 44, 1189 MHz, 33.90 W, 0 %, 7869 MiB
2026/10/03 00:02:02.692, 0, 38, 1189 MHz, 31.34 W, 0 %, 7853 MiB
2026/10/03 00:02:02.695, 1, 45, 1189 MHz, 32.28 W, 0 %, 7851 MiB
2026/10/03 00:02:02.698, 2, 44, 1189 MHz, 33.90 W, 0 %, 7869 MiB
2026/10/03 00:02:03.701, 0, 38, 1189 MHz, 31.34 W, 0 %, 7853 MiB
2026/10/03 00:02:03.704, 1, 45, 1189 MHz, 32.53 W, 0 %, 7851 MiB
2026/10/03 00:02:03.707, 2, 44, 1189 MHz, 34.14 W, 2 %, 7869 MiB
2026/10/03 00:02:04.710, 0, 38, 1189 MHz, 31.34 W, 1 %, 7853 MiB
2026/10/03 00:02:04.714, 1, 45, 1189 MHz, 32.30 W, 0 %, 7851 MiB
2026/10/03 00:02:04.717, 2, 44, 1189 MHz, 33.90 W, 1 %, 7869 MiB
2026/10/03 00:02:05.720, 0, 38, 1189 MHz, 31.10 W, 0 %, 7853 MiB
2026/10/03 00:02:05.723, 1, 45, 1189 MHz, 32.28 W, 0 %, 7851 MiB
2026/10/03 00:02:05.726, 2, 44, 1189 MHz, 34.14 W, 0 %, 7869 MiB
2026/10/03 00:02:06.729, 0, 38, 1189 MHz, 31.34 W, 0 %, 7853 MiB
2026/10/03 00:02:06.732, 1, 45, 1189 MHz, 32.28 W, 0 %, 7851 MiB
2026/10/03 00:02:06.735, 2, 44, 1189 MHz, 33.90 W, 0 %, 7869 MiB
2026/10/03 00:02:07.738, 0, 38, 1189 MHz, 31.34 W, 1 %, 7853 MiB
2026/10/03 00:02:07.742, 1, 45, 1189 MHz, 32.52 W, 0 %, 7851 MiB
2026/10/03 00:02:07.745, 2, 44, 1189 MHz, 33.90 W, 1 %, 7869 MiB
2026/10/03 00:02:08.748, 0, 38, 1189 MHz, 31.34 W, 0 %, 7853 MiB
2026/10/03 00:02:08.751, 1, 45, 1189 MHz, 32.75 W, 0 %, 7851 MiB
2026/10/03 00:02:08.754, 2, 44, 1189 MHz, 34.14 W, 0 %, 7869 MiB
2026/10/03 00:02:09.757, 0, 38, 1189 MHz, 31.34 W, 0 %, 7853 MiB
2026/10/03 00:02:09.763, 1, 45, 1189 MHz, 32.75 W, 0 %, 7851 MiB
2026/10/03 00:02:09.766, 2, 44, 1189 MHz, 33.90 W, 0 %, 7869 MiB
2026/10/03 00:02:10.769, 0, 38, 1189 MHz, 31.34 W, 0 %, 7853 MiB
2026/10/03 00:02:10.772, 1, 45, 1189 MHz, 32.99 W, 0 %, 7851 MiB
2026/10/03 00:02:10.775, 2, 44, 1189 MHz, 33.90 W, 0 %, 7869 MiB
2026/10/03 00:02:11.779, 0, 38, 1189 MHz, 31.34 W, 0 %, 7853 MiB
2026/10/03 00:02:11.783, 1, 45, 1189 MHz, 33.01 W, 0 %, 7851 MiB
2026/10/03 00:02:11.786, 2, 44, 1189 MHz, 33.90 W, 0 %, 7869 MiB
2026/10/03 00:02:12.789, 0, 38, 1189 MHz, 31.34 W, 0 %, 7853 MiB
2026/10/03 00:02:12.792, 1, 45, 1189 MHz, 32.75 W, 0 %, 7851 MiB
2026/10/03 00:02:12.795, 2, 44, 1189 MHz, 33.67 W, 0 %, 7869 MiB
2026/10/03 00:02:13.798, 0, 38, 1189 MHz, 31.34 W, 1 %, 7853 MiB
2026/10/03 00:02:13.802, 1, 46, 1189 MHz, 32.99 W, 0 %, 7851 MiB
2026/10/03 00:02:13.805, 2, 44, 1189 MHz, 33.90 W, 0 %, 7869 MiB
2026/10/03 00:02:14.808, 0, 38, 1189 MHz, 31.34 W, 0 %, 7853 MiB
2026/10/03 00:02:14.811, 1, 46, 1189 MHz, 32.77 W, 1 %, 7851 MiB
2026/10/03 00:02:14.814, 2, 44, 1189 MHz, 33.90 W, 0 %, 7869 MiB
2026/10/03 00:02:15.817, 0, 38, 1189 MHz, 31.34 W, 0 %, 7853 MiB
2026/10/03 00:02:15.820, 1, 45, 1189 MHz, 32.52 W, 0 %, 7851 MiB
2026/10/03 00:02:15.825, 2, 44, 1189 MHz, 34.14 W, 1 %, 7869 MiB
2026/10/03 00:02:16.828, 0, 38, 1189 MHz, 31.34 W, 0 %, 7853 MiB
2026/10/03 00:02:16.831, 1, 45, 1189 MHz, 32.54 W, 0 %, 7851 MiB
2026/10/03 00:02:16.834, 2, 44, 1189 MHz, 33.90 W, 0 %, 7869 MiB
2026/10/03 00:02:17.837, 0, 38, 1189 MHz, 31.34 W, 0 %, 7853 MiB
2026/10/03 00:02:17.840, 1, 45, 1189 MHz, 32.99 W, 0 %, 7851 MiB
2026/10/03 00:02:17.843, 2, 44, 1189 MHz, 34.14 W, 0 %, 7869 MiB
2026/10/03 00:02:18.846, 0, 38, 1189 MHz, 31.34 W, 0 %, 7853 MiB
2026/10/03 00:02:18.849, 1, 45, 1189 MHz, 32.53 W, 0 %, 7851 MiB
2026/10/03 00:02:18.852, 2, 44, 1189 MHz, 33.90 W, 0 %, 7869 MiB
2026/10/03 00:02:19.855, 0, 38, 1189 MHz, 31.34 W, 0 %, 7853 MiB
2026/10/03 00:02:19.858, 1, 45, 1189 MHz, 32.28 W, 0 %, 7851 MiB
2026/10/03 00:02:19.863, 2, 44, 1189 MHz, 34.14 W, 0 %, 7869 MiB
2026/10/03 00:02:20.866, 0, 38, 1189 MHz, 31.34 W, 1 %, 7853 MiB
2026/10/03 00:02:20.869, 1, 46, 1189 MHz, 32.30 W, 1 %, 7851 MiB
2026/10/03 00:02:20.872, 2, 44, 1189 MHz, 34.14 W, 0 %, 7869 MiB
2026/10/03 00:02:21.875, 0, 38, 1189 MHz, 31.34 W, 0 %, 7853 MiB
2026/10/03 00:02:21.879, 1, 45, 1189 MHz, 32.30 W, 0 %, 7851 MiB
2026/10/03 00:02:21.883, 2, 44, 1189 MHz, 34.14 W, 0 %, 7869 MiB
2026/10/03 00:02:22.887, 0, 38, 1189 MHz, 31.34 W, 1 %, 7853 MiB
2026/10/03 00:02:22.890, 1, 45, 1189 MHz, 32.52 W, 3 %, 7851 MiB
2026/10/03 00:02:22.893, 2, 44, 1189 MHz, 34.14 W, 4 %, 7869 MiB
2026/10/03 00:02:23.896, 0, 38, 1189 MHz, 31.34 W, 0 %, 7853 MiB
2026/10/03 00:02:23.899, 1, 46, 1189 MHz, 32.75 W, 0 %, 7851 MiB
2026/10/03 00:02:23.905, 2, 44, 1189 MHz, 34.14 W, 0 %, 7869 MiB
2026/10/03 00:02:24.912, 0, 38, 1189 MHz, 31.34 W, 0 %, 7853 MiB
2026/10/03 00:02:24.915, 1, 46, 1189 MHz, 32.75 W, 0 %, 7851 MiB
2026/10/03 00:02:24.920, 2, 44, 1189 MHz, 33.90 W, 0 %, 7869 MiB
2026/10/03 00:02:25.923, 0, 38, 1189 MHz, 31.34 W, 1 %, 7853 MiB
2026/10/03 00:02:25.926, 1, 46, 1189 MHz, 32.99 W, 0 %, 7851 MiB
2026/10/03 00:02:25.929, 2, 44, 1189 MHz, 33.90 W, 0 %, 7869 MiB
2026/10/03 00:02:26.933, 0, 38, 1189 MHz, 31.34 W, 0 %, 7853 MiB
2026/10/03 00:02:26.936, 1, 46, 1189 MHz, 33.01 W, 0 %, 7851 MiB
2026/10/03 00:02:26.939, 2, 44, 1189 MHz, 33.90 W, 0 %, 7869 MiB
2026/10/03 00:02:27.942, 0, 38, 1189 MHz, 31.34 W, 0 %, 7853 MiB
2026/10/03 00:02:27.945, 1, 45, 1189 MHz, 32.99 W, 0 %, 7851 MiB
2026/10/03 00:02:27.948, 2, 44, 1189 MHz, 33.90 W, 0 %, 7869 MiB
2026/10/03 00:02:28.951, 0, 38, 1189 MHz, 31.34 W, 0 %, 7853 MiB
2026/10/03 00:02:28.955, 1, 45, 1189 MHz, 32.99 W, 2 %, 7851 MiB
2026/10/03 00:02:28.958, 2, 44, 1189 MHz, 33.90 W, 0 %, 7869 MiB
2026/10/03 00:02:29.961, 0, 38, 1189 MHz, 31.34 W, 0 %, 7853 MiB
2026/10/03 00:02:29.964, 1, 45, 1189 MHz, 32.99 W, 0 %, 7851 MiB
2026/10/03 00:02:29.967, 2, 44, 1189 MHz, 33.90 W, 0 %, 7869 MiB
2026/10/03 00:02:30.970, 0, 38, 1189 MHz, 31.34 W, 1 %, 7853 MiB
2026/10/03 00:02:30.973, 1, 45, 1189 MHz, 32.99 W, 0 %, 7851 MiB
2026/10/03 00:02:30.977, 2, 44, 1189 MHz, 34.14 W, 1 %, 7869 MiB
2026/10/03 00:02:31.980, 0, 38, 1189 MHz, 31.34 W, 0 %, 7853 MiB
2026/10/03 00:02:31.985, 1, 45, 1189 MHz, 32.75 W, 3 %, 7851 MiB
2026/10/03 00:02:31.989, 2, 44, 1189 MHz, 34.14 W, 0 %, 7869 MiB
2026/10/03 00:02:32.992, 0, 38, 1189 MHz, 31.34 W, 0 %, 7853 MiB
2026/10/03 00:02:32.995, 1, 45, 1189 MHz, 32.52 W, 0 %, 7851 MiB
2026/10/03 00:02:32.998, 2, 44, 1189 MHz, 33.90 W, 0 %, 7869 MiB
2026/10/03 00:02:34.001, 0, 38, 1189 MHz, 31.34 W, 1 %, 7853 MiB
2026/10/03 00:02:34.005, 1, 45, 1189 MHz, 32.52 W, 0 %, 7851 MiB
2026/10/03 00:02:34.008, 2, 44, 1189 MHz, 33.90 W, 0 %, 7869 MiB
2026/10/03 00:02:35.011, 0, 38, 1189 MHz, 31.34 W, 0 %, 7853 MiB
2026/10/03 00:02:35.014, 1, 45, 1189 MHz, 32.75 W, 0 %, 7851 MiB
2026/10/03 00:02:35.017, 2, 44, 1189 MHz, 34.14 W, 0 %, 7869 MiB
2026/10/03 00:02:36.021, 0, 38, 1189 MHz, 31.34 W, 3 %, 7853 MiB
2026/10/03 00:02:36.024, 1, 45, 1189 MHz, 32.75 W, 0 %, 7851 MiB
2026/10/03 00:02:36.027, 2, 44, 1189 MHz, 33.90 W, 3 %, 7869 MiB
2026/10/03 00:02:37.030, 0, 38, 1189 MHz, 31.34 W, 0 %, 7853 MiB
2026/10/03 00:02:37.033, 1, 46, 1189 MHz, 32.99 W, 1 %, 7851 MiB
2026/10/03 00:02:37.036, 2, 44, 1189 MHz, 33.90 W, 0 %, 7869 MiB
2026/10/03 00:02:38.039, 0, 38, 1189 MHz, 31.34 W, 0 %, 7853 MiB
2026/10/03 00:02:38.042, 1, 45, 1189 MHz, 32.53 W, 0 %, 7851 MiB
2026/10/03 00:02:38.045, 2, 44, 1189 MHz, 33.90 W, 0 %, 7869 MiB
2026/10/03 00:02:39.048, 0, 38, 1189 MHz, 31.34 W, 0 %, 7853 MiB
2026/10/03 00:02:39.052, 1, 45, 1189 MHz, 32.53 W, 0 %, 7851 MiB
2026/10/03 00:02:39.055, 2, 44, 1189 MHz, 33.90 W, 0 %, 7869 MiB
2026/10/03 00:02:40.058, 0, 38, 1189 MHz, 31.34 W, 1 %, 7853 MiB
2026/10/03 00:02:40.061, 1, 45, 1189 MHz, 32.75 W, 0 %, 7851 MiB
2026/10/03 00:02:40.064, 2, 44, 1189 MHz, 33.90 W, 0 %, 7869 MiB
2026/10/03 00:02:41.067, 0, 38, 1189 MHz, 31.34 W, 3 %, 7853 MiB
2026/10/03 00:02:41.070, 1, 45, 1189 MHz, 32.52 W, 1 %, 7851 MiB
2026/10/03 00:02:41.077, 2, 44, 1189 MHz, 33.90 W, 3 %, 7869 MiB
2026/10/03 00:02:42.080, 0, 38, 1189 MHz, 31.34 W, 0 %, 7853 MiB
2026/10/03 00:02:42.083, 1, 45, 1189 MHz, 32.52 W, 0 %, 7851 MiB
2026/10/03 00:02:42.086, 2, 44, 1189 MHz, 34.14 W, 0 %, 7869 MiB
2026/10/03 00:02:43.089, 0, 38, 1189 MHz, 31.34 W, 0 %, 7853 MiB
2026/10/03 00:02:43.092, 1, 45, 1189 MHz, 32.30 W, 0 %, 7851 MiB
2026/10/03 00:02:43.096, 2, 44, 1189 MHz, 33.90 W, 0 %, 7869 MiB
2026/10/03 00:02:44.099, 0, 38, 1189 MHz, 31.34 W, 0 %, 7853 MiB
2026/10/03 00:02:44.102, 1, 45, 1189 MHz, 32.28 W, 0 %, 7851 MiB
2026/10/03 00:02:44.105, 2, 44, 1189 MHz, 33.90 W, 3 %, 7869 MiB
2026/10/03 00:02:45.109, 0, 38, 1189 MHz, 31.34 W, 0 %, 7853 MiB
2026/10/03 00:02:45.112, 1, 45, 1189 MHz, 32.30 W, 2 %, 7851 MiB
2026/10/03 00:02:45.115, 2, 44, 1189 MHz, 33.90 W, 0 %, 7869 MiB
2026/10/03 00:02:46.118, 0, 38, 1189 MHz, 31.34 W, 0 %, 7853 MiB
2026/10/03 00:02:46.122, 1, 45, 1189 MHz, 32.75 W, 0 %, 7851 MiB
2026/10/03 00:02:46.125, 2, 44, 1189 MHz, 33.90 W, 0 %, 7869 MiB
2026/10/03 00:02:47.128, 0, 38, 1189 MHz, 31.34 W, 0 %, 7853 MiB
2026/10/03 00:02:47.131, 1, 45, 1189 MHz, 32.75 W, 0 %, 7851 MiB
2026/10/03 00:02:47.134, 2, 44, 1189 MHz, 33.90 W, 0 %, 7869 MiB
2026/10/03 00:02:48.138, 0, 38, 1189 MHz, 31.34 W, 0 %, 7853 MiB
2026/10/03 00:02:48.141, 1, 45, 1189 MHz, 32.75 W, 0 %, 7851 MiB
2026/10/03 00:02:48.144, 2, 44, 1189 MHz, 33.90 W, 0 %, 7869 MiB
2026/10/03 00:02:49.147, 0, 38, 1189 MHz, 31.10 W, 0 %, 7853 MiB
2026/10/03 00:02:49.150, 1, 45, 1189 MHz, 32.76 W, 0 %, 7851 MiB
2026/10/03 00:02:49.153, 2, 44, 1189 MHz, 33.90 W, 0 %, 7869 MiB
2026/10/03 00:02:50.156, 0, 38, 1189 MHz, 31.36 W, 3 %, 7853 MiB
2026/10/03 00:02:50.159, 1, 45, 1189 MHz, 32.99 W, 2 %, 7851 MiB
2026/10/03 00:02:50.162, 2, 44, 1189 MHz, 33.67 W, 0 %, 7869 MiB
2026/10/03 00:02:51.165, 0, 38, 1189 MHz, 31.34 W, 0 %, 7853 MiB
2026/10/03 00:02:51.168, 1, 45, 1189 MHz, 32.75 W, 0 %, 7851 MiB
2026/10/03 00:02:51.171, 2, 44, 1189 MHz, 33.90 W, 1 %, 7869 MiB
2026/10/03 00:02:52.175, 0, 38, 1189 MHz, 31.34 W, 0 %, 7853 MiB
2026/10/03 00:02:52.179, 1, 45, 1189 MHz, 32.75 W, 1 %, 7851 MiB
2026/10/03 00:02:52.182, 2, 44, 1189 MHz, 33.90 W, 0 %, 7869 MiB
2026/10/03 00:02:53.185, 0, 38, 1189 MHz, 31.34 W, 2 %, 7853 MiB
2026/10/03 00:02:53.188, 1, 45, 1189 MHz, 33.01 W, 3 %, 7851 MiB
2026/10/03 00:02:53.192, 2, 44, 1189 MHz, 34.14 W, 0 %, 7869 MiB
2026/10/03 00:02:54.195, 0, 38, 1189 MHz, 31.34 W, 1 %, 7853 MiB
2026/10/03 00:02:54.198, 1, 45, 1189 MHz, 32.99 W, 1 %, 7851 MiB
2026/10/03 00:02:54.201, 2, 44, 1189 MHz, 33.90 W, 1 %, 7869 MiB
2026/10/03 00:02:55.204, 0, 38, 1189 MHz, 31.36 W, 0 %, 7853 MiB
2026/10/03 00:02:55.209, 1, 45, 1189 MHz, 32.77 W, 0 %, 7851 MiB
2026/10/03 00:02:55.212, 2, 44, 1189 MHz, 33.90 W, 0 %, 7869 MiB
2026/10/03 00:02:56.215, 0, 38, 1189 MHz, 31.34 W, 1 %, 7853 MiB
2026/10/03 00:02:56.218, 1, 45, 1189 MHz, 32.77 W, 0 %, 7851 MiB
2026/10/03 00:02:56.221, 2, 44, 1189 MHz, 33.90 W, 1 %, 7869 MiB
2026/10/03 00:02:57.226, 0, 38, 1189 MHz, 31.34 W, 0 %, 7853 MiB
2026/10/03 00:02:57.230, 1, 45, 1189 MHz, 32.75 W, 1 %, 7851 MiB
2026/10/03 00:02:57.233, 2, 44, 1189 MHz, 33.90 W, 0 %, 7869 MiB
2026/10/03 00:02:58.236, 0, 38, 1189 MHz, 31.36 W, 0 %, 7853 MiB
2026/10/03 00:02:58.239, 1, 45, 1189 MHz, 32.54 W, 0 %, 7851 MiB
2026/10/03 00:02:58.242, 2, 44, 1189 MHz, 33.90 W, 0 %, 7869 MiB
2026/10/03 00:02:59.246, 0, 37, 1189 MHz, 31.34 W, 0 %, 7853 MiB
2026/10/03 00:02:59.249, 1, 45, 1189 MHz, 32.75 W, 0 %, 7851 MiB
2026/10/03 00:02:59.252, 2, 44, 1189 MHz, 33.90 W, 0 %, 7869 MiB
2026/10/03 00:03:00.255, 0, 38, 1189 MHz, 31.34 W, 1 %, 7853 MiB
2026/10/03 00:03:00.259, 1, 45, 1189 MHz, 32.77 W, 0 %, 7851 MiB
2026/10/03 00:03:00.262, 2, 44, 1189 MHz, 33.90 W, 0 %, 7869 MiB
2026/10/03 00:03:01.265, 0, 37, 1189 MHz, 31.34 W, 0 %, 7853 MiB
2026/10/03 00:03:01.268, 1, 45, 1189 MHz, 32.77 W, 0 %, 7851 MiB
2026/10/03 00:03:01.271, 2, 44, 1189 MHz, 33.90 W, 1 %, 7869 MiB
2026/10/03 00:03:02.274, 0, 38, 1189 MHz, 31.34 W, 0 %, 7853 MiB
2026/10/03 00:03:02.278, 1, 45, 1189 MHz, 32.30 W, 0 %, 7851 MiB
2026/10/03 00:03:02.281, 2, 44, 1189 MHz, 33.67 W, 0 %, 7869 MiB
2026/10/03 00:03:03.284, 0, 38, 1189 MHz, 31.34 W, 0 %, 7853 MiB
2026/10/03 00:03:03.287, 1, 45, 1189 MHz, 32.97 W, 0 %, 7851 MiB
2026/10/03 00:03:03.290, 2, 44, 1189 MHz, 33.88 W, 0 %, 7869 MiB
2026/10/03 00:03:04.293, 0, 38, 1189 MHz, 31.34 W, 1 %, 7853 MiB
2026/10/03 00:03:04.296, 1, 45, 1189 MHz, 32.75 W, 1 %, 7851 MiB
2026/10/03 00:03:04.299, 2, 44, 1189 MHz, 33.90 W, 0 %, 7869 MiB
2026/10/03 00:03:05.302, 0, 38, 1189 MHz, 31.10 W, 0 %, 7853 MiB
2026/10/03 00:03:05.305, 1, 45, 1189 MHz, 32.76 W, 0 %, 7851 MiB
2026/10/03 00:03:05.310, 2, 44, 1189 MHz, 33.90 W, 0 %, 7869 MiB
2026/10/03 00:03:06.313, 0, 38, 1189 MHz, 31.34 W, 0 %, 7853 MiB
2026/10/03 00:03:06.316, 1, 45, 1189 MHz, 32.99 W, 0 %, 7851 MiB
2026/10/03 00:03:06.319, 2, 44, 1189 MHz, 33.90 W, 0 %, 7869 MiB
2026/10/03 00:03:07.322, 0, 38, 1189 MHz, 31.34 W, 0 %, 7853 MiB
2026/10/03 00:03:07.325, 1, 45, 1189 MHz, 33.01 W, 0 %, 7851 MiB
2026/10/03 00:03:07.329, 2, 44, 1189 MHz, 33.90 W, 0 %, 7869 MiB
2026/10/03 00:03:08.332, 0, 38, 1189 MHz, 31.34 W, 0 %, 7853 MiB
2026/10/03 00:03:08.335, 1, 45, 1189 MHz, 32.75 W, 2 %, 7851 MiB
2026/10/03 00:03:08.338, 2, 44, 1189 MHz, 33.90 W, 0 %, 7869 MiB
2026/10/03 00:03:09.341, 0, 38, 1189 MHz, 31.34 W, 0 %, 7853 MiB
2026/10/03 00:03:09.344, 1, 45, 1189 MHz, 32.78 W, 0 %, 7851 MiB
2026/10/03 00:03:09.347, 2, 44, 1189 MHz, 33.90 W, 0 %, 7869 MiB
2026/10/03 00:03:10.351, 0, 38, 1189 MHz, 31.34 W, 0 %, 7853 MiB
2026/10/03 00:03:10.354, 1, 45, 1189 MHz, 32.75 W, 0 %, 7851 MiB
2026/10/03 00:03:10.357, 2, 44, 1189 MHz, 33.90 W, 0 %, 7869 MiB
2026/10/03 00:03:11.360, 0, 38, 1189 MHz, 31.34 W, 0 %, 7853 MiB
2026/10/03 00:03:11.363, 1, 45, 1189 MHz, 32.75 W, 0 %, 7851 MiB
2026/10/03 00:03:11.366, 2, 44, 1189 MHz, 33.90 W, 0 %, 7869 MiB
2026/10/03 00:03:12.369, 0, 38, 1189 MHz, 31.34 W, 0 %, 7853 MiB
2026/10/03 00:03:12.372, 1, 45, 1189 MHz, 32.75 W, 3 %, 7851 MiB
2026/10/03 00:03:12.375, 2, 44, 1189 MHz, 33.90 W, 4 %, 7869 MiB
2026/10/03 00:03:13.378, 0, 38, 1189 MHz, 31.34 W, 1 %, 7853 MiB
2026/10/03 00:03:13.382, 1, 45, 1189 MHz, 32.99 W, 0 %, 7851 MiB
2026/10/03 00:03:13.385, 2, 44, 1189 MHz, 33.90 W, 0 %, 7869 MiB
2026/10/03 00:03:14.388, 0, 38, 1189 MHz, 31.34 W, 0 %, 7929 MiB
2026/10/03 00:03:14.391, 1, 45, 1189 MHz, 32.99 W, 0 %, 7927 MiB
2026/10/03 00:03:14.394, 2, 44, 1189 MHz, 33.90 W, 0 %, 7945 MiB
2026/10/03 00:03:15.397, 0, 38, 1189 MHz, 31.34 W, 0 %, 7929 MiB
2026/10/03 00:03:15.401, 1, 45, 1189 MHz, 32.30 W, 0 %, 7927 MiB
2026/10/03 00:03:15.404, 2, 44, 1189 MHz, 33.90 W, 0 %, 7945 MiB
2026/10/03 00:03:16.410, 0, 38, 1189 MHz, 31.34 W, 0 %, 10099 MiB
2026/10/03 00:03:16.413, 1, 45, 1189 MHz, 32.28 W, 0 %, 10097 MiB
2026/10/03 00:03:16.416, 2, 44, 1189 MHz, 33.90 W, 0 %, 10117 MiB
2026/10/03 00:03:17.419, 0, 38, 1189 MHz, 31.34 W, 0 %, 10099 MiB
2026/10/03 00:03:17.423, 1, 45, 1189 MHz, 32.30 W, 0 %, 10097 MiB
2026/10/03 00:03:17.426, 2, 44, 1189 MHz, 33.90 W, 0 %, 10117 MiB
2026/10/03 00:03:18.429, 0, 37, 1189 MHz, 31.34 W, 0 %, 10099 MiB
2026/10/03 00:03:18.432, 1, 45, 1189 MHz, 32.30 W, 0 %, 10097 MiB
2026/10/03 00:03:18.435, 2, 44, 1189 MHz, 33.90 W, 0 %, 10117 MiB
2026/10/03 00:03:19.438, 0, 38, 1189 MHz, 31.34 W, 0 %, 10099 MiB
2026/10/03 00:03:19.441, 1, 45, 1189 MHz, 32.28 W, 0 %, 10097 MiB
2026/10/03 00:03:19.444, 2, 44, 1189 MHz, 33.90 W, 0 %, 10117 MiB
2026/10/03 00:03:20.448, 0, 38, 1189 MHz, 31.34 W, 0 %, 10213 MiB
2026/10/03 00:03:20.452, 1, 45, 1189 MHz, 32.28 W, 4 %, 10177 MiB
2026/10/03 00:03:20.456, 2, 44, 1189 MHz, 33.90 W, 0 %, 10197 MiB
2026/10/03 00:03:21.459, 0, 39, 1215 MHz, 94.29 W, 84 %, 10371 MiB
2026/10/03 00:03:21.473, 1, 47, 1265 MHz, 97.23 W, 43 %, 10317 MiB
2026/10/03 00:03:21.476, 2, 45, 1189 MHz, 127.54 W, 49 %, 10337 MiB
2026/10/03 00:03:22.496, 0, 40, 1189 MHz, 44.95 W, 95 %, 10373 MiB
2026/10/03 00:03:22.502, 1, 47, 1240 MHz, 102.93 W, 42 %, 10371 MiB
2026/10/03 00:03:22.507, 2, 46, 1189 MHz, 76.99 W, 48 %, 10391 MiB
2026/10/03 00:03:23.516, 0, 40, 1202 MHz, 127.46 W, 96 %, 10373 MiB
2026/10/03 00:03:23.522, 1, 48, 1189 MHz, 46.91 W, 48 %, 10371 MiB
2026/10/03 00:03:23.529, 2, 46, 1202 MHz, 66.51 W, 40 %, 10391 MiB
2026/10/03 00:03:24.536, 0, 40, 1303 MHz, 40.95 W, 94 %, 10373 MiB
2026/10/03 00:03:24.542, 1, 47, 1215 MHz, 136.93 W, 43 %, 10371 MiB
2026/10/03 00:03:24.552, 2, 46, 1189 MHz, 118.59 W, 40 %, 10391 MiB
2026/10/03 00:03:25.560, 0, 40, 1240 MHz, 54.86 W, 92 %, 10373 MiB
2026/10/03 00:03:25.564, 1, 48, 1202 MHz, 70.97 W, 41 %, 10371 MiB
2026/10/03 00:03:25.567, 2, 46, 1240 MHz, 45.12 W, 51 %, 10391 MiB
2026/10/03 00:03:26.570, 0, 40, 1290 MHz, 82.72 W, 91 %, 10373 MiB
2026/10/03 00:03:26.574, 1, 48, 1265 MHz, 49.02 W, 45 %, 10371 MiB
2026/10/03 00:03:26.577, 2, 47, 1202 MHz, 57.38 W, 44 %, 10391 MiB
2026/10/03 00:03:27.582, 0, 41, 1189 MHz, 95.40 W, 95 %, 10373 MiB
2026/10/03 00:03:27.586, 1, 48, 1240 MHz, 109.07 W, 48 %, 10371 MiB
2026/10/03 00:03:27.589, 2, 47, 1189 MHz, 87.43 W, 41 %, 10391 MiB
2026/10/03 00:03:28.593, 0, 41, 1202 MHz, 43.08 W, 92 %, 10449 MiB
2026/10/03 00:03:28.596, 1, 48, 1202 MHz, 47.76 W, 43 %, 10393 MiB
2026/10/03 00:03:28.601, 2, 47, 1316 MHz, 106.41 W, 49 %, 10571 MiB
2026/10/03 00:03:29.608, 0, 41, 1240 MHz, 47.08 W, 94 %, 10553 MiB
2026/10/03 00:03:29.613, 1, 48, 1189 MHz, 99.56 W, 49 %, 10551 MiB
2026/10/03 00:03:29.616, 2, 47, 1189 MHz, 66.75 W, 43 %, 10571 MiB
2026/10/03 00:03:30.623, 0, 41, 1202 MHz, 136.61 W, 97 %, 10553 MiB
2026/10/03 00:03:30.638, 1, 49, 1151 MHz, 52.09 W, 49 %, 10551 MiB
2026/10/03 00:03:30.647, 2, 47, 1164 MHz, 70.71 W, 47 %, 10571 MiB
2026/10/03 00:03:31.650, 0, 41, 1202 MHz, 84.72 W, 81 %, 10553 MiB
2026/10/03 00:03:31.658, 1, 49, 1252 MHz, 131.55 W, 42 %, 10551 MiB
2026/10/03 00:03:31.661, 2, 48, 1227 MHz, 127.15 W, 47 %, 10571 MiB
2026/10/03 00:03:32.668, 0, 41, 1189 MHz, 50.59 W, 90 %, 10553 MiB
2026/10/03 00:03:32.672, 1, 49, 1316 MHz, 116.78 W, 44 %, 10551 MiB
2026/10/03 00:03:32.676, 2, 48, 1240 MHz, 42.04 W, 43 %, 10571 MiB
2026/10/03 00:03:33.681, 0, 41, 1202 MHz, 76.90 W, 94 %, 10553 MiB
2026/10/03 00:03:33.684, 1, 49, 1189 MHz, 122.10 W, 48 %, 10551 MiB
2026/10/03 00:03:33.687, 2, 48, 1189 MHz, 97.97 W, 50 %, 10571 MiB
2026/10/03 00:03:34.693, 0, 42, 1202 MHz, 69.47 W, 96 %, 10553 MiB
2026/10/03 00:03:34.702, 1, 49, 1278 MHz, 71.40 W, 40 %, 10551 MiB
2026/10/03 00:03:34.705, 2, 48, 1240 MHz, 54.27 W, 43 %, 10571 MiB
2026/10/03 00:03:35.708, 0, 41, 1202 MHz, 104.18 W, 83 %, 10553 MiB
2026/10/03 00:03:35.712, 1, 50, 1265 MHz, 51.62 W, 40 %, 10551 MiB
2026/10/03 00:03:35.722, 2, 48, 1252 MHz, 61.60 W, 54 %, 10571 MiB
2026/10/03 00:03:36.727, 0, 42, 1303 MHz, 47.99 W, 89 %, 10553 MiB
2026/10/03 00:03:36.730, 1, 49, 1189 MHz, 99.31 W, 50 %, 10551 MiB
2026/10/03 00:03:36.733, 2, 48, 1316 MHz, 48.07 W, 44 %, 10571 MiB
2026/10/03 00:03:37.741, 0, 42, 1202 MHz, 85.56 W, 93 %, 10553 MiB
2026/10/03 00:03:37.747, 1, 50, 1215 MHz, 64.42 W, 45 %, 10551 MiB
2026/10/03 00:03:37.750, 2, 48, 1252 MHz, 81.92 W, 48 %, 10571 MiB
2026/10/03 00:03:38.754, 0, 42, 1290 MHz, 79.76 W, 94 %, 10553 MiB
2026/10/03 00:03:38.757, 1, 50, 1215 MHz, 43.85 W, 41 %, 10551 MiB
2026/10/03 00:03:38.763, 2, 49, 1189 MHz, 55.42 W, 42 %, 10571 MiB
2026/10/03 00:03:39.766, 0, 42, 1240 MHz, 41.63 W, 92 %, 10553 MiB
2026/10/03 00:03:39.774, 1, 50, 1202 MHz, 130.33 W, 49 %, 10551 MiB
2026/10/03 00:03:39.777, 2, 49, 1290 MHz, 96.94 W, 43 %, 10571 MiB
2026/10/03 00:03:40.784, 0, 43, 1202 MHz, 88.38 W, 98 %, 10553 MiB
2026/10/03 00:03:40.787, 1, 50, 1189 MHz, 56.90 W, 44 %, 10551 MiB
2026/10/03 00:03:40.790, 2, 48, 1189 MHz, 105.17 W, 44 %, 10571 MiB
2026/10/03 00:03:41.794, 0, 43, 1278 MHz, 89.55 W, 81 %, 10553 MiB
2026/10/03 00:03:41.800, 1, 50, 1202 MHz, 41.74 W, 40 %, 10551 MiB
2026/10/03 00:03:41.808, 2, 49, 1202 MHz, 56.15 W, 53 %, 10571 MiB
2026/10/03 00:03:42.811, 0, 43, 1290 MHz, 161.04 W, 90 %, 10553 MiB
2026/10/03 00:03:42.814, 1, 50, 1177 MHz, 60.98 W, 54 %, 10551 MiB
2026/10/03 00:03:42.817, 2, 49, 1202 MHz, 110.91 W, 45 %, 10571 MiB
2026/10/03 00:03:43.820, 0, 43, 1215 MHz, 76.37 W, 91 %, 10553 MiB
2026/10/03 00:03:43.826, 1, 51, 1189 MHz, 44.29 W, 41 %, 10551 MiB
2026/10/03 00:03:43.832, 2, 49, 1202 MHz, 54.78 W, 43 %, 10571 MiB
2026/10/03 00:03:44.835, 0, 43, 1177 MHz, 67.86 W, 91 %, 10553 MiB
2026/10/03 00:03:44.838, 1, 50, 1189 MHz, 53.88 W, 48 %, 10551 MiB
2026/10/03 00:03:44.841, 2, 50, 1252 MHz, 54.50 W, 43 %, 10571 MiB
2026/10/03 00:03:45.845, 0, 43, 1189 MHz, 48.50 W, 95 %, 10553 MiB
2026/10/03 00:03:45.851, 1, 51, 1189 MHz, 105.81 W, 42 %, 10551 MiB
2026/10/03 00:03:45.854, 2, 49, 1278 MHz, 46.27 W, 43 %, 10571 MiB
2026/10/03 00:03:46.859, 0, 43, 1202 MHz, 49.92 W, 95 %, 10553 MiB
2026/10/03 00:03:46.862, 1, 51, 1189 MHz, 90.69 W, 48 %, 10551 MiB
2026/10/03 00:03:46.865, 2, 49, 1189 MHz, 45.59 W, 44 %, 10571 MiB
2026/10/03 00:03:47.869, 0, 43, 1189 MHz, 88.06 W, 85 %, 10553 MiB
2026/10/03 00:03:47.872, 1, 50, 1202 MHz, 117.93 W, 48 %, 10551 MiB
2026/10/03 00:03:47.883, 2, 49, 1189 MHz, 125.93 W, 59 %, 10571 MiB
2026/10/03 00:03:48.888, 0, 43, 1240 MHz, 60.77 W, 93 %, 10553 MiB
2026/10/03 00:03:48.892, 1, 51, 1303 MHz, 46.37 W, 43 %, 10551 MiB
2026/10/03 00:03:48.898, 2, 49, 1189 MHz, 44.39 W, 43 %, 10571 MiB
2026/10/03 00:03:49.903, 0, 44, 1189 MHz, 47.08 W, 94 %, 10553 MiB
2026/10/03 00:03:49.910, 1, 51, 1265 MHz, 115.69 W, 46 %, 10551 MiB
2026/10/03 00:03:49.917, 2, 50, 1189 MHz, 78.15 W, 48 %, 10571 MiB
2026/10/03 00:03:50.928, 0, 44, 1151 MHz, 89.14 W, 92 %, 10553 MiB
2026/10/03 00:03:50.931, 1, 52, 1215 MHz, 47.39 W, 45 %, 10551 MiB
2026/10/03 00:03:50.934, 2, 50, 1202 MHz, 66.28 W, 43 %, 10571 MiB
2026/10/03 00:03:51.937, 0, 44, 1189 MHz, 86.07 W, 91 %, 10553 MiB
2026/10/03 00:03:51.947, 1, 52, 1151 MHz, 74.61 W, 48 %, 10551 MiB
2026/10/03 00:03:51.950, 2, 50, 1240 MHz, 60.21 W, 49 %, 10571 MiB
2026/10/03 00:03:52.954, 0, 44, 1189 MHz, 122.13 W, 96 %, 10553 MiB
2026/10/03 00:03:52.957, 1, 52, 1278 MHz, 54.69 W, 44 %, 10551 MiB
2026/10/03 00:03:52.960, 2, 50, 1189 MHz, 91.44 W, 42 %, 10571 MiB
2026/10/03 00:03:53.964, 0, 44, 1252 MHz, 49.51 W, 77 %, 10553 MiB
2026/10/03 00:03:53.975, 1, 51, 1189 MHz, 80.02 W, 40 %, 10551 MiB
2026/10/03 00:03:53.978, 2, 50, 1316 MHz, 46.04 W, 53 %, 10571 MiB
2026/10/03 00:03:54.982, 0, 44, 1265 MHz, 46.84 W, 89 %, 10553 MiB
2026/10/03 00:03:54.986, 1, 51, 1303 MHz, 109.51 W, 56 %, 10551 MiB
2026/10/03 00:03:54.990, 2, 50, 1240 MHz, 58.33 W, 49 %, 10571 MiB
2026/10/03 00:03:55.998, 0, 44, 1303 MHz, 43.29 W, 91 %, 10553 MiB
2026/10/03 00:03:56.005, 1, 52, 1240 MHz, 136.93 W, 47 %, 10551 MiB
2026/10/03 00:03:56.015, 2, 50, 1303 MHz, 138.18 W, 44 %, 10571 MiB
2026/10/03 00:03:57.021, 0, 44, 1189 MHz, 97.12 W, 93 %, 10553 MiB
2026/10/03 00:03:57.024, 1, 52, 1215 MHz, 59.30 W, 43 %, 10551 MiB
2026/10/03 00:03:57.027, 2, 50, 1252 MHz, 91.10 W, 49 %, 10571 MiB
2026/10/03 00:03:58.030, 0, 45, 1316 MHz, 60.44 W, 94 %, 10553 MiB
2026/10/03 00:03:58.034, 1, 52, 1189 MHz, 96.25 W, 46 %, 10551 MiB
2026/10/03 00:03:58.039, 2, 51, 1278 MHz, 48.54 W, 46 %, 10571 MiB
2026/10/03 00:03:59.045, 0, 45, 1177 MHz, 134.86 W, 92 %, 10553 MiB
2026/10/03 00:03:59.049, 1, 52, 1202 MHz, 40.70 W, 44 %, 10551 MiB
2026/10/03 00:03:59.056, 2, 51, 1202 MHz, 53.55 W, 48 %, 10571 MiB
2026/10/03 00:04:00.059, 0, 45, 1240 MHz, 147.15 W, 86 %, 10553 MiB
2026/10/03 00:04:00.065, 1, 52, 1151 MHz, 62.74 W, 49 %, 10551 MiB
2026/10/03 00:04:00.068, 2, 51, 1164 MHz, 102.46 W, 56 %, 10571 MiB
2026/10/03 00:04:01.075, 0, 45, 1290 MHz, 65.22 W, 93 %, 10553 MiB
2026/10/03 00:04:01.079, 1, 52, 1189 MHz, 44.32 W, 44 %, 10551 MiB
2026/10/03 00:04:01.082, 2, 51, 1202 MHz, 54.82 W, 46 %, 10571 MiB
2026/10/03 00:04:02.091, 0, 45, 1227 MHz, 137.67 W, 96 %, 10553 MiB
2026/10/03 00:04:02.095, 1, 52, 1189 MHz, 59.60 W, 36 %, 10551 MiB
2026/10/03 00:04:02.103, 2, 51, 1189 MHz, 104.33 W, 35 %, 10571 MiB
2026/10/03 00:04:03.106, 0, 45, 1189 MHz, 74.62 W, 78 %, 10553 MiB
2026/10/03 00:04:03.111, 1, 52, 1240 MHz, 43.16 W, 41 %, 10551 MiB
2026/10/03 00:04:03.121, 2, 51, 1290 MHz, 50.96 W, 43 %, 10571 MiB
2026/10/03 00:04:04.125, 0, 45, 1202 MHz, 58.44 W, 93 %, 10553 MiB
2026/10/03 00:04:04.163, 1, 52, 1189 MHz, 41.01 W, 45 %, 10551 MiB
2026/10/03 00:04:04.166, 2, 51, 1189 MHz, 50.81 W, 43 %, 10571 MiB
2026/10/03 00:04:05.170, 0, 45, 1189 MHz, 133.74 W, 92 %, 10553 MiB
2026/10/03 00:04:05.173, 1, 53, 1189 MHz, 52.33 W, 44 %, 10551 MiB
2026/10/03 00:04:05.182, 2, 51, 1189 MHz, 72.12 W, 43 %, 10571 MiB
2026/10/03 00:04:06.185, 0, 45, 1189 MHz, 71.48 W, 91 %, 10553 MiB
2026/10/03 00:04:06.188, 1, 53, 1265 MHz, 42.37 W, 45 %, 10551 MiB
2026/10/03 00:04:06.197, 2, 52, 1139 MHz, 117.76 W, 43 %, 10571 MiB
2026/10/03 00:04:07.202, 0, 45, 1290 MHz, 117.89 W, 93 %, 10553 MiB
2026/10/03 00:04:07.208, 1, 53, 1189 MHz, 84.17 W, 50 %, 10551 MiB
2026/10/03 00:04:07.220, 2, 51, 1278 MHz, 93.27 W, 47 %, 10571 MiB
2026/10/03 00:04:08.231, 0, 46, 1189 MHz, 44.47 W, 95 %, 10553 MiB
2026/10/03 00:04:08.235, 1, 53, 1303 MHz, 111.90 W, 43 %, 10551 MiB
2026/10/03 00:04:08.239, 2, 52, 1252 MHz, 78.81 W, 44 %, 10571 MiB
2026/10/03 00:04:09.244, 0, 45, 1303 MHz, 40.24 W, 75 %, 10553 MiB
2026/10/03 00:04:09.248, 1, 53, 1189 MHz, 125.01 W, 47 %, 10551 MiB
2026/10/03 00:04:09.251, 2, 51, 1265 MHz, 90.52 W, 56 %, 10571 MiB
2026/10/03 00:04:10.257, 0, 46, 1265 MHz, 52.04 W, 88 %, 10553 MiB
2026/10/03 00:04:10.262, 1, 53, 1189 MHz, 79.89 W, 61 %, 10551 MiB
2026/10/03 00:04:10.265, 2, 52, 1240 MHz, 47.25 W, 45 %, 10571 MiB
2026/10/03 00:04:11.270, 0, 46, 1189 MHz, 80.89 W, 91 %, 10553 MiB
2026/10/03 00:04:11.274, 1, 53, 1189 MHz, 42.68 W, 37 %, 10551 MiB
2026/10/03 00:04:11.277, 2, 52, 1202 MHz, 56.24 W, 51 %, 10571 MiB
2026/10/03 00:04:12.282, 0, 46, 1290 MHz, 140.21 W, 92 %, 10553 MiB
2026/10/03 00:04:12.296, 1, 53, 1202 MHz, 50.43 W, 49 %, 10551 MiB
2026/10/03 00:04:12.299, 2, 52, 1252 MHz, 71.88 W, 44 %, 10571 MiB
2026/10/03 00:04:13.304, 0, 46, 1189 MHz, 45.18 W, 93 %, 10553 MiB
2026/10/03 00:04:13.308, 1, 53, 1265 MHz, 117.79 W, 43 %, 10551 MiB
2026/10/03 00:04:13.311, 2, 52, 1278 MHz, 50.68 W, 47 %, 10571 MiB
2026/10/03 00:04:14.316, 0, 46, 1290 MHz, 112.75 W, 92 %, 10553 MiB
2026/10/03 00:04:14.319, 1, 53, 1189 MHz, 134.19 W, 42 %, 10551 MiB
2026/10/03 00:04:14.322, 2, 52, 1227 MHz, 129.30 W, 47 %, 10571 MiB
2026/10/03 00:04:15.330, 0, 46, 1265 MHz, 49.41 W, 94 %, 10553 MiB
2026/10/03 00:04:15.335, 1, 53, 1189 MHz, 111.76 W, 47 %, 10551 MiB
2026/10/03 00:04:15.338, 2, 52, 1252 MHz, 66.92 W, 43 %, 10571 MiB
2026/10/03 00:04:16.341, 0, 46, 1215 MHz, 125.68 W, 96 %, 10553 MiB
2026/10/03 00:04:16.344, 1, 54, 1189 MHz, 134.19 W, 57 %, 10551 MiB
2026/10/03 00:04:16.355, 2, 52, 1189 MHz, 72.52 W, 40 %, 10571 MiB
2026/10/03 00:04:17.365, 0, 46, 1189 MHz, 63.85 W, 92 %, 10553 MiB
2026/10/03 00:04:17.384, 1, 54, 1265 MHz, 149.19 W, 39 %, 10551 MiB
2026/10/03 00:04:17.387, 2, 52, 1240 MHz, 117.68 W, 48 %, 10571 MiB
2026/10/03 00:04:18.395, 0, 46, 1215 MHz, 53.44 W, 96 %, 10553 MiB
2026/10/03 00:04:18.402, 1, 54, 1189 MHz, 80.35 W, 48 %, 10551 MiB
2026/10/03 00:04:18.405, 2, 52, 1189 MHz, 45.83 W, 43 %, 10571 MiB
2026/10/03 00:04:19.409, 0, 46, 1189 MHz, 66.12 W, 91 %, 10553 MiB
2026/10/03 00:04:19.414, 1, 54, 1252 MHz, 44.31 W, 61 %, 10551 MiB
2026/10/03 00:04:19.418, 2, 52, 1189 MHz, 60.89 W, 44 %, 10571 MiB
2026/10/03 00:04:20.421, 0, 47, 1189 MHz, 65.00 W, 86 %, 10553 MiB
2026/10/03 00:04:20.424, 1, 54, 1189 MHz, 70.64 W, 48 %, 10551 MiB
2026/10/03 00:04:20.428, 2, 52, 1227 MHz, 105.35 W, 45 %, 10571 MiB
2026/10/03 00:04:21.436, 0, 46, 1240 MHz, 38.67 W, 90 %, 10553 MiB
2026/10/03 00:04:21.439, 1, 54, 1189 MHz, 39.12 W, 39 %, 10551 MiB
2026/10/03 00:04:21.442, 2, 52, 1189 MHz, 41.67 W, 47 %, 10571 MiB
2026/10/03 00:04:22.446, 0, 47, 1189 MHz, 43.29 W, 94 %, 10553 MiB
2026/10/03 00:04:22.450, 1, 54, 1265 MHz, 121.47 W, 39 %, 10551 MiB
2026/10/03 00:04:22.453, 2, 52, 1189 MHz, 76.94 W, 38 %, 10571 MiB
2026/10/03 00:04:23.461, 0, 47, 1177 MHz, 80.71 W, 90 %, 10553 MiB
2026/10/03 00:04:23.473, 1, 54, 1215 MHz, 46.68 W, 44 %, 10551 MiB
2026/10/03 00:04:23.477, 2, 53, 1177 MHz, 63.25 W, 45 %, 10571 MiB
2026/10/03 00:04:24.484, 0, 46, 1240 MHz, 159.32 W, 89 %, 10553 MiB
2026/10/03 00:04:24.493, 1, 54, 1227 MHz, 64.48 W, 50 %, 10551 MiB
2026/10/03 00:04:24.496, 2, 53, 1316 MHz, 106.56 W, 44 %, 10571 MiB
2026/10/03 00:04:25.506, 0, 47, 1278 MHz, 46.37 W, 93 %, 10553 MiB
2026/10/03 00:04:25.511, 1, 54, 1189 MHz, 117.32 W, 42 %, 10551 MiB
2026/10/03 00:04:25.515, 2, 53, 1290 MHz, 66.22 W, 43 %, 10571 MiB
2026/10/03 00:04:26.518, 0, 47, 1240 MHz, 129.50 W, 94 %, 10553 MiB
2026/10/03 00:04:26.521, 1, 54, 1265 MHz, 44.99 W, 44 %, 10551 MiB
2026/10/03 00:04:26.526, 2, 53, 1189 MHz, 54.58 W, 48 %, 10571 MiB
2026/10/03 00:04:27.529, 0, 47, 1316 MHz, 52.52 W, 86 %, 10553 MiB
2026/10/03 00:04:27.537, 1, 54, 1202 MHz, 98.61 W, 47 %, 10551 MiB
2026/10/03 00:04:27.540, 2, 53, 1189 MHz, 48.07 W, 44 %, 10571 MiB
2026/10/03 00:04:28.543, 0, 47, 1177 MHz, 97.44 W, 91 %, 10553 MiB
2026/10/03 00:04:28.547, 1, 55, 1189 MHz, 45.97 W, 57 %, 10551 MiB
2026/10/03 00:04:28.552, 2, 53, 1240 MHz, 70.52 W, 44 %, 10571 MiB
2026/10/03 00:04:29.555, 0, 47, 1278 MHz, 43.52 W, 88 %, 10553 MiB
2026/10/03 00:04:29.563, 1, 54, 1189 MHz, 126.82 W, 40 %, 10551 MiB
2026/10/03 00:04:29.566, 2, 53, 1189 MHz, 96.78 W, 51 %, 10571 MiB
2026/10/03 00:04:30.572, 0, 47, 1189 MHz, 55.64 W, 94 %, 10553 MiB
2026/10/03 00:04:30.576, 1, 54, 1215 MHz, 41.69 W, 46 %, 10551 MiB
2026/10/03 00:04:30.579, 2, 53, 1189 MHz, 47.22 W, 43 %, 10571 MiB
2026/10/03 00:04:31.584, 0, 47, 1265 MHz, 47.99 W, 96 %, 10553 MiB
2026/10/03 00:04:31.587, 1, 54, 1278 MHz, 125.24 W, 48 %, 10551 MiB
2026/10/03 00:04:31.594, 2, 53, 1189 MHz, 83.89 W, 43 %, 10571 MiB
2026/10/03 00:04:32.597, 0, 47, 1202 MHz, 133.48 W, 93 %, 10553 MiB
2026/10/03 00:04:32.600, 1, 54, 1177 MHz, 64.35 W, 48 %, 10551 MiB
2026/10/03 00:04:32.609, 2, 53, 1265 MHz, 86.44 W, 48 %, 10571 MiB
2026/10/03 00:04:33.616, 0, 47, 1202 MHz, 61.03 W, 89 %, 10553 MiB
2026/10/03 00:04:33.619, 1, 55, 1202 MHz, 136.47 W, 36 %, 10551 MiB
2026/10/03 00:04:33.622, 2, 53, 1290 MHz, 114.00 W, 42 %, 10571 MiB
2026/10/03 00:04:34.625, 0, 47, 1303 MHz, 67.58 W, 91 %, 10553 MiB
2026/10/03 00:04:34.632, 1, 55, 1278 MHz, 48.71 W, 43 %, 10551 MiB
2026/10/03 00:04:34.636, 2, 53, 1189 MHz, 47.22 W, 42 %, 10571 MiB
2026/10/03 00:04:35.642, 0, 48, 1240 MHz, 84.89 W, 91 %, 10553 MiB
2026/10/03 00:04:35.646, 1, 54, 1189 MHz, 74.15 W, 46 %, 10551 MiB
2026/10/03 00:04:35.652, 2, 53, 1189 MHz, 99.88 W, 50 %, 10571 MiB
2026/10/03 00:04:36.657, 0, 48, 1189 MHz, 54.11 W, 91 %, 10553 MiB
2026/10/03 00:04:36.660, 1, 55, 1227 MHz, 92.58 W, 44 %, 10551 MiB
2026/10/03 00:04:36.663, 2, 53, 1189 MHz, 47.69 W, 45 %, 10571 MiB
2026/10/03 00:04:37.669, 0, 48, 1252 MHz, 61.53 W, 96 %, 10553 MiB
2026/10/03 00:04:37.675, 1, 55, 1189 MHz, 132.80 W, 47 %, 10551 MiB
2026/10/03 00:04:37.682, 2, 53, 1202 MHz, 123.25 W, 42 %, 10571 MiB
2026/10/03 00:04:38.689, 0, 48, 1189 MHz, 98.87 W, 95 %, 10553 MiB
2026/10/03 00:04:38.694, 1, 55, 1290 MHz, 56.47 W, 46 %, 10551 MiB
2026/10/03 00:04:38.697, 2, 53, 1303 MHz, 83.93 W, 43 %, 10571 MiB
2026/10/03 00:04:39.705, 0, 48, 1278 MHz, 64.55 W, 87 %, 10553 MiB
2026/10/03 00:04:39.709, 1, 55, 1189 MHz, 77.02 W, 41 %, 10551 MiB
2026/10/03 00:04:39.719, 2, 54, 1189 MHz, 45.36 W, 51 %, 10571 MiB
2026/10/03 00:04:40.724, 0, 47, 1278 MHz, 146.31 W, 92 %, 10553 MiB
2026/10/03 00:04:40.729, 1, 55, 1139 MHz, 63.91 W, 48 %, 10551 MiB
2026/10/03 00:04:40.732, 2, 53, 1303 MHz, 114.89 W, 43 %, 10571 MiB
2026/10/03 00:04:41.741, 0, 48, 1290 MHz, 51.81 W, 92 %, 10553 MiB
2026/10/03 00:04:41.745, 1, 55, 1290 MHz, 96.50 W, 42 %, 10551 MiB
2026/10/03 00:04:41.748, 2, 54, 1227 MHz, 46.98 W, 43 %, 10571 MiB
2026/10/03 00:04:42.751, 0, 48, 1278 MHz, 68.76 W, 93 %, 10553 MiB
2026/10/03 00:04:42.754, 1, 55, 1189 MHz, 71.60 W, 43 %, 10551 MiB
2026/10/03 00:04:42.764, 2, 53, 1189 MHz, 106.49 W, 45 %, 10571 MiB
2026/10/03 00:04:43.767, 0, 48, 1227 MHz, 59.15 W, 83 %, 10553 MiB
2026/10/03 00:04:43.775, 1, 55, 1265 MHz, 42.69 W, 47 %, 10551 MiB
2026/10/03 00:04:43.778, 2, 54, 1227 MHz, 48.74 W, 49 %, 10571 MiB
2026/10/03 00:04:44.782, 0, 48, 1240 MHz, 46.61 W, 96 %, 10553 MiB
2026/10/03 00:04:44.787, 1, 55, 1265 MHz, 82.10 W, 42 %, 10551 MiB
2026/10/03 00:04:44.790, 2, 54, 1252 MHz, 48.60 W, 50 %, 10571 MiB
2026/10/03 00:04:45.795, 0, 48, 1240 MHz, 51.13 W, 81 %, 10553 MiB
2026/10/03 00:04:45.798, 1, 55, 1240 MHz, 110.95 W, 45 %, 10551 MiB
2026/10/03 00:04:45.806, 2, 54, 1189 MHz, 67.22 W, 49 %, 10571 MiB
2026/10/03 00:04:46.809, 0, 48, 1290 MHz, 156.95 W, 91 %, 10553 MiB
2026/10/03 00:04:46.819, 1, 55, 1151 MHz, 54.18 W, 44 %, 10551 MiB
2026/10/03 00:04:46.830, 2, 54, 1139 MHz, 83.74 W, 47 %, 10571 MiB
2026/10/03 00:04:47.833, 0, 48, 1189 MHz, 71.55 W, 90 %, 10553 MiB
2026/10/03 00:04:47.837, 1, 55, 1303 MHz, 47.60 W, 44 %, 10551 MiB
2026/10/03 00:04:47.840, 2, 54, 1227 MHz, 53.34 W, 43 %, 10571 MiB
2026/10/03 00:04:48.849, 0, 48, 1215 MHz, 51.74 W, 95 %, 10553 MiB
2026/10/03 00:04:48.855, 1, 55, 1189 MHz, 101.34 W, 49 %, 10551 MiB
2026/10/03 00:04:48.858, 2, 54, 1189 MHz, 44.83 W, 44 %, 10571 MiB
2026/10/03 00:04:49.863, 0, 48, 1189 MHz, 41.58 W, 93 %, 10553 MiB
2026/10/03 00:04:49.866, 1, 55, 1290 MHz, 152.29 W, 41 %, 10551 MiB
2026/10/03 00:04:49.869, 2, 54, 1189 MHz, 87.76 W, 43 %, 10571 MiB
2026/10/03 00:04:50.874, 0, 48, 1215 MHz, 70.13 W, 92 %, 10553 MiB
2026/10/03 00:04:50.879, 1, 56, 1290 MHz, 46.89 W, 54 %, 10551 MiB
2026/10/03 00:04:50.882, 2, 54, 1189 MHz, 59.71 W, 44 %, 10571 MiB
2026/10/03 00:04:51.887, 0, 48, 1202 MHz, 147.84 W, 82 %, 10553 MiB
2026/10/03 00:04:51.891, 1, 56, 1151 MHz, 62.55 W, 34 %, 10551 MiB
2026/10/03 00:04:51.894, 2, 54, 1189 MHz, 102.87 W, 54 %, 10571 MiB
2026/10/03 00:04:52.903, 0, 49, 1240 MHz, 57.26 W, 89 %, 10553 MiB
2026/10/03 00:04:52.910, 1, 55, 1265 MHz, 63.72 W, 48 %, 10551 MiB
2026/10/03 00:04:52.913, 2, 54, 1189 MHz, 48.40 W, 43 %, 10571 MiB
2026/10/03 00:04:53.916, 0, 49, 1240 MHz, 162.15 W, 94 %, 10553 MiB
2026/10/03 00:04:53.919, 1, 56, 1189 MHz, 54.18 W, 41 %, 10551 MiB
2026/10/03 00:04:53.926, 2, 54, 1164 MHz, 75.37 W, 34 %, 10571 MiB
2026/10/03 00:04:54.933, 0, 48, 1227 MHz, 51.55 W, 89 %, 10553 MiB
2026/10/03 00:04:54.936, 1, 56, 1189 MHz, 76.54 W, 44 %, 10551 MiB
2026/10/03 00:04:54.940, 2, 54, 1189 MHz, 46.04 W, 46 %, 10571 MiB
2026/10/03 00:04:55.943, 0, 49, 1202 MHz, 47.54 W, 92 %, 10553 MiB
2026/10/03 00:04:55.946, 1, 56, 1215 MHz, 113.40 W, 43 %, 10551 MiB
2026/10/03 00:04:55.951, 2, 54, 1290 MHz, 81.51 W, 43 %, 10571 MiB
2026/10/03 00:04:56.958, 0, 49, 1202 MHz, 51.34 W, 90 %, 10553 MiB
2026/10/03 00:04:56.962, 1, 56, 1189 MHz, 105.27 W, 51 %, 10551 MiB
2026/10/03 00:04:56.969, 2, 54, 1316 MHz, 105.51 W, 45 %, 10571 MiB
2026/10/03 00:04:57.981, 0, 49, 1189 MHz, 45.92 W, 95 %, 10553 MiB
2026/10/03 00:04:57.984, 1, 56, 1252 MHz, 102.48 W, 48 %, 10551 MiB
2026/10/03 00:04:57.989, 2, 54, 1189 MHz, 82.10 W, 51 %, 10571 MiB
2026/10/03 00:04:58.994, 0, 48, 1316 MHz, 154.39 W, 72 %, 10553 MiB
2026/10/03 00:04:58.997, 1, 56, 1151 MHz, 81.14 W, 44 %, 10551 MiB
2026/10/03 00:04:59.000, 2, 54, 1316 MHz, 160.23 W, 53 %, 10571 MiB
2026/10/03 00:05:00.003, 0, 49, 1202 MHz, 43.56 W, 90 %, 10553 MiB
2026/10/03 00:05:00.007, 1, 56, 1189 MHz, 100.93 W, 42 %, 10551 MiB
2026/10/03 00:05:00.012, 2, 54, 1189 MHz, 77.61 W, 46 %, 10571 MiB
2026/10/03 00:05:01.018, 0, 49, 1265 MHz, 108.41 W, 92 %, 10553 MiB
2026/10/03 00:05:01.026, 1, 56, 1189 MHz, 87.87 W, 38 %, 10551 MiB
2026/10/03 00:05:01.035, 2, 55, 1202 MHz, 149.74 W, 43 %, 10571 MiB
2026/10/03 00:05:02.042, 0, 49, 1189 MHz, 112.00 W, 94 %, 10553 MiB
2026/10/03 00:05:02.045, 1, 56, 1189 MHz, 46.66 W, 45 %, 10551 MiB
2026/10/03 00:05:02.058, 2, 55, 1265 MHz, 54.35 W, 44 %, 10571 MiB
2026/10/03 00:05:03.061, 0, 49, 1290 MHz, 147.11 W, 91 %, 10553 MiB
2026/10/03 00:05:03.064, 1, 56, 1177 MHz, 95.57 W, 50 %, 10551 MiB
2026/10/03 00:05:03.067, 2, 54, 1240 MHz, 137.97 W, 50 %, 10571 MiB
2026/10/03 00:05:04.070, 0, 49, 1202 MHz, 119.77 W, 92 %, 10553 MiB
2026/10/03 00:05:04.082, 1, 56, 1278 MHz, 67.62 W, 47 %, 10551 MiB
2026/10/03 00:05:04.085, 2, 55, 1252 MHz, 127.09 W, 43 %, 10571 MiB
2026/10/03 00:05:05.089, 0, 49, 1215 MHz, 58.43 W, 92 %, 10553 MiB
2026/10/03 00:05:05.092, 1, 56, 1189 MHz, 137.54 W, 37 %, 10551 MiB
2026/10/03 00:05:05.103, 2, 55, 1189 MHz, 122.03 W, 49 %, 10571 MiB
2026/10/03 00:05:06.108, 0, 49, 1189 MHz, 82.02 W, 91 %, 10553 MiB
2026/10/03 00:05:06.112, 1, 56, 1240 MHz, 48.54 W, 58 %, 10551 MiB
2026/10/03 00:05:06.115, 2, 55, 1227 MHz, 75.99 W, 46 %, 10571 MiB
2026/10/03 00:05:07.118, 0, 49, 1215 MHz, 65.26 W, 80 %, 10553 MiB
2026/10/03 00:05:07.126, 1, 56, 1215 MHz, 147.00 W, 37 %, 10551 MiB
2026/10/03 00:05:07.129, 2, 55, 1189 MHz, 107.62 W, 53 %, 10571 MiB
2026/10/03 00:05:08.134, 0, 49, 1189 MHz, 46.14 W, 93 %, 10553 MiB
2026/10/03 00:05:08.137, 1, 56, 1189 MHz, 71.62 W, 57 %, 10551 MiB
2026/10/03 00:05:08.140, 2, 55, 1202 MHz, 86.03 W, 45 %, 10571 MiB
2026/10/03 00:05:09.144, 0, 49, 1265 MHz, 63.84 W, 95 %, 10553 MiB
2026/10/03 00:05:09.150, 1, 56, 1227 MHz, 40.55 W, 47 %, 10551 MiB
2026/10/03 00:05:09.153, 2, 55, 1189 MHz, 51.21 W, 45 %, 10571 MiB
2026/10/03 00:05:10.158, 0, 50, 1177 MHz, 102.56 W, 90 %, 10553 MiB
2026/10/03 00:05:10.163, 1, 56, 1252 MHz, 48.81 W, 41 %, 10551 MiB
2026/10/03 00:05:10.171, 2, 55, 1189 MHz, 52.14 W, 43 %, 10571 MiB
2026/10/03 00:05:11.181, 0, 49, 1189 MHz, 52.01 W, 90 %, 10553 MiB
2026/10/03 00:05:11.184, 1, 56, 1189 MHz, 99.12 W, 48 %, 10551 MiB
2026/10/03 00:05:11.190, 2, 55, 1227 MHz, 44.33 W, 39 %, 10571 MiB
2026/10/03 00:05:12.195, 0, 49, 1202 MHz, 99.09 W, 91 %, 10553 MiB
2026/10/03 00:05:12.211, 1, 57, 1189 MHz, 43.87 W, 44 %, 10551 MiB
2026/10/03 00:05:12.220, 2, 55, 1189 MHz, 52.38 W, 44 %, 10571 MiB
2026/10/03 00:05:13.227, 0, 49, 1189 MHz, 138.27 W, 94 %, 10553 MiB
2026/10/03 00:05:13.230, 1, 57, 1240 MHz, 46.34 W, 43 %, 10551 MiB
2026/10/03 00:05:13.235, 2, 55, 1202 MHz, 66.63 W, 44 %, 10571 MiB
2026/10/03 00:05:14.238, 0, 49, 1316 MHz, 159.87 W, 81 %, 10553 MiB
2026/10/03 00:05:14.247, 1, 57, 1126 MHz, 63.11 W, 50 %, 10551 MiB
2026/10/03 00:05:14.250, 2, 55, 1164 MHz, 102.93 W, 55 %, 10571 MiB
2026/10/03 00:05:15.253, 0, 50, 1202 MHz, 96.98 W, 97 %, 10553 MiB
2026/10/03 00:05:15.257, 1, 57, 1265 MHz, 47.63 W, 46 %, 10551 MiB
2026/10/03 00:05:15.264, 2, 55, 1189 MHz, 59.24 W, 36 %, 10571 MiB
2026/10/03 00:05:16.269, 0, 49, 1189 MHz, 93.14 W, 77 %, 10553 MiB
2026/10/03 00:05:16.272, 1, 57, 1189 MHz, 57.17 W, 52 %, 10551 MiB
2026/10/03 00:05:16.280, 2, 55, 1189 MHz, 76.73 W, 62 %, 10571 MiB
2026/10/03 00:05:17.288, 0, 49, 1290 MHz, 128.45 W, 92 %, 10553 MiB
2026/10/03 00:05:17.291, 1, 57, 1189 MHz, 114.70 W, 61 %, 10551 MiB
2026/10/03 00:05:17.294, 2, 55, 1265 MHz, 138.67 W, 43 %, 10571 MiB
2026/10/03 00:05:18.301, 0, 50, 1164 MHz, 80.71 W, 94 %, 10553 MiB
2026/10/03 00:05:18.305, 1, 57, 1189 MHz, 44.81 W, 50 %, 10551 MiB
2026/10/03 00:05:18.308, 2, 55, 1151 MHz, 65.60 W, 44 %, 10571 MiB
2026/10/03 00:05:19.315, 0, 50, 1189 MHz, 87.86 W, 92 %, 10553 MiB
2026/10/03 00:05:19.319, 1, 57, 1290 MHz, 46.21 W, 42 %, 10551 MiB
2026/10/03 00:05:19.323, 2, 55, 1202 MHz, 59.24 W, 45 %, 10571 MiB
2026/10/03 00:05:20.327, 0, 50, 1290 MHz, 120.61 W, 90 %, 10553 MiB
2026/10/03 00:05:20.331, 1, 57, 1240 MHz, 117.27 W, 40 %, 10551 MiB
2026/10/03 00:05:20.334, 2, 55, 1189 MHz, 122.57 W, 48 %, 10571 MiB
2026/10/03 00:05:21.338, 0, 50, 1278 MHz, 103.95 W, 92 %, 10553 MiB
2026/10/03 00:05:21.349, 1, 57, 1265 MHz, 47.12 W, 45 %, 10551 MiB
2026/10/03 00:05:21.352, 2, 55, 1189 MHz, 61.83 W, 50 %, 10571 MiB
2026/10/03 00:05:22.356, 0, 49, 1265 MHz, 150.78 W, 55 %, 10553 MiB
2026/10/03 00:05:22.369, 1, 57, 1189 MHz, 55.12 W, 46 %, 10551 MiB
2026/10/03 00:05:22.372, 2, 55, 1139 MHz, 80.68 W, 25 %, 10571 MiB
2026/10/03 00:05:23.379, 0, 50, 1189 MHz, 48.73 W, 88 %, 10553 MiB
2026/10/03 00:05:23.382, 1, 57, 1240 MHz, 113.41 W, 43 %, 10551 MiB
2026/10/03 00:05:23.385, 2, 55, 1265 MHz, 74.25 W, 43 %, 10571 MiB
2026/10/03 00:05:24.397, 0, 50, 1189 MHz, 117.14 W, 91 %, 10553 MiB
2026/10/03 00:05:24.400, 1, 57, 1189 MHz, 47.76 W, 50 %, 10551 MiB
2026/10/03 00:05:24.403, 2, 55, 1189 MHz, 73.14 W, 49 %, 10571 MiB
2026/10/03 00:05:25.406, 0, 50, 1177 MHz, 62.42 W, 95 %, 10553 MiB
2026/10/03 00:05:25.418, 1, 57, 1189 MHz, 86.61 W, 42 %, 10551 MiB
2026/10/03 00:05:25.421, 2, 56, 1265 MHz, 48.16 W, 47 %, 10571 MiB
2026/10/03 00:05:26.428, 0, 50, 1189 MHz, 134.73 W, 93 %, 10553 MiB
2026/10/03 00:05:26.432, 1, 57, 1240 MHz, 63.35 W, 53 %, 10551 MiB
2026/10/03 00:05:26.435, 2, 55, 1265 MHz, 93.96 W, 44 %, 10571 MiB
2026/10/03 00:05:27.444, 0, 50, 1189 MHz, 43.29 W, 95 %, 10553 MiB
2026/10/03 00:05:27.447, 1, 57, 1189 MHz, 119.82 W, 48 %, 10551 MiB
2026/10/03 00:05:27.450, 2, 55, 1303 MHz, 65.57 W, 44 %, 10571 MiB
2026/10/03 00:05:28.453, 0, 50, 1202 MHz, 83.72 W, 88 %, 10553 MiB
2026/10/03 00:05:28.462, 1, 57, 1189 MHz, 46.45 W, 42 %, 10551 MiB
2026/10/03 00:05:28.469, 2, 55, 1227 MHz, 59.03 W, 44 %, 10571 MiB
2026/10/03 00:05:29.472, 0, 50, 1189 MHz, 87.08 W, 94 %, 10553 MiB
2026/10/03 00:05:29.475, 1, 57, 1189 MHz, 47.55 W, 44 %, 10551 MiB
2026/10/03 00:05:29.478, 2, 56, 1189 MHz, 117.35 W, 48 %, 10571 MiB
2026/10/03 00:05:30.481, 0, 50, 1189 MHz, 136.18 W, 97 %, 10553 MiB
2026/10/03 00:05:30.494, 1, 57, 1189 MHz, 48.30 W, 48 %, 10551 MiB
2026/10/03 00:05:30.497, 2, 56, 1139 MHz, 77.91 W, 41 %, 10571 MiB
2026/10/03 00:05:31.500, 0, 50, 1316 MHz, 45.65 W, 80 %, 10553 MiB
2026/10/03 00:05:31.504, 1, 57, 1252 MHz, 132.43 W, 42 %, 10551 MiB
2026/10/03 00:05:31.507, 2, 56, 1290 MHz, 81.79 W, 46 %, 10571 MiB
2026/10/03 00:05:32.513, 0, 50, 1278 MHz, 92.38 W, 89 %, 10553 MiB
2026/10/03 00:05:32.518, 1, 57, 1189 MHz, 41.70 W, 53 %, 10551 MiB
2026/10/03 00:05:32.521, 2, 55, 1189 MHz, 80.57 W, 47 %, 10571 MiB
2026/10/03 00:05:33.560, 0, 50, 1189 MHz, 89.08 W, 92 %, 10553 MiB
2026/10/03 00:05:33.563, 1, 57, 1303 MHz, 54.16 W, 44 %, 10551 MiB
2026/10/03 00:05:33.566, 2, 56, 1202 MHz, 70.94 W, 44 %, 10571 MiB
2026/10/03 00:05:34.569, 0, 50, 1290 MHz, 54.13 W, 94 %, 10553 MiB
2026/10/03 00:05:34.579, 1, 57, 1265 MHz, 106.22 W, 49 %, 10551 MiB
2026/10/03 00:05:34.585, 2, 56, 1227 MHz, 81.39 W, 46 %, 10571 MiB
2026/10/03 00:05:35.588, 0, 50, 1278 MHz, 157.65 W, 93 %, 10553 MiB
2026/10/03 00:05:35.591, 1, 57, 1202 MHz, 64.00 W, 40 %, 10551 MiB
2026/10/03 00:05:35.594, 2, 56, 1265 MHz, 104.97 W, 46 %, 10571 MiB
2026/10/03 00:05:36.603, 0, 50, 1265 MHz, 127.08 W, 92 %, 10553 MiB
2026/10/03 00:05:36.607, 1, 58, 1151 MHz, 96.75 W, 51 %, 10551 MiB
2026/10/03 00:05:36.613, 2, 55, 1189 MHz, 129.16 W, 41 %, 10571 MiB
2026/10/03 00:05:37.616, 0, 50, 1202 MHz, 100.19 W, 81 %, 10553 MiB
2026/10/03 00:05:37.623, 1, 57, 1189 MHz, 45.03 W, 49 %, 10551 MiB
2026/10/03 00:05:37.629, 2, 56, 1202 MHz, 60.45 W, 47 %, 10571 MiB
2026/10/03 00:05:38.632, 0, 51, 1215 MHz, 51.78 W, 91 %, 10553 MiB
2026/10/03 00:05:38.635, 1, 57, 1189 MHz, 89.61 W, 41 %, 10551 MiB
2026/10/03 00:05:38.638, 2, 56, 1189 MHz, 46.04 W, 43 %, 10571 MiB
2026/10/03 00:05:39.644, 0, 50, 1240 MHz, 109.31 W, 90 %, 10553 MiB
2026/10/03 00:05:39.648, 1, 57, 1202 MHz, 120.32 W, 39 %, 10551 MiB
2026/10/03 00:05:39.659, 2, 56, 1316 MHz, 145.22 W, 42 %, 10571 MiB
2026/10/03 00:05:40.662, 0, 50, 1265 MHz, 126.78 W, 94 %, 10553 MiB
2026/10/03 00:05:40.673, 1, 57, 1227 MHz, 41.71 W, 49 %, 10551 MiB
2026/10/03 00:05:40.677, 2, 56, 1290 MHz, 50.36 W, 43 %, 10571 MiB
2026/10/03 00:05:41.680, 0, 51, 1189 MHz, 44.71 W, 96 %, 10553 MiB
2026/10/03 00:05:41.684, 1, 57, 1189 MHz, 97.97 W, 42 %, 10551 MiB
2026/10/03 00:05:41.687, 2, 56, 1189 MHz, 65.38 W, 57 %, 10571 MiB
2026/10/03 00:05:42.693, 0, 50, 1215 MHz, 149.53 W, 93 %, 10553 MiB
2026/10/03 00:05:42.701, 1, 58, 1189 MHz, 55.83 W, 56 %, 10551 MiB
2026/10/03 00:05:42.704, 2, 56, 1177 MHz, 94.85 W, 43 %, 10571 MiB
2026/10/03 00:05:43.708, 0, 51, 1189 MHz, 53.43 W, 94 %, 10553 MiB
2026/10/03 00:05:43.718, 1, 57, 1189 MHz, 114.10 W, 38 %, 10551 MiB
2026/10/03 00:05:43.721, 2, 56, 1278 MHz, 54.83 W, 43 %, 10571 MiB
2026/10/03 00:05:44.724, 0, 50, 1278 MHz, 116.97 W, 93 %, 10553 MiB
2026/10/03 00:05:44.728, 1, 57, 1240 MHz, 55.82 W, 46 %, 10551 MiB
2026/10/03 00:05:44.731, 2, 56, 1189 MHz, 58.33 W, 50 %, 10571 MiB
2026/10/03 00:05:45.737, 0, 51, 1202 MHz, 144.43 W, 95 %, 10553 MiB
2026/10/03 00:05:45.745, 1, 57, 1189 MHz, 50.91 W, 47 %, 10551 MiB
2026/10/03 00:05:45.748, 2, 56, 1177 MHz, 67.69 W, 41 %, 10571 MiB
2026/10/03 00:05:46.758, 0, 51, 1227 MHz, 76.94 W, 96 %, 10553 MiB
2026/10/03 00:05:46.766, 1, 57, 1189 MHz, 48.94 W, 44 %, 10551 MiB
2026/10/03 00:05:46.769, 2, 56, 1189 MHz, 43.94 W, 47 %, 10571 MiB
2026/10/03 00:05:47.773, 0, 50, 1215 MHz, 53.43 W, 84 %, 10553 MiB
2026/10/03 00:05:47.776, 1, 57, 1189 MHz, 87.02 W, 48 %, 10551 MiB
2026/10/03 00:05:47.781, 2, 56, 1189 MHz, 46.28 W, 52 %, 10571 MiB
2026/10/03 00:05:48.786, 0, 50, 1290 MHz, 109.07 W, 93 %, 10553 MiB
2026/10/03 00:05:48.789, 1, 57, 1189 MHz, 132.79 W, 53 %, 10551 MiB
2026/10/03 00:05:48.798, 2, 56, 1215 MHz, 132.17 W, 49 %, 10571 MiB
2026/10/03 00:05:49.805, 0, 51, 1278 MHz, 125.16 W, 95 %, 10553 MiB
2026/10/03 00:05:49.809, 1, 57, 1303 MHz, 53.24 W, 42 %, 10551 MiB
2026/10/03 00:05:49.815, 2, 56, 1189 MHz, 62.96 W, 44 %, 10571 MiB
2026/10/03 00:05:50.823, 0, 51, 1189 MHz, 54.34 W, 90 %, 10553 MiB
2026/10/03 00:05:50.836, 1, 57, 1189 MHz, 94.44 W, 49 %, 10551 MiB
2026/10/03 00:05:50.839, 2, 56, 1189 MHz, 54.16 W, 50 %, 10571 MiB
2026/10/03 00:05:51.847, 0, 51, 1227 MHz, 77.87 W, 94 %, 10553 MiB
2026/10/03 00:05:51.852, 1, 58, 1189 MHz, 47.15 W, 47 %, 10551 MiB
2026/10/03 00:05:51.855, 2, 56, 1189 MHz, 63.01 W, 45 %, 10571 MiB
2026/10/03 00:05:52.858, 0, 51, 1278 MHz, 145.98 W, 95 %, 10553 MiB
2026/10/03 00:05:52.861, 1, 58, 1240 MHz, 54.33 W, 48 %, 10551 MiB
2026/10/03 00:05:52.866, 2, 56, 1189 MHz, 78.24 W, 49 %, 10571 MiB
2026/10/03 00:05:53.870, 0, 51, 1265 MHz, 152.63 W, 94 %, 10553 MiB
2026/10/03 00:05:53.883, 1, 58, 1151 MHz, 55.12 W, 43 %, 10551 MiB
2026/10/03 00:05:53.896, 2, 56, 1252 MHz, 66.98 W, 61 %, 10571 MiB
2026/10/03 00:05:54.902, 0, 51, 1202 MHz, 41.19 W, 95 %, 10553 MiB
2026/10/03 00:05:54.905, 1, 58, 1189 MHz, 108.08 W, 63 %, 10551 MiB
2026/10/03 00:05:54.910, 2, 56, 1316 MHz, 56.72 W, 45 %, 10571 MiB
2026/10/03 00:05:55.916, 0, 51, 1139 MHz, 53.19 W, 97 %, 10553 MiB
2026/10/03 00:05:55.930, 1, 58, 1215 MHz, 98.61 W, 41 %, 10551 MiB
2026/10/03 00:05:55.933, 2, 56, 1189 MHz, 53.73 W, 47 %, 10571 MiB
2026/10/03 00:05:56.939, 0, 51, 1189 MHz, 121.79 W, 80 %, 10553 MiB
2026/10/03 00:05:56.947, 1, 58, 1215 MHz, 74.90 W, 47 %, 10551 MiB
2026/10/03 00:05:56.954, 2, 56, 1164 MHz, 109.28 W, 42 %, 10571 MiB
2026/10/03 00:05:57.963, 0, 51, 1290 MHz, 51.57 W, 93 %, 10553 MiB
2026/10/03 00:05:57.970, 1, 58, 1189 MHz, 98.84 W, 43 %, 10551 MiB
2026/10/03 00:05:57.975, 2, 56, 1202 MHz, 44.62 W, 48 %, 10571 MiB
2026/10/03 00:05:58.982, 0, 51, 1240 MHz, 61.44 W, 94 %, 10553 MiB
2026/10/03 00:05:58.987, 1, 58, 1189 MHz, 71.16 W, 48 %, 10551 MiB
2026/10/03 00:05:58.990, 2, 56, 1189 MHz, 50.99 W, 42 %, 10571 MiB
2026/10/03 00:05:59.995, 0, 51, 1290 MHz, 43.86 W, 96 %, 10553 MiB
2026/10/03 00:06:00.001, 1, 58, 1278 MHz, 41.73 W, 45 %, 10551 MiB
2026/10/03 00:06:00.004, 2, 57, 1189 MHz, 50.96 W, 46 %, 10571 MiB
2026/10/03 00:06:01.011, 0, 51, 1189 MHz, 59.06 W, 94 %, 10553 MiB
2026/10/03 00:06:01.019, 1, 58, 1189 MHz, 104.40 W, 59 %, 10551 MiB
2026/10/03 00:06:01.030, 2, 57, 1290 MHz, 56.23 W, 43 %, 10571 MiB
2026/10/03 00:06:02.033, 0, 51, 1189 MHz, 59.35 W, 96 %, 10553 MiB
2026/10/03 00:06:02.039, 1, 58, 1252 MHz, 43.13 W, 38 %, 10551 MiB
2026/10/03 00:06:02.043, 2, 56, 1202 MHz, 51.67 W, 44 %, 10571 MiB
2026/10/03 00:06:03.048, 0, 51, 1151 MHz, 75.09 W, 77 %, 10553 MiB
2026/10/03 00:06:03.053, 1, 58, 1189 MHz, 43.63 W, 48 %, 10551 MiB
2026/10/03 00:06:03.056, 2, 57, 1202 MHz, 61.55 W, 58 %, 10571 MiB
2026/10/03 00:06:04.059, 0, 51, 1215 MHz, 56.99 W, 92 %, 10553 MiB
2026/10/03 00:06:04.062, 1, 58, 1303 MHz, 88.80 W, 43 %, 10551 MiB
2026/10/03 00:06:04.068, 2, 56, 1189 MHz, 45.56 W, 48 %, 10571 MiB
2026/10/03 00:06:05.074, 0, 51, 1240 MHz, 92.57 W, 92 %, 10553 MiB
2026/10/03 00:06:05.086, 1, 58, 1189 MHz, 45.97 W, 41 %, 10551 MiB
2026/10/03 00:06:05.089, 2, 56, 1151 MHz, 61.12 W, 38 %, 10571 MiB
2026/10/03 00:06:06.098, 0, 51, 1189 MHz, 43.05 W, 90 %, 10553 MiB
2026/10/03 00:06:06.106, 1, 58, 1290 MHz, 144.74 W, 44 %, 10551 MiB
2026/10/03 00:06:06.109, 2, 56, 1202 MHz, 123.11 W, 43 %, 10571 MiB
2026/10/03 00:06:07.126, 0, 51, 1189 MHz, 97.70 W, 95 %, 10553 MiB
2026/10/03 00:06:07.131, 1, 58, 1189 MHz, 46.60 W, 50 %, 10551 MiB
2026/10/03 00:06:07.138, 2, 57, 1215 MHz, 140.09 W, 47 %, 10571 MiB
2026/10/03 00:06:08.145, 0, 52, 1126 MHz, 63.76 W, 94 %, 10553 MiB
2026/10/03 00:06:08.153, 1, 58, 1202 MHz, 71.17 W, 49 %, 10551 MiB
2026/10/03 00:06:08.156, 2, 56, 1227 MHz, 42.99 W, 48 %, 10571 MiB
2026/10/03 00:06:09.161, 0, 51, 1189 MHz, 124.23 W, 94 %, 10553 MiB
2026/10/03 00:06:09.164, 1, 58, 1189 MHz, 55.36 W, 51 %, 10551 MiB
2026/10/03 00:06:09.167, 2, 57, 1189 MHz, 95.32 W, 49 %, 10571 MiB
2026/10/03 00:06:10.171, 0, 51, 1215 MHz, 88.19 W, 94 %, 10553 MiB
2026/10/03 00:06:10.175, 1, 58, 1189 MHz, 53.92 W, 62 %, 10551 MiB
2026/10/03 00:06:10.181, 2, 57, 1189 MHz, 79.70 W, 55 %, 10571 MiB
2026/10/03 00:06:11.184, 0, 51, 1189 MHz, 41.87 W, 96 %, 10553 MiB
2026/10/03 00:06:11.188, 1, 58, 1252 MHz, 130.64 W, 44 %, 10551 MiB
2026/10/03 00:06:11.191, 2, 56, 1189 MHz, 68.34 W, 37 %, 10571 MiB
2026/10/03 00:06:12.199, 0, 51, 1189 MHz, 49.92 W, 90 %, 10553 MiB
2026/10/03 00:06:12.209, 1, 58, 1189 MHz, 91.39 W, 40 %, 10551 MiB
2026/10/03 00:06:12.212, 2, 57, 1189 MHz, 48.64 W, 54 %, 10571 MiB
2026/10/03 00:06:13.215, 0, 51, 1303 MHz, 46.60 W, 92 %, 10553 MiB
2026/10/03 00:06:13.224, 1, 58, 1189 MHz, 123.24 W, 60 %, 10551 MiB
2026/10/03 00:06:13.227, 2, 57, 1189 MHz, 65.99 W, 48 %, 10571 MiB
2026/10/03 00:06:14.230, 0, 51, 1202 MHz, 144.84 W, 91 %, 10553 MiB
2026/10/03 00:06:14.233, 1, 58, 1189 MHz, 57.25 W, 38 %, 10551 MiB
2026/10/03 00:06:14.236, 2, 57, 1189 MHz, 90.02 W, 51 %, 10571 MiB
2026/10/03 00:06:15.242, 0, 51, 1252 MHz, 101.61 W, 93 %, 10553 MiB
2026/10/03 00:06:15.249, 1, 58, 1215 MHz, 48.81 W, 44 %, 10551 MiB
2026/10/03 00:06:15.252, 2, 57, 1227 MHz, 57.85 W, 47 %, 10571 MiB
2026/10/03 00:06:16.255, 0, 51, 1265 MHz, 48.23 W, 93 %, 10553 MiB
2026/10/03 00:06:16.258, 1, 58, 1316 MHz, 142.20 W, 45 %, 10551 MiB
2026/10/03 00:06:16.275, 2, 56, 1189 MHz, 125.75 W, 44 %, 10571 MiB
2026/10/03 00:06:17.284, 0, 52, 1202 MHz, 47.31 W, 96 %, 10553 MiB
2026/10/03 00:06:17.292, 1, 58, 1189 MHz, 105.80 W, 48 %, 10551 MiB
2026/10/03 00:06:17.295, 2, 57, 1189 MHz, 46.72 W, 49 %, 10571 MiB
2026/10/03 00:06:18.298, 0, 51, 1189 MHz, 100.99 W, 94 %, 10553 MiB
2026/10/03 00:06:18.301, 1, 58, 1290 MHz, 51.77 W, 47 %, 10551 MiB
2026/10/03 00:06:18.308, 2, 57, 1189 MHz, 138.16 W, 43 %, 10571 MiB
2026/10/03 00:06:19.317, 0, 51, 1215 MHz, 46.13 W, 93 %, 10553 MiB
2026/10/03 00:06:19.320, 1, 58, 1189 MHz, 110.20 W, 50 %, 10551 MiB
2026/10/03 00:06:19.323, 2, 57, 1202 MHz, 45.12 W, 43 %, 10571 MiB
2026/10/03 00:06:20.327, 0, 51, 1189 MHz, 118.13 W, 94 %, 10553 MiB
2026/10/03 00:06:20.330, 1, 58, 1151 MHz, 89.57 W, 47 %, 10551 MiB
2026/10/03 00:06:20.336, 2, 57, 1189 MHz, 133.74 W, 50 %, 10571 MiB
2026/10/03 00:06:21.344, 0, 51, 1265 MHz, 47.28 W, 84 %, 10553 MiB
2026/10/03 00:06:21.348, 1, 58, 1215 MHz, 98.83 W, 41 %, 10551 MiB
2026/10/03 00:06:21.356, 2, 57, 1227 MHz, 90.02 W, 52 %, 10571 MiB
2026/10/03 00:06:22.361, 0, 51, 1189 MHz, 42.11 W, 88 %, 10553 MiB
2026/10/03 00:06:22.365, 1, 58, 1215 MHz, 122.79 W, 64 %, 10551 MiB
2026/10/03 00:06:22.368, 2, 57, 1252 MHz, 54.87 W, 49 %, 10571 MiB
2026/10/03 00:06:23.371, 0, 51, 1189 MHz, 66.68 W, 87 %, 10553 MiB
2026/10/03 00:06:23.377, 1, 58, 1189 MHz, 42.90 W, 45 %, 10551 MiB
2026/10/03 00:06:23.380, 2, 57, 1240 MHz, 60.69 W, 43 %, 10571 MiB
2026/10/03 00:06:24.385, 0, 51, 1202 MHz, 43.08 W, 94 %, 10553 MiB
2026/10/03 00:06:24.391, 1, 58, 1189 MHz, 69.74 W, 51 %, 10551 MiB
2026/10/03 00:06:24.399, 2, 57, 1189 MHz, 87.44 W, 51 %, 10571 MiB
2026/10/03 00:06:25.404, 0, 51, 1215 MHz, 140.90 W, 94 %, 10553 MiB
2026/10/03 00:06:25.408, 1, 58, 1189 MHz, 50.23 W, 49 %, 10551 MiB
2026/10/03 00:06:25.419, 2, 57, 1139 MHz, 62.96 W, 43 %, 10571 MiB
2026/10/03 00:06:26.430, 0, 51, 1189 MHz, 126.86 W, 94 %, 10553 MiB
2026/10/03 00:06:26.443, 1, 58, 1189 MHz, 69.29 W, 41 %, 10551 MiB
2026/10/03 00:06:26.446, 2, 57, 1278 MHz, 111.90 W, 43 %, 10571 MiB
2026/10/03 00:06:27.455, 0, 51, 1303 MHz, 42.85 W, 89 %, 10553 MiB
2026/10/03 00:06:27.460, 1, 58, 1215 MHz, 112.88 W, 44 %, 10551 MiB
2026/10/03 00:06:27.466, 2, 57, 1189 MHz, 51.10 W, 46 %, 10571 MiB
2026/10/03 00:06:28.471, 0, 51, 1227 MHz, 92.02 W, 93 %, 10553 MiB
2026/10/03 00:06:28.475, 1, 59, 1189 MHz, 48.06 W, 48 %, 10551 MiB
2026/10/03 00:06:28.486, 2, 57, 1202 MHz, 56.40 W, 41 %, 10571 MiB
2026/10/03 00:06:29.494, 0, 51, 1215 MHz, 48.70 W, 94 %, 10553 MiB
2026/10/03 00:06:29.498, 1, 58, 1265 MHz, 107.14 W, 44 %, 10551 MiB
2026/10/03 00:06:29.501, 2, 57, 1189 MHz, 46.06 W, 41 %, 10571 MiB
2026/10/03 00:06:30.507, 0, 51, 1278 MHz, 87.44 W, 83 %, 10553 MiB
2026/10/03 00:06:30.516, 1, 59, 1189 MHz, 44.31 W, 51 %, 10551 MiB
2026/10/03 00:06:30.520, 2, 57, 1202 MHz, 64.19 W, 54 %, 10571 MiB
2026/10/03 00:06:31.523, 0, 52, 1290 MHz, 76.18 W, 92 %, 10553 MiB
2026/10/03 00:06:31.527, 1, 58, 1202 MHz, 154.24 W, 44 %, 10551 MiB
2026/10/03 00:06:31.535, 2, 57, 1189 MHz, 117.65 W, 43 %, 10571 MiB
2026/10/03 00:06:32.538, 0, 51, 1202 MHz, 129.40 W, 95 %, 10553 MiB
2026/10/03 00:06:32.542, 1, 58, 1215 MHz, 44.75 W, 50 %, 10551 MiB
2026/10/03 00:06:32.548, 2, 57, 1189 MHz, 56.23 W, 47 %, 10571 MiB
2026/10/03 00:06:33.551, 0, 52, 1177 MHz, 56.48 W, 87 %, 10553 MiB
2026/10/03 00:06:33.561, 1, 58, 1189 MHz, 90.61 W, 38 %, 10551 MiB
2026/10/03 00:06:33.564, 2, 57, 1189 MHz, 46.77 W, 43 %, 10571 MiB
2026/10/03 00:06:34.567, 0, 51, 1240 MHz, 140.31 W, 92 %, 10553 MiB
2026/10/03 00:06:34.571, 1, 59, 1240 MHz, 70.91 W, 50 %, 10551 MiB
2026/10/03 00:06:34.576, 2, 57, 1316 MHz, 73.49 W, 47 %, 10571 MiB
2026/10/03 00:06:35.600, 0, 52, 1240 MHz, 103.05 W, 95 %, 10553 MiB
2026/10/03 00:06:35.607, 1, 58, 1189 MHz, 97.85 W, 47 %, 10551 MiB
2026/10/03 00:06:35.618, 2, 57, 1278 MHz, 140.17 W, 43 %, 10571 MiB
2026/10/03 00:06:36.629, 0, 51, 1189 MHz, 40.71 W, 92 %, 10553 MiB
2026/10/03 00:06:36.633, 1, 59, 1189 MHz, 122.76 W, 42 %, 10551 MiB
2026/10/03 00:06:36.636, 2, 57, 1278 MHz, 87.60 W, 44 %, 10571 MiB
2026/10/03 00:06:37.639, 0, 52, 1240 MHz, 47.38 W, 94 %, 10553 MiB
2026/10/03 00:06:37.643, 1, 58, 1189 MHz, 43.32 W, 45 %, 10551 MiB
2026/10/03 00:06:37.646, 2, 57, 1164 MHz, 55.41 W, 47 %, 10571 MiB
2026/10/03 00:06:38.655, 0, 52, 1189 MHz, 73.44 W, 94 %, 10553 MiB
2026/10/03 00:06:38.658, 1, 59, 1265 MHz, 47.15 W, 48 %, 10551 MiB
2026/10/03 00:06:38.661, 2, 57, 1252 MHz, 62.46 W, 41 %, 10571 MiB
2026/10/03 00:06:39.665, 0, 51, 1215 MHz, 40.48 W, 89 %, 10553 MiB
2026/10/03 00:06:39.668, 1, 58, 1252 MHz, 138.43 W, 42 %, 10551 MiB
2026/10/03 00:06:39.671, 2, 57, 1240 MHz, 87.36 W, 51 %, 10571 MiB
2026/10/03 00:06:40.677, 0, 51, 1189 MHz, 95.08 W, 93 %, 10553 MiB
2026/10/03 00:06:40.681, 1, 58, 1227 MHz, 45.97 W, 55 %, 10551 MiB
2026/10/03 00:06:40.686, 2, 57, 1202 MHz, 50.96 W, 43 %, 10571 MiB
2026/10/03 00:06:41.702, 0, 52, 1189 MHz, 53.19 W, 93 %, 10553 MiB
2026/10/03 00:06:41.707, 1, 58, 1290 MHz, 97.94 W, 45 %, 10551 MiB
2026/10/03 00:06:41.710, 2, 58, 1189 MHz, 50.02 W, 43 %, 10571 MiB
2026/10/03 00:06:42.713, 0, 51, 1316 MHz, 163.02 W, 94 %, 10553 MiB
2026/10/03 00:06:42.723, 1, 59, 1189 MHz, 62.60 W, 48 %, 10551 MiB
2026/10/03 00:06:42.727, 2, 57, 1139 MHz, 86.50 W, 48 %, 10571 MiB
2026/10/03 00:06:43.733, 0, 52, 1290 MHz, 44.30 W, 95 %, 10553 MiB
2026/10/03 00:06:43.737, 1, 58, 1303 MHz, 98.78 W, 45 %, 10551 MiB
2026/10/03 00:06:43.745, 2, 57, 1189 MHz, 46.97 W, 42 %, 10571 MiB
2026/10/03 00:06:44.750, 0, 52, 1189 MHz, 81.59 W, 93 %, 10553 MiB
2026/10/03 00:06:44.760, 1, 59, 1240 MHz, 48.34 W, 58 %, 10551 MiB
2026/10/03 00:06:44.767, 2, 57, 1252 MHz, 62.54 W, 44 %, 10571 MiB
2026/10/03 00:06:45.772, 0, 52, 1151 MHz, 88.37 W, 79 %, 10553 MiB
2026/10/03 00:06:45.777, 1, 59, 1189 MHz, 48.07 W, 33 %, 10551 MiB
2026/10/03 00:06:45.780, 2, 57, 1139 MHz, 69.76 W, 51 %, 10571 MiB
2026/10/03 00:06:46.783, 0, 52, 1265 MHz, 45.18 W, 89 %, 10553 MiB
2026/10/03 00:06:46.786, 1, 58, 1227 MHz, 136.26 W, 46 %, 10551 MiB
2026/10/03 00:06:46.797, 2, 57, 1202 MHz, 114.24 W, 44 %, 10571 MiB
2026/10/03 00:06:47.802, 0, 52, 1189 MHz, 48.02 W, 90 %, 10553 MiB
2026/10/03 00:06:47.806, 1, 58, 1189 MHz, 106.75 W, 40 %, 10551 MiB
2026/10/03 00:06:47.809, 2, 57, 1189 MHz, 69.28 W, 43 %, 10571 MiB
2026/10/03 00:06:48.814, 0, 52, 1189 MHz, 129.26 W, 92 %, 10553 MiB
2026/10/03 00:06:48.820, 1, 59, 1151 MHz, 88.63 W, 41 %, 10551 MiB
2026/10/03 00:06:48.823, 2, 57, 1189 MHz, 133.71 W, 43 %, 10571 MiB
2026/10/03 00:06:49.830, 0, 52, 1215 MHz, 55.32 W, 97 %, 10553 MiB
2026/10/03 00:06:49.835, 1, 59, 1240 MHz, 42.41 W, 47 %, 10551 MiB
2026/10/03 00:06:49.840, 2, 57, 1164 MHz, 75.81 W, 48 %, 10571 MiB
2026/10/03 00:06:50.849, 0, 52, 1126 MHz, 52.01 W, 93 %, 10553 MiB
2026/10/03 00:06:50.860, 1, 59, 1189 MHz, 99.07 W, 45 %, 10551 MiB
2026/10/03 00:06:50.866, 2, 57, 1189 MHz, 65.58 W, 48 %, 10571 MiB
2026/10/03 00:06:51.869, 0, 52, 1189 MHz, 69.22 W, 95 %, 10553 MiB
2026/10/03 00:06:51.872, 1, 58, 1202 MHz, 138.94 W, 42 %, 10551 MiB
2026/10/03 00:06:51.875, 2, 57, 1316 MHz, 122.46 W, 44 %, 10571 MiB
2026/10/03 00:06:52.878, 0, 52, 1215 MHz, 103.49 W, 75 %, 10553 MiB
2026/10/03 00:06:52.883, 1, 59, 1202 MHz, 47.15 W, 41 %, 10551 MiB
2026/10/03 00:06:52.886, 2, 57, 1189 MHz, 63.01 W, 51 %, 10571 MiB
2026/10/03 00:06:53.892, 0, 52, 1202 MHz, 129.65 W, 92 %, 10553 MiB
2026/10/03 00:06:53.896, 1, 59, 1177 MHz, 67.18 W, 40 %, 10551 MiB
2026/10/03 00:06:53.908, 2, 58, 1252 MHz, 85.39 W, 44 %, 10571 MiB
2026/10/03 00:06:54.917, 0, 52, 1189 MHz, 66.88 W, 96 %, 10553 MiB
2026/10/03 00:06:54.926, 1, 59, 1215 MHz, 88.38 W, 44 %, 10551 MiB
2026/10/03 00:06:54.934, 2, 57, 1189 MHz, 44.41 W, 47 %, 10571 MiB
2026/10/03 00:06:55.937, 0, 52, 1189 MHz, 44.47 W, 94 %, 10553 MiB
2026/10/03 00:06:55.941, 1, 59, 1290 MHz, 129.21 W, 45 %, 10551 MiB
2026/10/03 00:06:55.946, 2, 57, 1189 MHz, 90.36 W, 41 %, 10571 MiB
2026/10/03 00:06:56.951, 0, 52, 1240 MHz, 48.02 W, 92 %, 10553 MiB
2026/10/03 00:06:56.954, 1, 59, 1189 MHz, 117.79 W, 58 %, 10551 MiB
2026/10/03 00:06:56.957, 2, 57, 1189 MHz, 50.89 W, 45 %, 10571 MiB
2026/10/03 00:06:57.965, 0, 52, 1189 MHz, 61.90 W, 97 %, 10553 MiB
2026/10/03 00:06:57.970, 1, 59, 1189 MHz, 81.05 W, 49 %, 10551 MiB
2026/10/03 00:06:57.973, 2, 58, 1189 MHz, 52.89 W, 43 %, 10571 MiB
2026/10/03 00:06:58.976, 0, 52, 1290 MHz, 44.47 W, 83 %, 10553 MiB
2026/10/03 00:06:58.979, 1, 59, 1303 MHz, 145.21 W, 42 %, 10551 MiB
2026/10/03 00:06:58.982, 2, 57, 1252 MHz, 85.42 W, 48 %, 10571 MiB
2026/10/03 00:06:59.988, 0, 52, 1215 MHz, 107.82 W, 89 %, 10553 MiB
2026/10/03 00:06:59.993, 1, 59, 1189 MHz, 48.33 W, 51 %, 10551 MiB
2026/10/03 00:06:59.996, 2, 57, 1265 MHz, 74.66 W, 45 %, 10571 MiB
2026/10/03 00:07:00.999, 0, 52, 1265 MHz, 104.45 W, 88 %, 10553 MiB
2026/10/03 00:07:01.002, 1, 58, 1303 MHz, 111.48 W, 44 %, 10551 MiB
2026/10/03 00:07:01.014, 2, 57, 1189 MHz, 135.06 W, 43 %, 10571 MiB
2026/10/03 00:07:02.021, 0, 52, 1189 MHz, 105.32 W, 88 %, 10553 MiB
2026/10/03 00:07:02.024, 1, 59, 1215 MHz, 56.75 W, 45 %, 10551 MiB
2026/10/03 00:07:02.031, 2, 57, 1189 MHz, 70.23 W, 44 %, 10571 MiB
2026/10/03 00:07:03.035, 0, 52, 1265 MHz, 106.56 W, 91 %, 10553 MiB
2026/10/03 00:07:03.040, 1, 58, 1240 MHz, 146.57 W, 46 %, 10551 MiB
2026/10/03 00:07:03.043, 2, 57, 1252 MHz, 127.50 W, 45 %, 10571 MiB
2026/10/03 00:07:04.046, 0, 52, 1278 MHz, 46.36 W, 93 %, 10553 MiB
2026/10/03 00:07:04.049, 1, 59, 1189 MHz, 121.07 W, 41 %, 10551 MiB
2026/10/03 00:07:04.057, 2, 57, 1189 MHz, 106.18 W, 49 %, 10571 MiB
2026/10/03 00:07:05.062, 0, 52, 1189 MHz, 40.27 W, 95 %, 10553 MiB
2026/10/03 00:07:05.066, 1, 59, 1252 MHz, 103.88 W, 51 %, 10551 MiB
2026/10/03 00:07:05.069, 2, 58, 1189 MHz, 48.40 W, 40 %, 10571 MiB
2026/10/03 00:07:06.072, 0, 52, 1227 MHz, 57.61 W, 95 %, 10553 MiB
2026/10/03 00:07:06.075, 1, 59, 1189 MHz, 93.55 W, 51 %, 10551 MiB
2026/10/03 00:07:06.086, 2, 57, 1252 MHz, 77.59 W, 45 %, 10571 MiB
2026/10/03 00:07:07.090, 0, 52, 1189 MHz, 44.95 W, 94 %, 10553 MiB
2026/10/03 00:07:07.094, 1, 58, 1189 MHz, 105.10 W, 43 %, 10551 MiB
2026/10/03 00:07:07.097, 2, 57, 1316 MHz, 49.54 W, 44 %, 10571 MiB
2026/10/03 00:07:08.100, 0, 52, 1202 MHz, 44.47 W, 77 %, 10553 MiB
2026/10/03 00:07:08.108, 1, 59, 1189 MHz, 108.45 W, 39 %, 10551 MiB
2026/10/03 00:07:08.111, 2, 57, 1252 MHz, 71.40 W, 53 %, 10571 MiB
2026/10/03 00:07:09.114, 0, 52, 1202 MHz, 76.27 W, 98 %, 10553 MiB
2026/10/03 00:07:09.117, 1, 59, 1215 MHz, 44.58 W, 39 %, 10551 MiB
2026/10/03 00:07:09.120, 2, 57, 1278 MHz, 62.07 W, 43 %, 10571 MiB
2026/10/03 00:07:10.123, 0, 52, 1202 MHz, 135.49 W, 83 %, 10553 MiB
2026/10/03 00:07:10.126, 1, 59, 1151 MHz, 65.32 W, 47 %, 10551 MiB
2026/10/03 00:07:10.134, 2, 57, 1164 MHz, 90.92 W, 42 %, 10571 MiB
2026/10/03 00:07:11.142, 0, 52, 1189 MHz, 94.39 W, 91 %, 10553 MiB
2026/10/03 00:07:11.145, 1, 59, 1215 MHz, 49.73 W, 44 %, 10551 MiB
2026/10/03 00:07:11.149, 2, 57, 1189 MHz, 51.99 W, 50 %, 10571 MiB
2026/10/03 00:07:12.157, 0, 52, 1265 MHz, 64.12 W, 93 %, 10553 MiB
2026/10/03 00:07:12.159, 1, 59, 1252 MHz, 150.16 W, 42 %, 10551 MiB
2026/10/03 00:07:12.166, 2, 57, 1227 MHz, 123.63 W, 43 %, 10571 MiB
2026/10/03 00:07:13.169, 0, 52, 1202 MHz, 49.44 W, 91 %, 10553 MiB
2026/10/03 00:07:13.173, 1, 59, 1189 MHz, 114.28 W, 49 %, 10551 MiB
2026/10/03 00:07:13.177, 2, 58, 1227 MHz, 94.45 W, 42 %, 10571 MiB
2026/10/03 00:07:14.185, 0, 52, 1303 MHz, 46.43 W, 78 %, 10553 MiB
2026/10/03 00:07:14.190, 1, 59, 1202 MHz, 38.65 W, 38 %, 10551 MiB
2026/10/03 00:07:14.198, 2, 58, 1189 MHz, 58.06 W, 47 %, 10571 MiB
2026/10/03 00:07:15.202, 0, 52, 1252 MHz, 82.59 W, 92 %, 10553 MiB
2026/10/03 00:07:15.207, 1, 59, 1227 MHz, 47.15 W, 64 %, 10551 MiB
2026/10/03 00:07:15.211, 2, 58, 1202 MHz, 63.87 W, 44 %, 10571 MiB
2026/10/03 00:07:16.214, 0, 52, 1252 MHz, 46.81 W, 76 %, 10553 MiB
2026/10/03 00:07:16.217, 1, 59, 1189 MHz, 87.18 W, 40 %, 10551 MiB
2026/10/03 00:07:16.223, 2, 57, 1189 MHz, 87.39 W, 57 %, 10571 MiB
2026/10/03 00:07:17.226, 0, 52, 1278 MHz, 44.95 W, 91 %, 10553 MiB
2026/10/03 00:07:17.233, 1, 59, 1252 MHz, 118.88 W, 64 %, 10551 MiB
2026/10/03 00:07:17.236, 2, 58, 1240 MHz, 46.98 W, 44 %, 10571 MiB
2026/10/03 00:07:18.239, 0, 52, 1303 MHz, 143.27 W, 95 %, 10553 MiB
2026/10/03 00:07:18.242, 1, 59, 1151 MHz, 104.12 W, 33 %, 10551 MiB
2026/10/03 00:07:18.245, 2, 57, 1303 MHz, 161.05 W, 50 %, 10571 MiB
2026/10/03 00:07:19.255, 0, 52, 1189 MHz, 46.61 W, 89 %, 10553 MiB
2026/10/03 00:07:19.258, 1, 59, 1265 MHz, 77.69 W, 49 %, 10551 MiB
2026/10/03 00:07:19.261, 2, 58, 1202 MHz, 87.91 W, 56 %, 10571 MiB
2026/10/03 00:07:20.264, 0, 52, 1265 MHz, 52.48 W, 91 %, 10553 MiB
2026/10/03 00:07:20.268, 1, 59, 1278 MHz, 116.78 W, 45 %, 10551 MiB
2026/10/03 00:07:20.273, 2, 57, 1189 MHz, 44.62 W, 47 %, 10571 MiB
2026/10/03 00:07:21.278, 0, 52, 1303 MHz, 156.02 W, 91 %, 10553 MiB
2026/10/03 00:07:21.286, 1, 59, 1278 MHz, 69.76 W, 43 %, 10551 MiB
2026/10/03 00:07:21.289, 2, 58, 1189 MHz, 112.84 W, 36 %, 10571 MiB
2026/10/03 00:07:22.299, 0, 52, 1215 MHz, 45.42 W, 91 %, 10553 MiB
2026/10/03 00:07:22.303, 1, 59, 1202 MHz, 107.12 W, 39 %, 10551 MiB
2026/10/03 00:07:22.307, 2, 57, 1189 MHz, 82.39 W, 51 %, 10571 MiB
2026/10/03 00:07:23.314, 0, 52, 1189 MHz, 71.95 W, 93 %, 10553 MiB
2026/10/03 00:07:23.317, 1, 59, 1265 MHz, 153.58 W, 47 %, 10551 MiB
2026/10/03 00:07:23.320, 2, 57, 1189 MHz, 105.75 W, 44 %, 10571 MiB
2026/10/03 00:07:24.324, 0, 51, 1328 MHz, 39.14 W, 0 %, 283 MiB
2026/10/03 00:07:24.327, 1, 58, 1328 MHz, 41.50 W, 0 %, 283 MiB
2026/10/03 00:07:24.330, 2, 56, 1328 MHz, 44.72 W, 0 %, 283 MiB
2026/10/03 00:07:25.333, 0, 50, 1328 MHz, 39.12 W, 0 %, 0 MiB
2026/10/03 00:07:25.336, 1, 57, 1328 MHz, 41.00 W, 0 %, 0 MiB
2026/10/03 00:07:25.339, 2, 56, 1328 MHz, 44.45 W, 0 %, 0 MiB
